target_conductivity,repeat,generation_idx,mol_smiles,duplicate,diversity,validity,has_two_ends
1,5,34,O=C([Au])OCCCCCN[Cu],False,novel,ok,True
1,5,34,COCC(CN(C)CCCO[Cu])OC(=O)[Au],False,In the original data set,ok,True
1,5,34,CC(NCC(=O)OCCO[Cu])C(C)OC(=O)[Au],False,novel,ok,True
1,5,34,CCC(CN(C)CCO[Cu])OC(=O)[Au],False,novel,ok,True
1,5,34,CC(CSCC(C)OC(=O)[Au])O[Cu],False,In the original data set,ok,True
1,5,34,O=C([Au])NCCCNCCCO[Cu],False,In the original data set,ok,True
1,5,34,C=CCN(CCC#N)CC(COC(=O)[Au])O[Cu],False,novel,ok,True
1,5,34,CN(CCCO[Cu])C(=O)OCCOCCOC(=O)[Au],False,novel,ok,True
1,5,34,C=CC(CO[Cu])NCCCCCOC(=O)[Au],False,In the original data set,ok,True
1,5,34,CCN(CC)(CCO[Cu])CCOC(=O)[Au],False,novel,"Explicit valence for atom # 2 N, 4, is greater than permitted",True
1,5,34,C=CCCN(CCNC(=O)[Au])CCO[Cu],False,novel,ok,True
1,5,34,CCOCCC(CNC(C)CO[Cu])OC(=O)[Au],False,In the original data set,ok,True
1,5,34,O=C([Au])OCCCSCCO[Cu],False,In the original data set,ok,True
1,5,34,O=C([Au])NCCCNCCCNCCN[Cu],False,novel,ok,True
1,5,34,CN(CCCCOC(=O)[Au])CCOCCO[Cu],False,In the original data set,ok,True
1,5,34,CC(CO[Cu])N(C)CCOCCOC(=O)[Au],False,In the original data set,ok,True
1,5,34,C=CC(CN(CCF)CCOC(=O)[Au])O[Cu],False,novel,ok,True
1,5,34,C=CCCC(CNCCCCO[Cu])OC(=O)[Au],False,In the original data set,ok,True
1,5,34,C=CC(CCNCCCC(C=O)[Au])O[Cu],False,novel,ok,True
1,5,34,COCC=CCCC(=O)NC(CO[Cu])OC(=O)[Au],False,novel,ok,True
1,5,34,NC(=O)CN(CCCO[Cu])CCOC(=O)[Au],False,In the original data set,ok,True
1,5,34,NC(=O)CNCC(CO[Cu])OC(=O)[Au],False,In the original data set,ok,True
1,5,34,CC(CO[Cu])OC(C)COC(=O)[Au],False,In the original data set,ok,True
1,5,34,CC(C)OCCN(CCN[Cu])CC(CNC(=O)[Au],False,novel,SMILES Parse Error: extra open parentheses for input: 'CC(C)OCCN(CCN[Cu])CC(CNC(=O)[Au]',True
1,5,34,N#CCCCCNCC(C(COC(=O)[Au])O[Cu])OC,False,novel,ok,True
1,5,34,CC(CN[Cu])N(C)CCOCCNC(=O)[Au],False,In the original data set,ok,True
1,5,34,C=CCCCN(CCO[Cu])CCOC(=O)[Au],False,In the original data set,ok,True
1,5,34,O=C([Au])OCCCNCCO[Cu],False,novel,ok,True
1,5,34,CSCCN(C)CC(CO[Cu])OC(=O)[Au],False,In the original data set,ok,True
1,5,34,CCC(CNCCCOCCOC(=O)[Au])O[Cu],False,In the original data set,ok,True
1,5,34,O=C([Au])OCC(CO[Cu])NCCCCCF,False,In the original data set,ok,True
1,5,34,CN(CCCCCOC(=O)[Au])CCCO[Cu],False,In the original data set,ok,True
1,5,34,O=C([Au])OCCOCCOCCO[Cu],False,In the original data set,ok,True
1,5,34,CN(CCN(C)CCO[Cu])CCOC(=O)[Au],False,novel,ok,True
1,5,34,CCOC(=O)C(CNC(=O)[Au])N[Cu],False,In the original data set,ok,True
1,5,34,O=C([Au])NCCNCCNCCCN[Cu],False,In the original data set,ok,True
1,5,34,CCC(CNCC=CCO[Cu])OC(=O)[Au],False,In the original data set,ok,True
1,5,34,O=C([Au])OCCCOCCCO[Cu],False,In the original data set,ok,True
1,5,34,CCSCCN(CCN[Cu])CC(COC(=O)[Au],False,novel,SMILES Parse Error: extra open parentheses for input: 'CCSCCN(CCN[Cu])CC(COC(=O)[Au]',True
1,5,34,O=C(CCCCOC(=O)[Au])CNOCCO[Cu],False,novel,ok,True
1,5,34,CC(C)COCC(CNCCN[Cu])OC(=O)[Au],False,novel,ok,True
1,5,34,O=C([Au])OCCSCCSCCO[Cu],False,In the original data set,ok,True
1,5,34,CCN(CCN(C)CCO[Cu])C(C)OC(=O)[Au],False,novel,ok,True
1,5,34,CCN(CCO[Cu])CCOCCOC(=O)[Au],False,novel,ok,True
1,5,34,C=CCN(CC#N)CC(COC(=O)[Au])O[Cu],False,novel,ok,True
1,5,34,O=C([Au])NCCNC(=O)CCN[Cu],False,novel,ok,True
1,5,34,COCC(CNCCCOC(=O)[Au])O[Cu],False,novel,ok,True
1,5,34,O=C([Au])OCCCCCCCCCO[Cu],False,In the original data set,ok,True
1,5,34,CN(CCOCCO[Cu])CCOC(=O)[Au],False,novel,ok,True
1,5,34,CSCCN(CCOC(=O)[Au])CO[Cu],False,novel,ok,True
1,5,34,O=C(CCCCCOC(=O)[Au])OCCO[Cu],False,novel,ok,True
1,5,34,CCCCN(CC#N)CC(CO[Cu])OC(=O)[Au],False,novel,ok,True
1,5,34,N#CCCCCN(CCO[Cu])CCOC(=O)[Au],False,In the original data set,ok,True
1,5,34,CCN(CCCO[Cu])CCOC(=O)[Au],False,novel,ok,True
1,5,34,O=C([Au])NCC(N[Cu])C(=O)NCCF,False,novel,ok,True
1,5,34,COCC(CN(C)CCO[Cu])OC(=O)[Au],False,In the original data set,ok,True
1,5,34,CC#CCCN(CCNC(=O)[Au])CO[Cu],False,novel,ok,True
1,5,34,O=C(COCCOC(=O)[Au])NCCOCC[Au])O[Cu],False,novel,"SMILES Parse Error: extra close parentheses while parsing: O=C(COCCOC(=O)[Au])NCCOCC[Au])O[Cu]
[17:21:12] SMILES Parse Error: Failed parsing SMILES 'O=C(COCCOC(=O)[Au])NCCOCC[Au])O[Cu]' for input: 'O=C(COCCOC(=O)[Au])NCCOCC[Au])O[Cu]'",False
1,5,34,O=C([Au])OCCNCCCO[Cu],False,In the original data set,ok,True
1,5,34,CCOCC(CN(C)CCOC(=O)[Au])O[Cu],False,novel,ok,True
1,5,34,CC(NCCN(C)CCOC(=O)[Au])C(C)O[Cu],False,In the original data set,ok,True
1,5,34,C#CCN(CCOCCO[Cu])COC(=O)[Au],False,novel,ok,True
1,5,34,O=C([Au])OCCSCCSCCO[Cu],True,In the original data set,ok,True
1,5,34,CCOCCNC(O[Cu])C(=O)C(COC(=O)[Au],False,novel,SMILES Parse Error: extra open parentheses for input: 'CCOCCNC(O[Cu])C(=O)C(COC(=O)[Au]',True
1,5,34,O=C([Au])OCCSCCCO[Cu],False,novel,ok,True
1,5,34,O=C([Au])NCCOCCCN[Cu],False,novel,ok,True
1,5,34,O=C(CO[Cu])NCCCCCOC(=O)[Au],False,In the original data set,ok,True
1,5,34,O=C([Au])OCCOCCOCCN[Cu],False,In the original data set,ok,True
1,5,34,CC(C)COCC(CNC(=O)[Au])O[Cu],False,In the original data set,ok,True
1,5,34,O=C([Au])OCCN(CCCCCS(=O)O)CO[Cu],False,novel,ok,True
1,5,34,O=C([Au])NCCNCCNCCNCN[Cu],False,novel,ok,True
1,5,34,O=C([Au])OCCOCCCCO[Cu],False,novel,ok,True
1,5,34,C=CCN(CCC#N)CC(CO[Cu])OC(=O)[Au],False,In the original data set,ok,True
1,5,34,CC(NCCOCCCOC(=O)[Au])C(C)O[Cu],False,novel,ok,True
1,5,34,O=C([Au])OCCCOCCCCCO[Cu],False,novel,ok,True
1,5,34,C=CCOCCN(CCO[Cu])CCOC(=O)[Au],False,In the original data set,ok,True
1,5,34,C=CCOCCNC(CO[Cu])COC(=O)[Au],False,In the original data set,ok,True
1,5,34,CCOCCN(C)CC(CO[Cu])OC(=O)[Au],False,In the original data set,ok,True
1,5,34,O=C([Au])OCCCO[Cu],False,In the original data set,ok,True
1,5,34,CSCCNCCNCC(CO[Cu])OC(=O)[Au],False,novel,ok,True
1,5,34,COCCN(C)CC(CNC(=O)[Au])O[Cu],False,novel,ok,True
1,5,34,C=CC(CNCC#C)CC(CO[Cu])OC(=O)[Au],False,novel,ok,True
1,5,34,O=C([Au])NCCCCNCCCCNCCN[Cu],False,novel,ok,True
1,5,34,CC(C)CN(C)CCO[Cu])NC(=O)[Au],False,novel,"SMILES Parse Error: extra close parentheses while parsing: CC(C)CN(C)CCO[Cu])NC(=O)[Au]
[17:21:12] SMILES Parse Error: Failed parsing SMILES 'CC(C)CN(C)CCO[Cu])NC(=O)[Au]' for input: 'CC(C)CN(C)CCO[Cu])NC(=O)[Au]'",True
1,5,34,COCCN(CCOC(=O)[Au])CCO[Cu],False,novel,ok,True
1,5,34,COCCCCCN(CCO[Cu])CC(C)OC(=O)[Au],False,novel,ok,True
1,5,34,O=C([Au])OCCC(=O)NCC=CCC[Cu],False,novel,ok,True
1,5,34,CC(C)N(C)CC(=O)CC(CNC(=O)[Au])O[Cu],False,novel,ok,True
1,5,34,CC(CCCOC(=O)[Au])NCCCCCO[Cu],False,novel,ok,True
1,5,34,CCN(CCOCCO[Cu])C(=O)CCOC(=O)[Au],False,novel,ok,True
1,5,34,CN(CCOCNC(=O)[Au])COCCO[Cu],False,novel,ok,True
1,5,34,N#CCCN(CCO[Cu])COC(=O)[Au],False,novel,ok,True
1,5,34,O=C([Au])OCCCCCO[Cu],False,In the original data set,ok,True
1,5,34,CSCC(CNCCCCO[Cu])OC(=O)[Au],False,In the original data set,ok,True
1,5,34,CC(C)N(CCO[Cu])CCOCCNC(=O)[Au],False,In the original data set,ok,True
1,5,34,CC(C)(CNCCCCCCNC(=O)[Au])N[Cu],False,In the original data set,ok,True
1,5,34,C#CCN(CCC#N)CC(COC(=O)[Au])O[Cu],False,novel,ok,True
1,5,34,CC(CNCCN(C)C)CCO[Cu])OC(=O)[Au],False,novel,"SMILES Parse Error: extra close parentheses while parsing: CC(CNCCN(C)C)CCO[Cu])OC(=O)[Au]
[17:21:12] SMILES Parse Error: Failed parsing SMILES 'CC(CNCCN(C)C)CCO[Cu])OC(=O)[Au]' for input: 'CC(CNCCN(C)C)CCO[Cu])OC(=O)[Au]'",True
1,5,34,CCC(CNCCOCCCO[Cu])OC(=O)[Au],False,In the original data set,ok,True
1,5,34,CN(CCCN[Cu])CCOCCNC(=#N)[Au],False,novel,"SMILES Parse Error: syntax error while parsing: CN(CCCN[Cu])CCOCCNC(=#N)[Au]
[17:21:12] SMILES Parse Error: Failed parsing SMILES 'CN(CCCN[Cu])CCOCCNC(=#N)[Au]' for input: 'CN(CCCN[Cu])CCOCCNC(=#N)[Au]'",True
1,5,34,CCN(CCCOCCO[Cu])COC(=O)[Au],False,novel,ok,True
1,5,34,CC(CN(C)CCOCCN[Cu])OC(=O)[Au],False,In the original data set,ok,True
1,5,34,O=C([Au])OCCSCCSCCO[Cu],True,In the original data set,ok,True
1,5,34,C=CC(CNCCCOCCOC(=O)[Au])O[Cu],False,In the original data set,ok,True
1,5,34,O=C([Au])NCCNCCNCCNCCN[Cu],False,In the original data set,ok,True
1,5,34,CC(CNC(=O)NCCOC(=O)[Au])N[Cu],False,novel,ok,True
1,5,34,O=C([Au])OCCOCCCCN[Cu],False,novel,ok,True
1,5,34,O=C([Au])NCCNCCC=NCCCN[Cu],False,novel,ok,True
1,5,34,O=C([Au])OCCOCCNCCCOCCO[Cu],False,novel,ok,True
1,5,34,CN(CCCO[Cu])CC(COC)OC(=O)[Au],False,novel,ok,True
1,5,34,N#CCN(CCOCCOC(=O)[Au])CO[Cu],False,novel,ok,True
1,5,34,CN(CCCN[Cu])CCOCCOC(=O)[Au],False,novel,ok,True
1,5,34,O=C([Au])NCCNCCNCCN[Cu],False,In the original data set,ok,True
1,5,34,CC(C)N(CCO[Cu])CCOC(=O)[Au],False,In the original data set,ok,True
1,5,34,CN(CCO[Cu])CCOCC(=O)[Au],False,novel,ok,True
1,5,34,CC(C)OCCNC(=O)C(CO[Cu])NC(=O)[Au],False,novel,ok,True
1,5,34,C=CC(CO[Cu])NCCCC(COC(=O)[Au],False,novel,SMILES Parse Error: extra open parentheses for input: 'C=CC(CO[Cu])NCCCC(COC(=O)[Au]',True
1,5,34,COCCOCC(CNCC(C)OC(=O)[Au])O[Cu],False,novel,ok,True
1,5,34,CC(CN(C)CCO[Cu])OCCOC(=O)[Au],False,novel,ok,True
1,5,34,C=CCN(CCOCCO[Cu])CCOC(=O)[Au],False,novel,ok,True
1,5,34,CC(C)OCC(CNCCO[Cu])OC(=O)[Au],False,novel,ok,True
1,5,34,C=CC(CO[Cu])NOCCOCCOC(=O)[Au],False,novel,ok,True
1,5,34,CC(CONC(C)CCO[Cu])NC(=O)[Au],False,novel,ok,True
1,5,34,N#CCCCCN(CCO[Cu])CCOC(=O)[Au],True,In the original data set,ok,True
1,5,34,CC(C)COCC(CNCCO[Cu])OC(=O)[Au],False,novel,ok,True
1,5,34,C=CCN(CCNC(=O)[Au])CCO[Cu],False,In the original data set,ok,True
1,5,34,CN(CCOCC(=O)[Au])CCOCCO[Cu],False,novel,ok,True
1,5,34,COCCOCC(CNC(C)COC(=O)[Au])CO[Cu],False,novel,ok,True
1,5,34,CN(CCCOC(=O)[Au])CCOCCO[Cu],False,novel,ok,True
1,5,34,CCON(CCOCCO[Cu])CCOCC(=O)[Au],False,novel,ok,True
1,5,34,O=C([Au])OCCCCOCCCCO[Cu],False,In the original data set,ok,True
1,5,34,CCN(CCCOCCO[Cu])CCOC(=O)[Au],False,novel,ok,True
1,5,34,C=C(CO[Cu])C(=O)NCCCOC(=O)[Au],False,In the original data set,ok,True
1,5,34,O=C([Au])OCCCCCOCCCCCO[Cu],False,In the original data set,ok,True
1,5,34,C#=OCC(OC(=O)[Au])C(=O)NCCCO[Cu],False,novel,"SMILES Parse Error: syntax error while parsing: C#=OCC(OC(=O)[Au])C(=O)NCCCO[Cu]
[17:21:12] SMILES Parse Error: Failed parsing SMILES 'C#=OCC(OC(=O)[Au])C(=O)NCCCO[Cu]' for input: 'C#=OCC(OC(=O)[Au])C(=O)NCCCO[Cu]'",True
1,5,34,C=CCN(CCO[Cu])CCOCCNC(=O)[Au],False,novel,ok,True
1,5,34,CC(CN[Cu])N(C)CCOCCNC(=O)[Au],True,In the original data set,ok,True
1,5,34,CN(CCCCCOC(=O)[Au])CCCO[Cu],True,In the original data set,ok,True
1,5,34,O=C(COCCN[Cu])NCCCOC(=O)[Au],False,novel,ok,True
1,5,34,O=C([Au])OCCCCCN[Cu],True,novel,ok,True
1,5,34,COCC(CO[Cu])OC(=O)[Au],False,In the original data set,ok,True
1,5,34,COCCC(CNCCC(C)O[Cu])COC(=O)[Au],False,novel,ok,True
1,5,34,O=C([Au])NCCCOCCCO[Cu],False,novel,ok,True
1,5,34,O=C([Au])OCCOCCO[Cu],False,In the original data set,ok,True
1,5,34,CC(CCOC(C)CCOC(=O)[Au])OCCO[Cu],False,novel,ok,True
1,5,34,CN(CCCCCCOC(=O)[Au])CCCO[Cu],False,In the original data set,ok,True
1,5,34,CC(COC(C)COC(C)COC(=O)[Au])O[Cu],False,In the original data set,ok,True
1,5,34,C=CCCCCN(CCN[Cu])CCNC(=O)[Au],False,In the original data set,ok,True
1,5,34,CCCN(CCOCCO[Cu])CCOC(=O)[Au],False,In the original data set,ok,True
1,5,34,O=C([Au])NCCSCCSCC(=O)O[Cu],False,novel,ok,True
1,5,34,CCSCC(CO[Cu])OC(C)OC(=S)[Au],False,novel,ok,True
1,5,34,CC(CCN(C)CCOCCOC(=O)[Au])O[Cu],False,In the original data set,ok,True
1,5,34,N#CCOCCN(CCO[Cu])CCOC(=O)[Au],False,novel,ok,True
1,5,34,CN(CCCCOC(=O)[Au])CCOCCO[Cu],True,In the original data set,ok,True
1,5,34,CC(COCCOC(=O)[Au])OCCO[Cu],False,In the original data set,ok,True
1,5,34,COCC(CNCCOC(=O)[Au])O[Cu],False,In the original data set,ok,True
1,5,34,C=CCN(CCC#N)CC(CO[Cu])OC(=O)[Au],True,In the original data set,ok,True
1,5,34,O=C([Au])NCC=O)CCNCCCN[Cu],False,novel,"SMILES Parse Error: extra close parentheses while parsing: O=C([Au])NCC=O)CCNCCCN[Cu]
[17:21:12] SMILES Parse Error: Failed parsing SMILES 'O=C([Au])NCC=O)CCNCCCN[Cu]' for input: 'O=C([Au])NCC=O)CCNCCCN[Cu]'",True
1,5,34,O=C([Au])OCCCSCCCCO[Cu],False,novel,ok,True
1,5,34,CN(CCCCCCCO[Cu])CCOC(=O)[Au],False,In the original data set,ok,True
1,5,34,CN(CCCCCOC(=O)[Au])CCCO[Cu],True,In the original data set,ok,True
1,5,34,CN(CCCO[Cu])CCOCCOC(=O)[Au],False,In the original data set,ok,True
1,5,34,CC(CO[Cu])OC(C)COC(=O)[Au],True,In the original data set,ok,True
1,5,34,COC(CN(C)CCOCCOC(=O)[Au])O[Cu],False,novel,ok,True
1,5,34,CN(CCNC(=O)COC(=O)[Au])CCO[Cu],False,In the original data set,ok,True
1,5,34,O=C(COCCN[Cu])NCC(CF)OC(=O)[Au],False,novel,ok,True
1,5,34,CSCCN(CCNC(=O)[Au])CCN[Cu],False,novel,ok,True
1,5,34,CC(C)(CNCCCCCCNC(=O)[Au])N[Cu],True,In the original data set,ok,True
1,5,34,C=CC(COC(=O)[Au])NCCOCCO[Cu],False,In the original data set,ok,True
1,5,34,COCCOCCNC(CO[Cu])COC(=O)[Au],False,In the original data set,ok,True
1,5,34,O=C(COCCO[Cu])NCCC(C=O)[Au],False,novel,ok,True
1,5,34,CN(CC(=O)C)NCC(CO[Cu])OC(=O)[Au],False,novel,ok,True
1,5,34,CCN(CCO[Cu])CCOCCOC(=O)[Au],True,novel,ok,True
1,5,34,CC(CCOC(=O)[Au])O[Cu],False,novel,ok,True
1,5,34,C=CCN(CCCO[Cu])CC(C)(C)OC(=O)[Au],False,novel,ok,True
1,5,34,CC(CCOC(=O)[Au])SCCCCCO[Cu],False,novel,ok,True
1,5,34,COCC(CNCCC(C)OC(=O)[Au])O[Cu],False,In the original data set,ok,True
1,5,34,O=C([Au])OCCN(CCNCC(=O)C)CO[Cu],False,novel,ok,True
1,5,34,COCCC(CNN(C)CCOC(=O)[Au])N[Cu],False,novel,ok,True
1,5,34,CC#CCN(CCCOC(=O)[Au])CCO[Cu],False,novel,ok,True
1,5,34,COCCOCC(CNC(COC(=O)[Au])C)O[Cu],False,novel,ok,True
1,5,34,O=C([Au])OCCSCCSCCCO[Cu],False,novel,ok,True
1,5,34,CCN(CCCOC(=O)[Au])CCOCCO[Cu],False,novel,ok,True
1,5,34,C=CCCCN(CCO[Cu])CCOC(=O)[Au],True,In the original data set,ok,True
1,5,34,O=C(CCO[Cu])NCCCCOC(=O)[Au],False,novel,ok,True
1,5,34,N#CCCCCNC(CO[Cu])CNC(=O)[Au],False,novel,ok,True
1,5,34,C=C(CO[Cu])C(=O)OCCOC(=O)[Au],False,novel,ok,True
1,5,34,CC(CN(CCO[Cu])CCOCC)OC(=O)[Au],False,novel,ok,True
1,5,34,C=CC(CO[Cu])NCCCCOC(=O)[Au],False,In the original data set,ok,True
1,5,34,O=C([Au])OCC(O[Cu])NCCCC(F)F,False,novel,ok,True
1,5,34,CC(CCCOC(=O)[Au])NCCCO[Cu],False,novel,ok,True
1,5,34,O=C([Au])OCCCCCCCO[Cu],False,In the original data set,ok,True
1,5,34,CSCCN(C)CC(CO[Cu])OC(=O)[Au],True,In the original data set,ok,True
1,5,34,CCOCC(CN(C)CCO[Cu])OC(=O)[Au],False,In the original data set,ok,True
1,5,34,CCOCCN(CCO[Cu])CCOC(=O)[Au],False,novel,ok,True
1,5,34,CCOC(=O)CNC(CO[Cu])C(C)OC(=O)[Au],False,novel,ok,True
1,5,34,O=C([Au])OCCCCCO[Cu],True,In the original data set,ok,True
1,5,34,COCC(CNCC=CCO[Cu])OC(=O)[Au],False,novel,ok,True
1,5,34,CSCC(CO[Cu])NCCCCOC(=O)[Au],False,novel,ok,True
1,5,34,COCC(CNCCCO[Cu])OC(=O)[Au],False,In the original data set,ok,True
1,5,34,CCN(CCO[Cu])CCOCCNC(=O)[Au],False,novel,ok,True
1,5,34,CCC(COC(=O)[Au])N(C)CCOCCO[Cu],False,In the original data set,ok,True
1,5,34,O=C([Au])OCC(N[Cu])C(=O)CO,False,novel,ok,True
1,5,34,COCCN(CCO[Cu])CCOC(=O)[Au],False,In the original data set,ok,True
1,5,34,CN(CCCOC(=O)[Au])CCOCCO[Cu],True,novel,ok,True
1,5,34,CC(C)OCCN(CCN[Cu])CCOC(=O)[Au],False,In the original data set,ok,True
1,5,34,CC(CNC(=O)CCO[Cu])OC(=O)[Au],False,In the original data set,ok,True
1,5,34,O=C([Au])NCCSCCCN[Cu],False,novel,ok,True
1,5,34,O=C([Au])OCCSCCCO[Cu],True,novel,ok,True
1,5,34,CN(CCO[Cu])COCCNC(=O)[Au],False,novel,ok,True
1,5,34,O=C([Au])OCCCCCCF,False,novel,More than two ends,False
1,5,34,CC(CNCCCOCCOC(=O)[Au])O[Cu],False,In the original data set,ok,True
1,5,34,CC(C)N(CCOC(=O)[Au])CCOC)O[Cu],False,novel,"SMILES Parse Error: extra close parentheses while parsing: CC(C)N(CCOC(=O)[Au])CCOC)O[Cu]
[17:21:12] SMILES Parse Error: Failed parsing SMILES 'CC(C)N(CCOC(=O)[Au])CCOC)O[Cu]' for input: 'CC(C)N(CCOC(=O)[Au])CCOC)O[Cu]'",True
1,5,34,CCSCCN(CCN[Cu])CCNC(=O)[Au],False,novel,ok,True
1,5,34,COCCN(CCO[Cu])CC(COC(=O)[Au],False,novel,SMILES Parse Error: extra open parentheses for input: 'COCCN(CCO[Cu])CC(COC(=O)[Au]',True
1,5,34,CN(CCOCCN[Cu])CC(C)(C)(C)OC(=O)[Au],False,novel,"Explicit valence for atom # 10 C, 5, is greater than permitted",True
1,5,34,COCC(CO[Cu])NC(COC(=O)[Au],False,novel,SMILES Parse Error: extra open parentheses for input: 'COCC(CO[Cu])NC(COC(=O)[Au]',True
1,5,34,CC(COC(C)COC(C)CO[Cu])OC(=O)[Au],False,novel,ok,True
1,5,34,CC(C)(CNCCCCCCN[Cu])NC(=O)[Au],False,novel,ok,True
1,5,34,O=C([Au])NCCNCCN[Cu],False,In the original data set,ok,True
1,5,34,C=CCCC(CN(C)CCO[Cu])OC(=O)[Au],False,novel,ok,True
1,5,34,O=C([Au])OCCSCCO[Cu],False,In the original data set,ok,True
1,5,34,NC(=O)CC(=O)NCC(COC(=O)[Au])O[Cu],False,novel,ok,True
1,5,34,C=CCCN(CCO[Cu])CCOC(=O)[Au],False,In the original data set,ok,True
1,5,34,C#CCOCCN(C)CC(COC(=O)[Au])O[Cu],False,In the original data set,ok,True
1,5,34,O=C([Au])OCCNCCCOC(=O)CO[Cu],False,novel,ok,True
1,5,34,CNCCN(CCN[Cu])CCN[Cu])OC(=O)[Au],False,novel,"SMILES Parse Error: extra close parentheses while parsing: CNCCN(CCN[Cu])CCN[Cu])OC(=O)[Au]
[17:21:12] SMILES Parse Error: Failed parsing SMILES 'CNCCN(CCN[Cu])CCN[Cu])OC(=O)[Au]' for input: 'CNCCN(CCN[Cu])CCN[Cu])OC(=O)[Au]'",False
1,5,34,C=CCCCN(CCN[Cu])CCOC(=O)[Au],False,In the original data set,ok,True
1,5,34,C=CC(CO[Cu])NCCCOC(=O)[Au],False,In the original data set,ok,True
1,5,34,CC#CCN(CCCO[Cu])CCOC(=O)[Au],False,In the original data set,ok,True
1,5,34,COCCCN(CCO[Cu])CCOC(=O)[Au],False,In the original data set,ok,True
1,5,34,N#CCCCCN(CCO[Cu])CCOC(=O)[Au],True,In the original data set,ok,True
1,5,34,O=C([Au])OCCNCCCO[Cu],True,In the original data set,ok,True
1,5,34,O=C([Au])OCCOCCOCCCN[Cu],False,In the original data set,ok,True
1,5,34,C#CCOCCNCC(COC(=O)[Au])O[Cu],False,novel,ok,True
1,5,34,CCN(CC(C)COCCOC(=O)[Au])O[Cu],False,novel,ok,True
1,5,34,CC(CN(C)CCOCCN[Cu])OC(=O)[Au],True,In the original data set,ok,True
1,5,34,CC(C)N(CCNC(=O)[Au])CCOCCO[Cu],False,novel,ok,True
1,5,34,O=C([Au])OCCNCCCO[Cu],True,In the original data set,ok,True
1,5,34,C=CCN(CCCCOC(=O)[Au])CCO[Cu],False,novel,ok,True
1,5,34,CN(CC(=O)N(C)C)CCO[Cu])OC(=O)[Au],False,novel,"SMILES Parse Error: extra close parentheses while parsing: CN(CC(=O)N(C)C)CCO[Cu])OC(=O)[Au]
[17:21:12] SMILES Parse Error: Failed parsing SMILES 'CN(CC(=O)N(C)C)CCO[Cu])OC(=O)[Au]' for input: 'CN(CC(=O)N(C)C)CCO[Cu])OC(=O)[Au]'",True
1,5,34,CCC(CN(C)CCO[Cu])OC(=O)[Au])OC,False,novel,"SMILES Parse Error: extra close parentheses while parsing: CCC(CN(C)CCO[Cu])OC(=O)[Au])OC
[17:21:12] SMILES Parse Error: Failed parsing SMILES 'CCC(CN(C)CCO[Cu])OC(=O)[Au])OC' for input: 'CCC(CN(C)CCO[Cu])OC(=O)[Au])OC'",True
1,5,34,CCCN(CCCOC(=O)[Au])CCO[Cu],False,In the original data set,ok,True
1,5,34,C=CC(CN(CCOC(=O)[Au])CC)CO[Cu],False,novel,ok,True
1,5,34,CN(CCCCCOC(=O)[Au])CCO[Cu],False,In the original data set,ok,True
1,5,34,O=C([Au])NCCCCNCCCN[Cu],False,In the original data set,ok,True
1,5,34,O=C([Au])OCCOCCOCCCO[Cu],False,novel,ok,True
1,5,34,CCN(CCCOCCO[Cu])CCOC(=O)[Au],True,novel,ok,True
1,5,34,CC(CNCCCN(C)CO[Cu])OC(=O)[Au],False,novel,ok,True
1,5,34,O=C([Au])OCC(=O)NCCCOCCO[Cu],False,novel,ok,True
1,5,34,O=C([Au])NCCSCCSCCN[Cu],False,In the original data set,ok,True
1,5,34,CC(CCOC(=O)[Au])NCCOCCO[Cu],False,In the original data set,ok,True
1,5,34,CCCC(=O)NCC(CN[Cu])OC(=O)[Au],False,novel,ok,True
1,5,34,CC(CN[Cu])N(C)CCOCCNC(=O)[Au],True,In the original data set,ok,True
1,5,34,O=C([Au])OCCCN(CF)CCO[Cu],False,novel,ok,True
1,5,34,CC(CO[Cu])OCCCCCOC(=O)[Au],False,novel,ok,True
1,5,34,NC(=O)CNC(CO[Cu])CNC(=O)[Au],False,novel,ok,True
1,5,34,O=C([Au])OCCSCCSCCO[Cu],True,In the original data set,ok,True
1,5,34,C=CCN(CCO[Cu])CCOCCOC(=O)[Au],False,In the original data set,ok,True
1,5,34,COCCCC(=O)NCC(CN[Cu])OC(=O)[Au],False,In the original data set,ok,True
1,5,34,O=C([Au])OCCNCCO[Cu],False,In the original data set,ok,True
1,5,34,COCC(CN(C)CCO[Cu])OC(=O)[Au],True,In the original data set,ok,True
1,5,34,CC(C)CSCCNC(CN[Cu])CNC(=O)[Au],False,novel,ok,True
1,5,34,CCOCC(CNCCCCO[Cu])OC(=O)[Au],False,novel,ok,True
1,5,34,O=C([Au])OCCCCCCCO[Cu],True,In the original data set,ok,True
1,5,34,O=C(CCO[Cu])NCCCCCOC(=O)[Au],False,In the original data set,ok,True
1,5,34,CS(=O)(=O)CNCC(COC(=O)[Au])O[Cu],False,novel,ok,True
1,5,34,CCN(CCOCCO[Cu])C(=O)[Au],False,novel,ok,True
1,5,34,O=C([Au])NCCOCCNCCNCCN[Cu],False,novel,ok,True
1,5,34,CCSCCN(CCNC(=O)[Au])CCO[Cu],False,novel,ok,True
1,5,34,COCCN(CC#N)CC(COC(=O)[Au])O[Cu],False,In the original data set,ok,True
1,5,34,CCCOCC(=O)NCC(CO[Cu])OC(=O)[Au],False,novel,ok,True
1,5,34,O=C([Au])OCSCCCCS[Cu],False,novel,ok,True
1,5,34,CSCCN(C)CC(CO[Cu])OC(=O)[Au],True,In the original data set,ok,True
1,5,34,CN(CCO[Cu])CCOCCNC(=O)[Au],False,In the original data set,ok,True
1,5,34,C=CCCN(CCOC(=O)C(=O)[Au])CN[Cu],False,novel,ok,True
1,5,34,C=CC=CCCN(CCNC(=O)[Au])CCO[Cu],False,In the original data set,ok,True
1,5,34,CC(NCCN(C)CCOC(=O)[Au])C(C)O[Cu],True,In the original data set,ok,True
1,5,34,O=C([Au])OCCOCCCN[Cu],False,In the original data set,ok,True
1,5,34,C#CN(CCOCCO[Cu])CCOC(=O)[Au],False,novel,ok,True
1,5,34,CC(CO[Cu])OCC(C)OC(=O)[Au],False,In the original data set,ok,True
1,5,34,O=C([Au])NCCNCCNCCN[Cu],True,In the original data set,ok,True
1,5,34,O=C([Au])OCCNCCO[Cu],True,In the original data set,ok,True
1,5,34,O=C([Au])NCCCSCCSCCN[Cu],False,novel,ok,True
1,5,34,O=C([Au])OCCOCCOCCOCCN[Cu],False,novel,ok,True
1,5,34,O=C([Au])OCCCCCO[Cu],True,In the original data set,ok,True
1,5,34,CC(CN(C)CCOCCN[Cu])OC(=O)[Au],True,In the original data set,ok,True
1,5,34,CN(CCC(N)=O)CC(CO[Cu])OC(=O)[Au],False,In the original data set,ok,True
1,5,34,CCN(C)CC(COC(=O)[Au])O[Cu],False,In the original data set,ok,True
1,5,34,CN(CCCCCCOC(=O)[Au])CCCO[Cu],True,In the original data set,ok,True
1,5,34,CCN(CCO[Cu])CC(COC)OC(=O)[Au],False,In the original data set,ok,True
1,5,34,C=CCCCN(C)CCC(CO[Cu])OC(=O)[Au],False,novel,ok,True
1,5,34,CC(CN(C)CCO[Cu])C(C)OC(=O)[Au],False,novel,ok,True
1,5,34,CC(C)OCCN(CCNC(=O)[Au])CCO[Cu],False,novel,ok,True
1,5,34,O=C([Au])OCCN(CCCN[Cu])CC(F)F,False,novel,ok,True
1,5,34,CN(C)CCOCC(CO[Cu])OC(=O)[Au],False,novel,ok,True
1,5,34,O=C([Au])OCC(CN[Cu])NCCC=C,False,novel,ok,True
1,5,34,O=C([Au])OCCN(CCF)CCO[Cu],False,In the original data set,ok,True
1,5,34,CCCN(C)CC(CO[Cu])OC(=O)[Au],False,In the original data set,ok,True
1,5,34,CSCCN(C)CC(COC(=O)[Au])O[Cu],False,novel,ok,True
1,5,34,CCSCCN(CN[Cu])CCOC(=O)[Au],False,novel,ok,True
1,5,34,O=C([Au])OCCC(=O)NCCO[Cu],False,novel,ok,True
1,5,34,CCN(CCCCCOC(=O)[Au])CCCO[Cu],False,In the original data set,ok,True
1,5,34,CC(COC(=O)[Au])SCCO[Cu],False,In the original data set,ok,True
1,5,34,CN(CCCOC(=O)[Au])CCO[Cu],False,In the original data set,ok,True
1,5,34,CC(C)COCC(CNC(=O)[Au])O[Cu],True,In the original data set,ok,True
1,5,34,O=C([Au])OCCCCCCCOCCO[Cu],False,novel,ok,True
1,5,34,COCCNCC(CO[Cu])OC(=O)[Au],False,In the original data set,ok,True
1,5,34,CC(CNC(=O)[Au])CSCCOCCO[Cu],False,novel,ok,True
1,5,34,O=C(O)CCNCC(CO[Cu])OC(=O)[Au],False,novel,ok,True
1,5,34,N#CCCN(CCC#N)CC(CO[Cu])OC(=O)[Au],False,In the original data set,ok,True
1,5,34,O=C([Au])OCCOCCCCCOCCO[Cu],False,novel,ok,True
1,5,34,O=C([Au])OCCCCO[Cu],False,In the original data set,ok,True
1,5,34,COC(CO[Cu])OC(=O)[Au],False,novel,ok,True
1,5,34,CCN(CCCNC(=O)[Au])CCOCCO[Cu],False,In the original data set,ok,True
1,5,34,C#CCCN(CCCOC(=O)[Au])CCO[Cu],False,In the original data set,ok,True
1,5,34,CCC(CNCCOCCCCO[Cu])OC(=O)[Au],False,novel,ok,True
1,5,34,C=CC#CCCN(CCNC(=O)[Au])CCO[Cu],False,novel,ok,True
1,5,34,CC(CN(C)CCOCCOC(=O)[Au])O[Cu],False,novel,ok,True
1,5,34,O=C([Au])OCCOCCN[Cu],False,In the original data set,ok,True
1,5,34,CC(CCN(C)CCOCCN[Cu])OC(=O)[Au],False,In the original data set,ok,True
1,5,34,CN(C)CCCN(CCN[Cu])CCNC(=O)[Au],False,novel,ok,True
1,5,34,O=C([Au])NCCCSCCN[Cu],False,novel,ok,True
1,5,34,O=C([Au])NCCCC(CO[Cu])OCCCF,False,novel,ok,True
1,5,34,CCN(CCCCO[Cu])CCOC(=O)[Au],False,In the original data set,ok,True
1,5,34,CC(C)COCCNC(CN[Cu])CNC(=O)[Au],False,In the original data set,ok,True
1,5,34,CN(CCCCOC(=O)[Au])CCOCCO[Cu],True,In the original data set,ok,True
1,5,34,COCCN(CCO[Cu])CCOC(=O)[Au],True,In the original data set,ok,True
1,5,34,O=C([Au])NCCNCCNCCNCCN[Cu],True,In the original data set,ok,True
1,5,34,CC(CN(C)CCOCCN[Cu])OC(=O)[Au],True,In the original data set,ok,True
1,5,34,O=C([Au])OC(CO[Cu])C(=O)O,False,novel,ok,True
1,5,34,CN(CCCOCCOC(=O)[Au])CCO[Cu],False,novel,ok,True
1,5,34,CN(CC(N)=O)CC(CO[Cu])OC(=O)[Au],False,In the original data set,ok,True
1,5,34,CC(C)OCCN(C)CC(CNC(=O)[Au])O[Cu],False,In the original data set,ok,True
1,5,34,C=CCOCCNCC(COC(=O)[Au])O[Cu],False,novel,ok,True
1,5,34,CC(C)C(CO[Cu])NCCCOC(=O)[Au],False,novel,ok,True
1,5,34,COCCN(CCCCO[Cu])CCOC(=O)[Au],False,novel,ok,True
1,5,34,O=C([Au])OCCOCC(=O)CCN[Cu],False,novel,ok,True
1,5,34,CC(CNCCOCCCO[Cu])OC(=O)[Au],False,In the original data set,ok,True
1,5,34,COCCC(CNCCCOC(=O)[Au])O[Cu],False,novel,ok,True
1,5,34,O=C([Au])OCCNCCO[Cu],True,In the original data set,ok,True
1,5,34,CCOCC(CN(C)CCO[Cu])OC(=O)[Au],True,In the original data set,ok,True
1,5,34,CC(CCOC(=O)[Au])N(CCOC)CCO[Cu],False,novel,ok,True
1,5,34,CCCN(CCO[Cu])CCNC(C)OC(=O)[Au],False,novel,ok,True
1,5,34,CC(CO[Cu])OCC(C)COC(=O)[Au],False,novel,ok,True
1,5,34,CN(CC(CO[Cu])NCCOC(=O)[Au],False,novel,SMILES Parse Error: extra open parentheses for input: 'CN(CC(CO[Cu])NCCOC(=O)[Au]',True
1,5,34,O=C([Au])OCCOCCN[Cu],True,In the original data set,ok,True
1,5,34,CCSCC(CO[Cu])OC(=O)[Au],False,In the original data set,ok,True
1,5,34,C=CC(COC(=O)[Au])NCCOCCO[Cu],True,In the original data set,ok,True
1,5,34,C#CCN(COCC(C)OC(=O)[Au])O[Cu],False,novel,ok,True
1,5,34,CC(COCCOC(=O)[Au])OCCO[Cu],True,In the original data set,ok,True
1,5,34,C=CC(CO[Cu])NCCCOCC(=O)[Au],False,novel,ok,True
1,5,34,CN(CCCO[Cu])CCOC(=O)[Au],False,novel,ok,True
1,5,34,C#CCOCCN(CCO[Cu])CCOC(=O)[Au],False,In the original data set,ok,True
1,5,34,C#CCN(CC#C)CC(COC(=O)[Au])O[Cu],False,In the original data set,ok,True
1,5,34,C#CCN(CCOCCO[Cu])COC(=O)[Au],True,novel,ok,True
1,5,34,CCN(CCO[Cu])CCOCC(=O)[Au],False,novel,ok,True
1,5,34,C=C(COC(=O)[Au])C(=O)NCCC#CCO[Cu],False,novel,ok,True
1,5,34,COCC(CN(C)CCCO[Cu])OC(=O)[Au],True,In the original data set,ok,True
1,5,34,COCCCC(=O)NCC(CN[Cu])OC(=O)[Au],True,In the original data set,ok,True
1,5,34,O=C([Au])OCCCSCCOCCO[Cu],False,In the original data set,ok,True
1,5,34,O=C([Au])OCCCNCCOCCCO[Cu],False,novel,ok,True
1,5,34,CC(CN(C)CCOCCN[Cu])OC(=O)[Au],True,In the original data set,ok,True
1,5,34,O=C([Au])NCCCCNCCCCN[Cu],False,In the original data set,ok,True
1,5,34,COCCN(CCCOC(=O)[Au])CCO[Cu],False,In the original data set,ok,True
1,5,34,CCCC(CNCCCO[Cu])OC(=O)[Au],False,novel,ok,True
1,5,34,C=CC(CNCCOC(=O)[Au])O[Cu],False,novel,ok,True
1,5,34,CC(CN(C)CCOCCN[Cu])OC(=O)[Au],True,In the original data set,ok,True
1,5,34,C=CC(CNCCCC(C)OC(=O)[Au])O[Cu],False,novel,ok,True
1,5,34,CN(CCOCCOC(=O)[Au])CCO[Cu],False,novel,ok,True
1,5,34,COCCN(CCNC(C)CO[Cu])OC(=O)[Au],False,novel,ok,True
1,5,34,CCCC(CN[Cu])NCCCOC(=O)[Au],False,novel,ok,True
1,5,34,O=C([Au])NCCCC(=O)NCCO[Cu],False,novel,ok,True
1,5,34,CC(CCN(C)CCOCCO[Cu])OC(=O)[Au],False,novel,ok,True
1,5,34,CC(=O)CN(CCO[Cu])CCOC(=O)[Au],False,In the original data set,ok,True
1,5,34,CC(CCN(C)CCOCCOC(=O)[Au])O[Cu],True,In the original data set,ok,True
1,5,34,CC(COC(C)COCCOC(=O)[Au])O[Cu],False,novel,ok,True
1,5,34,O=C(CCCCOC(=O)[Au])NCCCO[Cu],False,novel,ok,True
1,5,34,CCOCCC(=O)NC(C)C(CO[Cu])OC(=O)[Au],False,novel,ok,True
1,5,34,O=C([Au])NCC(=OCCCCO[Cu])C(=O)O,False,novel,"Explicit valence for atom # 6 O, 3, is greater than permitted",True
1,5,34,O=C(CCCCCOC(=O)[Au])NCCO[Cu],False,In the original data set,ok,True
1,5,34,CCN(CCCCCO[Cu])CCOC(=O)[Au],False,novel,ok,True
1,5,34,COCCNCC(COC(=O)[Au])O[Cu],False,novel,ok,True
1,5,34,C=CCCC(CN(C)CCCO[Cu])OC(=O)[Au],False,In the original data set,ok,True
1,5,34,C#CCCCN(CCNC(=O)[Au])CCO[Cu],False,novel,ok,True
1,5,34,COCCC(CNCCC(C)OC(=O)[Au])N[Cu],False,In the original data set,ok,True
1,5,34,CC(CCOC(=O)[Au]OCCOCCO[Cu],False,novel,SMILES Parse Error: extra open parentheses for input: 'CC(CCOC(=O)[Au]OCCOCCO[Cu]',True
1,5,34,CC(CO[Cu])NCC(C)(C)COC(=O)[Au],False,novel,ok,True
1,5,34,CC(C)N(N)CCOCC(CN[Cu])OC(=O)[Au],False,novel,ok,True
1,5,34,O=C(CN[Cu])NCCCOCCOC(=O)[Au],False,In the original data set,ok,True
1,5,34,CCC(CNCCOCCO[Cu])OC(=O)[Au],False,novel,ok,True
1,5,34,COCCN(CCO[Cu])CCOC(=O)[Au],True,In the original data set,ok,True
1,5,34,O=C([Au])OCCOCCCCO[Cu],True,novel,ok,True
1,5,34,COCC(CNCCCCO[Cu])OC(=O)[Au],False,In the original data set,ok,True
1,5,34,CC(CN(C)CCCOCCOC(=O)[Au])O[Cu],False,novel,ok,True
1,5,34,O=C([Au])OCCCCN[Cu],False,novel,ok,True
1,5,34,CCN(CCO[Cu])CC(C)OC(=O)[Au],False,In the original data set,ok,True
1,5,34,O=C([Au])OCCCCNCCO[Cu],False,novel,ok,True
1,5,34,CCN(CCOCCO[Cu])CCOC(=O)[Au],False,In the original data set,ok,True
1,5,34,CC(C)N(CCOCCOC(=O)[Au])CCO[Cu],False,novel,ok,True
1,5,34,O=C([Au])OCC(COCCCCF)(=O)O[Cu],False,novel,"Explicit valence for atom # 5 C, 5, is greater than permitted",True
1,5,34,O=C([Au])OCCSCCSCCO[Cu],True,In the original data set,ok,True
1,5,34,CCC(CNCC=CCO[Cu])OC(=O)[Au],True,In the original data set,ok,True
1,5,34,CN(CCO[Cu])CCN(C)CCOC(=O)[Au],False,In the original data set,ok,True
1,5,34,O=C(CCCCCOC(=O)[Au])NOCCO[Cu],False,In the original data set,ok,True
1,5,34,C=CC(C)(O[Cu])NCCC(COCC(=O)[Au],False,novel,SMILES Parse Error: extra open parentheses for input: 'C=CC(C)(O[Cu])NCCC(COCC(=O)[Au]',True
1,5,34,C=CC(CNCCOCCOC(=O)[Au])O[Cu],False,In the original data set,ok,True
1,5,34,C=CCCC(=O)NCC(CN[Cu])OC(=O)[Au],False,In the original data set,ok,True
1,5,34,C=CC(CNCCOCCOC(=O)[Au])O[Cu],True,In the original data set,ok,True
1,5,34,COCCN(CC#N)CC(COC(=O)[Au])O[Cu],True,In the original data set,ok,True
1,5,34,C=CCN(CCOCCO[Cu])CCOC(=O)[Au],True,novel,ok,True
1,5,34,COCC(CNCCCO[Cu])OC(=O)[Au],True,In the original data set,ok,True
1,5,34,CCN(CCO[Cu])CCCOC(=O)[Au],False,novel,ok,True
1,5,34,C=C(COC(=O)C(C)CO[Cu])OC(=O)[Au],False,novel,ok,True
1,5,34,CCOCC(CN(C)CCCOC(=O)[Au])N[Cu],False,novel,ok,True
1,5,34,CCOCCCN(CCO[Cu])CCOC(=O)[Au],False,In the original data set,ok,True
1,5,34,COCCN(CCCCO[Cu])CCOC(=O)[Au],True,novel,ok,True
1,5,34,CC(CNCCCN(C)CCO[Cu])OC(=O)[Au],False,In the original data set,ok,True
1,5,34,C=CCN(CCOC)CC(CO[Cu])OC(=O)[Au],False,novel,ok,True
1,5,34,CC(COC(=O)[Au])OCCCCO[Cu],False,novel,ok,True
1,5,34,CC(C)OCCN(CCNC(=O)[Au])CCO[Cu],True,novel,ok,True
1,5,34,CC(CNCCN(C)CCO[Cu])OC(=O)[Au],False,In the original data set,ok,True
1,5,34,CCC(CN(C)CCOCCNC(=O)[Au])O[Cu],False,novel,ok,True
1,5,34,CN(C)CCC(COC(=O)[Au])O[Cu],False,novel,ok,True
1,5,34,CSCCCN(CCO[Cu])CCOC(=O)[Au],False,In the original data set,ok,True
1,5,34,CC(CO[Cu])N(C)CCOCCNC(=O)[Au],False,novel,ok,True
1,5,34,C=CCN(CCO[Cu])CCOC(=O)[Au],False,In the original data set,ok,True
1,5,34,C=CC(COC(=O)[Au])NCCOCCO[Cu],True,In the original data set,ok,True
1,5,34,NC(=O)CCNCC(COC(=O)[Au])O[Cu],False,In the original data set,ok,True
1,5,34,O=C(CCCCCOC(=O)[Au])NOCCO[Cu],True,In the original data set,ok,True
1,5,34,CSCCN(C)CC(COC(=O)[Au])O[Cu],True,novel,ok,True
1,5,34,O=C([Au])OCCCNCCCO[Cu],False,In the original data set,ok,True
1,5,34,CC(COC(C)COC(C)COC(=O)[Au])O[Cu],True,In the original data set,ok,True
1,5,34,N#CCCN(CCCOC(=O)[Au])CCO[Cu],False,In the original data set,ok,True
1,5,34,CCC(=O)CN(CCNC(C)CO[Cu])OC(=O)[Au],False,novel,ok,True
1,5,34,O=C([Au])OC,False,novel,More than two ends,False
1,5,34,CCC=CCCN(CCN[Cu])CCNC(=O)[Au],False,In the original data set,ok,True
1,5,34,CCCC(=O)NCC(CO[Cu])OC(=O)[Au],False,novel,ok,True
1,5,34,CC(COC(=O)[Au])CSCCOCCO[Cu],False,In the original data set,ok,True
1,5,34,CCOCCN(CCO[Cu])CCOC(=O)[Au],True,novel,ok,True
1,5,34,COCC(=O)N(C)CC(CNC(=O)[Au])N[Cu],False,novel,ok,True
1,5,34,C=CCCN(CCCO[Cu])CCO[Cu])COC(=O)[Au],False,novel,"SMILES Parse Error: extra close parentheses while parsing: C=CCCN(CCCO[Cu])CCO[Cu])COC(=O)[Au]
[17:21:12] SMILES Parse Error: Failed parsing SMILES 'C=CCCN(CCCO[Cu])CCO[Cu])COC(=O)[Au]' for input: 'C=CCCN(CCCO[Cu])CCO[Cu])COC(=O)[Au]'",False
1,5,34,CCC(CO[Cu])NCCCCC(C)OC(=O)[Au],False,novel,ok,True
1,5,34,C#CCCN(CCCCCOC(=O)[Au])CCO[Cu],False,novel,ok,True
1,5,34,COCCC(CNCCCCOC(=O)[Au])O[Cu],False,novel,ok,True
1,5,34,O=C([Au])NCCN(CCO[Cu])CC(C)(=O)O,False,novel,"Explicit valence for atom # 12 C, 5, is greater than permitted",True
1,5,34,O=C([Au])NCCSCCSCCN[Cu],True,In the original data set,ok,True
1,5,34,CC(CNCCOCCCO[Cu])OC(=O)[Au],True,In the original data set,ok,True
1,5,34,CC(CNCCOCCCO[Cu])OC(=O)[Au],True,In the original data set,ok,True
1,5,34,COCCNCC(COCC(=O)[Au])O[Cu],False,novel,ok,True
1,5,34,COCC(CO[Cu])OC(=O)[Au],True,In the original data set,ok,True
1,5,34,CCC(CN()CCCOCCOC(=O)[Au])O[Cu],False,novel,"SMILES Parse Error: syntax error while parsing: CCC(CN()CCCOCCOC(=O)[Au])O[Cu]
[17:21:12] SMILES Parse Error: Failed parsing SMILES 'CCC(CN()CCCOCCOC(=O)[Au])O[Cu]' for input: 'CCC(CN()CCCOCCOC(=O)[Au])O[Cu]'",True
1,5,34,C=CCN(C)CC(CO[Cu])OC(=O)[Au],False,novel,ok,True
1,5,34,O=C([Au])OCCCSCCOCCO[Cu],True,In the original data set,ok,True
1,5,34,C=CC(COC(C)C(OC(=O)[Au])C(C)CO[Cu],False,novel,SMILES Parse Error: extra open parentheses for input: 'C=CC(COC(C)C(OC(=O)[Au])C(C)CO[Cu]',True
1,5,34,C=CCC(CNCCCOC(=O)[Au])O[Cu],False,novel,ok,True
1,5,34,C=CCN(CCCCOC(=O)[Au])CCO[Cu],True,novel,ok,True
1,5,34,C=CCN(CCOCCO[Cu])CCOC(=O)[Au],True,novel,ok,True
1,5,34,CCN(CCO[Cu])CCOCCNC(=O)[Au],True,novel,ok,True
1,5,34,CC(C)OCC(=O)NCC(CO[Cu])OC(=O)[Au],False,In the original data set,ok,True
1,5,34,O=C(CCCCCOC(=O)[Au])NCCO[Cu],True,In the original data set,ok,True
1,5,34,C=CC(CO[Cu])NCC(COC(=O)[Au])OC,False,novel,ok,True
1,5,34,CC(NCCOCCCOC(=O)[Au])C(C)O[Cu],True,novel,ok,True
1,5,34,O=C(CCCCN[Cu])NCCC(CO[Cu])OC(=O)[Au],False,novel,More than two ends,False
1,5,34,C#CCOCCNCC(CO[Cu])OC(=O)[Au],False,novel,ok,True
1,5,34,C=CCCCN(CCO[Cu])CCOC(=O)[Au],True,In the original data set,ok,True
1,5,34,COCCC(CNCC(C)OC(=O)[Au])O[Cu],False,novel,ok,True
1,5,34,O=C([Au])OCCCCCCCO[Cu],True,In the original data set,ok,True
1,5,34,COCCCN(CCNC(=O)[Au])CCO[Cu],False,In the original data set,ok,True
1,5,34,O=C(COCCO[Cu])NCCCOC(=O)[Au],False,novel,ok,True
1,5,34,C=CCN(CCCO[Cu])CCOC(=O)[Au],False,In the original data set,ok,True
1,5,34,COCC(CNC(=O)C(C)COC(=O)[Au])O[Cu],False,novel,ok,True
1,5,34,CCN(CCO[Cu])C(=O)COC(=O)[Au],False,In the original data set,ok,True
1,5,34,CN(CCCCCCCO[Cu])CCOC(=O)[Au],True,In the original data set,ok,True
1,5,34,CCN(CCCO[Cu])CC(C)OC(=O)[Au],False,In the original data set,ok,True
1,5,34,O=C([Au])OCCCCO[Cu],True,In the original data set,ok,True
1,5,34,CN(CCO[Cu])COC(=O)[Au],False,novel,ok,True
1,5,34,COCCCCN(CCN[Cu])CCOC(=O)[Au],False,novel,ok,True
1,5,34,O=C([Au])OCC(CCS(=O)CCCO[Cu],False,novel,SMILES Parse Error: extra open parentheses for input: 'O=C([Au])OCC(CCS(=O)CCCO[Cu]',True
1,5,34,CCN(CCCNC(=O)CCO[Cu])OC(=O)[Au],False,novel,ok,True
1,5,34,C=CC(CNCCOCCOC(=O)[Au])O[Cu],True,In the original data set,ok,True
1,5,34,C=CC(CO[Cu])NCCCCOC(=O)[Au],True,In the original data set,ok,True
1,5,34,CN(CCO[Cu])CCOC(=O)[Au],False,In the original data set,ok,True
1,5,34,CN(CCCCCCCO[Cu]#N)CCOC(=O)[Au],False,novel,Triple bond at the end point,True
1,5,34,CN(CCCCCN[Cu])C,False,novel,More than two ends,False
1,5,34,O=C([Au])OCCSCCSCCO[Cu],True,In the original data set,ok,True
1,5,34,CCC(CN(C)CCOCCO[Cu])OC(=O)[Au],False,In the original data set,ok,True
1,5,34,CC(C)CN(CCO[Cu])CCOC(=O)[Au],False,In the original data set,ok,True
1,5,34,CN(CCCCO[Cu])CCOCCNC(=O)[Au],False,novel,ok,True
1,5,34,CCN(CCCCCOC(=O)[Au])CCO[Cu],False,In the original data set,ok,True
1,5,34,O=C(CCCF)NC(=O)C(CO[Cu])NC(=O)[Au],False,novel,ok,True
1,5,34,O=C([Au])OCCCCNCCCCO[Cu],False,In the original data set,ok,True
1,5,34,N#CCCN(CCC#N)CC(CO[Cu])OC(=O)[Au],True,In the original data set,ok,True
1,5,34,C#CCN(CC#C)CC(COC(=O)[Au])O[Cu],True,In the original data set,ok,True
1,5,34,C=CC(CNCCCCOC(=O)[Au])O[Cu],False,novel,ok,True
1,5,34,CSCCN(CCOC(=O)[Au])CCO[Cu],False,novel,ok,True
1,5,34,CCCC(CN(C)CCOC(=O)[Au])O[Cu],False,novel,ok,True
1,5,34,O=C([Au])OCCC(=O)NCCOCCO[Cu],False,novel,ok,True
1,5,34,CSCCOCC(CNCC(COC(=O)[Au])O[Cu],False,novel,SMILES Parse Error: extra open parentheses for input: 'CSCCOCC(CNCC(COC(=O)[Au])O[Cu]',True
1,5,34,CC(CO[Cu])NCCC(=O)OCCOC(=O)[Au],False,novel,ok,True
1,5,34,C#CCOCC(CNCCOC(=O)[Au])O[Cu],False,novel,ok,True
1,5,34,CC(CNCCOCCCOC(=O)[Au])O[Cu],False,novel,ok,True
1,5,34,N#CCN(CCOCC(CO[Cu])OC(=O)[Au],False,novel,SMILES Parse Error: extra open parentheses for input: 'N#CCN(CCOCC(CO[Cu])OC(=O)[Au]',True
1,5,34,O=C([Au])OCCCCCO[Cu],True,In the original data set,ok,True
1,5,34,N#CCCN(CCO[Cu])CCOC(=O)[Au],False,In the original data set,ok,True
1,5,34,CC(COCC(C)OC(C)(COC(=O)[Au])O[Cu],False,novel,SMILES Parse Error: extra open parentheses for input: 'CC(COCC(C)OC(C)(COC(=O)[Au])O[Cu]',True
1,5,34,COCC(CNC(C)CC(C)(C)O[Cu])OC(=O)[Au],False,novel,ok,True
1,5,34,COCCCCN(CCNC(=O)[Au])CCO[Cu],False,In the original data set,ok,True
1,5,34,COC(CNCCOCC(C)OC(=O)[Au])O[Cu],False,novel,ok,True
1,5,34,C=CC(CO[Cu])NCCCCCOC(=O)[Au],True,In the original data set,ok,True
1,5,34,C=CCN(CCO[Cu])CCOC(=O)[Au],True,In the original data set,ok,True
1,5,34,CC(NCCN(C)CCO[Cu])OC(=O)[Au],False,novel,ok,True
1,5,34,CCC=CCCN(CCN[Cu])CCNC(=O)[Au],True,In the original data set,ok,True
1,5,34,CC(CN(CC#N)CCO[Cu])OC(=O)[Au],False,In the original data set,ok,True
1,5,34,COCC(CNCCCO[Cu])OC(=O)[Au],True,In the original data set,ok,True
1,5,34,CC(COCCOC(=O)[Au])OCCO[Cu],True,In the original data set,ok,True
1,5,34,CN(CCOCCO[Cu])CCOCCOC(=O)[Au],False,novel,ok,True
1,5,34,CCS(=O)CCC(CO[Cu])OC(=O)[Au],False,novel,ok,True
1,5,34,CN(CCO[Cu])CCOC(=O)[Au],True,In the original data set,ok,True
1,5,34,O=C([Au])OCCOCCSCCOCCO[Cu],False,novel,ok,True
1,5,34,O=C(COCCN[Cu])NCCCCOC(=O)[Au],False,In the original data set,ok,True
1,5,34,CC(C)N(CCOC(=O)[Au])CCO[Cu],False,novel,ok,True
1,5,34,CC(CO[Cu])NCCCCCOC(=O)[Au],False,novel,ok,True
1,5,34,CCOCCCN(CCOC(=O)[Au])CCO[Cu],False,novel,ok,True
1,5,34,O=C([Au])NCCCNCCF,False,novel,More than two ends,False
1,5,34,CCOCC(CN(C)CCO[Cu])OC(=O)[Au],True,In the original data set,ok,True
1,5,34,COC(CN(C)CC(CO[Cu])OC(=O)[Au])OC,False,In the original data set,ok,True
1,5,34,CC(C)OCCN(CCN[Cu])CCOC(=O)[Au],True,In the original data set,ok,True
1,5,34,COCCCNC(CCN[Cu])COC(=O)[Au],False,novel,ok,True
1,5,34,N#CCN(CCCOC(=O)[Au])CCO[Cu],False,In the original data set,ok,True
1,5,34,O=C([Au])OCCCCCS(=O)CCO[Cu],False,In the original data set,ok,True
1,5,34,O=C([Au])OCCOCCSCCO[Cu],False,novel,ok,True
1,5,34,CNCCN(CCN[Cu])CCNC(=O)[Au],False,In the original data set,ok,True
1,5,34,C=CC(COC(C)COC(=O)[Au])N[Cu],False,novel,ok,True
1,5,34,CC(CCO[Cu])OC(=O)[Au],False,In the original data set,ok,True
1,5,34,COCCCN(CCO[Cu])CCOC(=O)[Au],True,In the original data set,ok,True
1,5,34,CSCCN(CCO[Cu])CC(COC(=O)[Au],False,novel,SMILES Parse Error: extra open parentheses for input: 'CSCCN(CCO[Cu])CC(COC(=O)[Au]',True
1,5,34,C=CCN(CCC#N)CC(COC(=O)[Au])O[Cu],True,novel,ok,True
1,5,34,O=C([Au])OCCCCNC(=O)COCCO[Cu],False,novel,ok,True
1,5,34,COCCN(CCC#N)CC(OC(=O)[Au])C(C)O[Cu],False,novel,ok,True
1,5,34,COCC(CN(C)CCO[Cu])OC(=O)[Au],True,In the original data set,ok,True
1,5,34,C=CC(CO[Cu])NC(=O)CCOC(=O)[Au],False,In the original data set,ok,True
1,5,34,CCC(CNCCOCCO[Cu])COC(=O)[Au],False,novel,ok,True
1,5,34,O=C([Au])OCCCCCS(=O)CCO[Cu],True,In the original data set,ok,True
1,5,34,CSCCN(CCO[Cu])CCOC(=O)[Au],False,In the original data set,ok,True
1,5,34,O=C([Au])OCCSCCNCCCO[Cu],False,novel,ok,True
1,5,34,CCCC(C)CN(CCN[Cu])CCNC(=O)NC,False,novel,More than two ends,False
1,5,34,COCC(CNC(C)COC(=O)[Au])O[Cu],False,novel,ok,True
1,5,34,COCCN(CCO[Cu])CC(NC(=O)[Au],False,novel,SMILES Parse Error: extra open parentheses for input: 'COCCN(CCO[Cu])CC(NC(=O)[Au]',True
1,5,34,CCSCCN(CCO[Cu])CCOC(=O)[Au],False,In the original data set,ok,True
1,5,34,CCSCCNC(CO[Cu])CNC(=O)[Au],False,novel,ok,True
1,5,34,CCN(CCN[Cu])CCOCCNC(=O)[Au],False,In the original data set,ok,True
1,5,34,COCC(C)(CNCC(C)O[Cu])OC(=O)[Au],False,novel,ok,True
1,5,34,C#CCN(CCOCCO[Cu])CCOC(=O)[Au],False,In the original data set,ok,True
1,5,34,C=CCN(CCC#N)CC(COC(=O)[Au])N[Cu],False,novel,ok,True
1,5,34,CCOCC(CN(C)C)CCO[Cu])OC(=O)[Au],False,novel,"SMILES Parse Error: extra close parentheses while parsing: CCOCC(CN(C)C)CCO[Cu])OC(=O)[Au]
[17:21:12] SMILES Parse Error: Failed parsing SMILES 'CCOCC(CN(C)C)CCO[Cu])OC(=O)[Au]' for input: 'CCOCC(CN(C)C)CCO[Cu])OC(=O)[Au]'",True
1,5,34,CC(N(C)CCC(COC(=O)[Au])O(C)O[Cu],False,novel,SMILES Parse Error: extra open parentheses for input: 'CC(N(C)CCC(COC(=O)[Au])O(C)O[Cu]',True
1,5,34,COCCC(=O)NCC(CO[Cu])OC(=O)[Au],False,novel,ok,True
1,5,34,CCC(CNOCCOCC(COC)OC(=O)[Au])O[Cu],False,novel,ok,True
1,5,34,O=C([Au])OCCN(CCCO[Cu])CC(F)C,False,novel,ok,True
1,5,34,CN(CCOCC(COC(=O)[Au])CCO[Cu],False,novel,SMILES Parse Error: extra open parentheses for input: 'CN(CCOCC(COC(=O)[Au])CCO[Cu]',True
1,5,34,CCOCCN(CCNC(=O)[Au])CCOC)O[Cu],False,novel,"SMILES Parse Error: extra close parentheses while parsing: CCOCCN(CCNC(=O)[Au])CCOC)O[Cu]
[17:21:12] SMILES Parse Error: Failed parsing SMILES 'CCOCCN(CCNC(=O)[Au])CCOC)O[Cu]' for input: 'CCOCCN(CCNC(=O)[Au])CCOC)O[Cu]'",True
1,5,34,N#CCCCCN(CCO[Cu])OC(=O)[Au],False,novel,ok,True
1,5,34,CC(CSCCCOC(=O)[Au])O[Cu],False,novel,ok,True
1,5,34,O=C([Au])NCCSCCCN[Cu],True,novel,ok,True
1,5,34,COCCCN(CCO[Cu])CCOC(=O)[Au],True,In the original data set,ok,True
1,5,34,CN(CCCN((=O)CCOC(=O)[Au])CO[Cu],False,novel,"SMILES Parse Error: syntax error while parsing: CN(CCCN((=O)CCOC(=O)[Au])CO[Cu]
[17:21:12] SMILES Parse Error: Failed parsing SMILES 'CN(CCCN((=O)CCOC(=O)[Au])CO[Cu]' for input: 'CN(CCCN((=O)CCOC(=O)[Au])CO[Cu]'",True
1,5,34,CN(CCO[Cu])CCOCCOC(=O)[Au],False,In the original data set,ok,True
1,5,34,NOCCNC(=O)CC(CNC(=O)[Au])O[Cu],False,In the original data set,ok,True
1,5,34,O=C([Au])OCCCCCCCCO[Cu],False,In the original data set,ok,True
1,5,34,CCC(CN(CC)CCO[Cu])OC(=O)[Au],False,In the original data set,ok,True
1,5,34,COC(=O)CN(C)CC(CNC(=O)[Au])O[Cu],False,novel,ok,True
1,5,34,O=C([Au])OCCOCCCOCCN[Cu],False,novel,ok,True
1,5,34,O=C([Au])NCCCNCCCCO[Cu],False,novel,ok,True
1,5,34,CC(CN(C)CCOCCN[Cu])OC(=O)[Au],True,In the original data set,ok,True
1,5,34,CCC(CNCC=CCO[Cu])OC(=O)[Au],True,In the original data set,ok,True
1,5,34,CSCCN(C)CC(CO[Cu])OC(=O)[Au],True,In the original data set,ok,True
1,5,34,CCOCCN(COC(=O)[Au])CCO[Cu],False,novel,ok,True
1,5,34,CSCC[CLS]CS(=O)CC(CO[Cu])NC(=O)[Au],False,novel,"SMILES Parse Error: syntax error while parsing: CSCC[CLS]CS(=O)CC(CO[Cu])NC(=O)[Au]
[17:21:12] SMILES Parse Error: Failed parsing SMILES 'CSCC[CLS]CS(=O)CC(CO[Cu])NC(=O)[Au]' for input: 'CSCC[CLS]CS(=O)CC(CO[Cu])NC(=O)[Au]'",True
1,5,34,CC(CN[Cu])N(C)CC,False,novel,More than two ends,False
1,5,34,CCOCCNC(CNC(=O)[Au])CN[Cu],False,novel,ok,True
1,5,34,NOCCNC(=O)C(CO[Cu])NC(=O)[Au],False,novel,ok,True
1,5,34,O=C([Au])NCCOCCNCCNC(=O)[Au],False,novel,More than two ends,False
1,5,34,O=C([Au])OCCOCCNCCOCCO[Cu],False,In the original data set,ok,True
1,5,34,CCC(CN(C)CCOCCN[Cu])OC(=O)[Au],False,In the original data set,ok,True
1,5,34,C=CC(CNCCCOCC(C)O[Cu])OC(=O)[Au],False,novel,ok,True
1,5,34,CN(CC(N[Cu])C(=O)[Au])COCC#N)O,False,novel,"SMILES Parse Error: extra close parentheses while parsing: CN(CC(N[Cu])C(=O)[Au])COCC#N)O
[17:21:12] SMILES Parse Error: Failed parsing SMILES 'CN(CC(N[Cu])C(=O)[Au])COCC#N)O' for input: 'CN(CC(N[Cu])C(=O)[Au])COCC#N)O'",True
1,5,34,COCCN(CCOC(=O)[Au])CC(C)O[Cu],False,In the original data set,ok,True
1,5,34,CCCC(CCOC(=O)[Au])NCCCCO[Cu],False,novel,ok,True
1,5,34,O=C([Au])OCCCCNCCO[Cu],True,novel,ok,True
1,5,34,C#CCN(CCCOC(=O)CO[Cu])COC(=O)[Au],False,novel,ok,True
1,5,34,CN(CCCSCCNC(=O)[Au])CO[Cu],False,novel,ok,True
1,5,34,CCN(CCN(CCOC(=O)[Au])CCO[Cu],False,novel,SMILES Parse Error: extra open parentheses for input: 'CCN(CCN(CCOC(=O)[Au])CCO[Cu]',True
1,5,34,O=C([Au])OCCN(CCCCCF)CCO[Cu],False,In the original data set,ok,True
1,5,34,CS(=O)CCN(CCO[Cu])CCOC(=O)[Au],False,In the original data set,ok,True
1,5,34,CCN(CC)CCNCC(COC(=O)[Au])O[Cu],False,novel,ok,True
1,5,34,N#CCCNCC(COC(=O)[Au])O[Cu],False,novel,ok,True
1,5,34,N#CCCOCCN(CCO[Cu])COC(=O)[Au],False,novel,ok,True
1,5,34,CC(CN(C)CCOCCO[Cu])OC(=O)[Au],False,In the original data set,ok,True
1,5,34,CN(CCNC(=O)COC(=O)[Au])CCO[Cu],True,In the original data set,ok,True
1,5,34,CCSCCN(CCN[Cu])CC(C)OC(=O)[Au],False,novel,ok,True
1,5,34,COCCC(CNCCC(C)OC(=O)[Au])N[Cu],True,In the original data set,ok,True
1,5,34,CC(C)OC(CN(C)CCOC(=O)[Au])O[Cu],False,novel,ok,True
1,5,34,CC(CN(C)CCOCCN[Cu])OC(=O)[Au],True,In the original data set,ok,True
1,5,34,C=CCOCCN(CCO[Cu])CCOC(=O)[Au],True,In the original data set,ok,True
1,5,34,CN(CCCCO[Cu])CCCNC(=O)[Au],False,novel,ok,True
1,5,34,C=CCCCN(CC(C)COC(=O)[Au])O[Cu],False,novel,ok,True
1,5,34,CN(CC(=O)C(=O)CC(CNC(=O)[Au])O[Cu],False,novel,SMILES Parse Error: extra open parentheses for input: 'CN(CC(=O)C(=O)CC(CNC(=O)[Au])O[Cu]',True
1,5,34,CC(CNCCCOCCO[Cu])OC(=O)[Au],False,novel,ok,True
1,5,34,CC(CO[Cu])N(C)CCOCCOC(=O)[Au],True,In the original data set,ok,True
1,5,34,CC(OC(=O)[Au])C(=O)NCCOCCO[Cu],False,novel,ok,True
1,5,34,CCC(CNCC=CCO[Cu])OC(=O)[Au],True,In the original data set,ok,True
1,5,34,CC(CNCCCOC(=O)[Au])O[Cu],False,In the original data set,ok,True
1,5,34,CC(NCCN(C)CCO[Cu])CCOC(=O)[Au],False,novel,ok,True
1,5,34,COCCOCCNCC(COC(=O)[Au])O[Cu],False,In the original data set,ok,True
1,5,34,O=C(CCCCOC(=O)[Au])NCCO[Cu],False,In the original data set,ok,True
1,5,34,COCC(CNCCOC(=O)[Au])O[Cu],True,In the original data set,ok,True
1,5,34,CN(CCCO[Cu])CCCOC(=O)[Au],False,In the original data set,ok,True
1,5,34,O=C([Au])NCCNCCNCCCN[Cu],True,In the original data set,ok,True
1,5,34,CSCC(CNCCCCO[Cu])OC(=O)[Au],True,In the original data set,ok,True
1,5,34,CC(CCNCC=CCO[Cu])OC(=O)[Au],False,novel,ok,True
1,5,34,CN(CCCCCCOC(=O)[Au])CCCO[Cu],True,In the original data set,ok,True
1,5,34,CCOC(=O)CN(CCO[Cu])CCOC(=O)[Au],False,In the original data set,ok,True
1,5,34,O=C(CCO[Cu])NCCCCOC(=O)[Au],True,novel,ok,True
1,5,34,C=CC(CO[Cu])NCCOCC(=O)[Au],False,novel,ok,True
1,5,34,C=CC(COC(=O)[Au])NCC(COCC=O)O[Cu],False,novel,ok,True
1,5,34,CSCC(CN(C)CCCO[Cu])OC(=O)[Au],False,novel,ok,True
1,5,34,CC(C)OCC(CNCCO[Cu])OC(=O)[Au],True,novel,ok,True
1,5,34,C=CC(CO[Cu])NCCCCOC(=O)[Au],True,In the original data set,ok,True
1,5,34,COC(CNCC=CCO[Cu])OC(=O)[Au],False,novel,ok,True
1,5,34,O=C([Au])OCCCCCCCC=CCO[Cu],False,novel,ok,True
1,5,34,COCC(CN(C)CCO[Cu])OC(=O)[Au],True,In the original data set,ok,True
1,5,34,CSCCN(C)CC(CO[Cu])OC(=O)[Au],True,In the original data set,ok,True
1,5,34,C#CCN(C)CCOCC(CO[Cu])OC(=O)[Au],False,novel,ok,True
1,5,34,C=CCN(C)CC(CO[Cu])OCCOC(=O)[Au],False,novel,ok,True
1,5,34,N#CCCN(CCC#N)CC(COC(=O)[Au])O[Cu],False,novel,ok,True
1,5,34,C#CCOCCN(CCO[Cu])CCOC(=O)[Au],True,In the original data set,ok,True
1,5,34,COCC#CCN(CCO[Cu])CCOC(=O)[Au],False,In the original data set,ok,True
1,5,34,N#CCCN(CCCOC(=O)[Au])CCO[Cu],True,In the original data set,ok,True
1,5,34,CC(COC(C)C)COC(=O)[Au](C)O[Cu],False,novel,More than one bonds at the end point,True
1,5,34,O=C([Au])OCCCCSCCCCO[Cu],False,novel,ok,True
1,5,34,COC(CNC(CCF)CO[Cu])OC(=O)[Au],False,novel,ok,True
1,5,34,O=C([Au])NCC(=O)NCCOCCCN[Cu],False,In the original data set,ok,True
1,5,34,CC(C)COC(=O)[Au])NC(=O)COCCO[Cu],False,novel,"SMILES Parse Error: extra close parentheses while parsing: CC(C)COC(=O)[Au])NC(=O)COCCO[Cu]
[17:21:12] SMILES Parse Error: Failed parsing SMILES 'CC(C)COC(=O)[Au])NC(=O)COCCO[Cu]' for input: 'CC(C)COC(=O)[Au])NC(=O)COCCO[Cu]'",True
1,5,34,CC(CCSCCCCO[Cu])OC(=O)[Au],False,novel,ok,True
1,5,34,O=C([Au])OCCCSCCO[Cu],True,In the original data set,ok,True
1,5,34,O=C([Au])OCCSCCO[Cu],True,In the original data set,ok,True
1,5,34,O=C([Au])NCCN(CCF)CCO[Cu],False,In the original data set,ok,True
1,5,34,COCCCCN(CCO[Cu])CCOC(=O)[Au],False,In the original data set,ok,True
1,5,34,CCN(CCCCCOC(=O)[Au])CCCO[Cu],True,In the original data set,ok,True
1,5,34,CN(CCCCCCOC(=O)[Au])CCCO[Cu],True,In the original data set,ok,True
1,5,34,O=C([Au])OCCCCOCCCCCO[Cu],False,novel,ok,True
1,5,34,CN(CCCCCCCOC(=O)[Au])CCO[Cu],False,novel,ok,True
1,5,34,O=C([Au])OCCCCCS(=O)CCO[Cu],True,In the original data set,ok,True
1,5,34,COCCCN(CCO[Cu])CCOC(=O)[Au],True,In the original data set,ok,True
1,5,34,C#CCCCN(CC(CN[Cu])CCOC(=S)[Au],False,novel,SMILES Parse Error: extra open parentheses for input: 'C#CCCCN(CC(CN[Cu])CCOC(=S)[Au]',True
1,5,34,O=C([Au])NCCCSCCN[Cu],True,novel,ok,True
1,5,34,CCCN(CCOCCO[Cu])COC(=O)[Au],False,novel,ok,True
1,5,34,O=C([Au])OCCNCCCCO[Cu],False,novel,ok,True
1,5,34,C=CCCC(=O)N(CN[Cu])CCNC(=O)[Au],False,novel,ok,True
1,5,34,CC(C)NCCN(CO[Cu])CC(COC(=O)[Au],False,novel,SMILES Parse Error: extra open parentheses for input: 'CC(C)NCCN(CO[Cu])CC(COC(=O)[Au]',True
1,5,34,CCOCC(CNOCCOCCNC(=O)[Au])O[Cu],False,novel,ok,True
1,5,34,O=C([Au])NCCCNCCCCNCCN[Cu],False,novel,ok,True
1,5,34,CN(CCO[Cu])CCOC(=O)[Au],True,In the original data set,ok,True
1,5,34,O=C([Au])NCCSCCNCCCN[Cu],False,novel,ok,True
1,5,34,O=C([Au])NCCNCCNCCN[Cu],True,In the original data set,ok,True
1,5,34,C=CC(C)(O[Cu])C(=O)NCCOC(=O)[Au],False,In the original data set,ok,True
1,5,34,CC(CO[Cu])NCCCCOC(=O)[Au],False,novel,ok,True
1,5,34,O=C([Au])OCCSCCCO[Cu],True,novel,ok,True
1,5,34,N#CCCCCNCC(COC(=O)[Au])O[Cu],False,In the original data set,ok,True
1,5,34,CCN(CCCCCCO[Cu])CCOC(=O)[Au],False,novel,ok,True
1,5,34,CC(CCCCOC(=O)[Au])SCCN[Cu],False,novel,ok,True
1,5,34,CCOCCNC(=CO)CC(COC(=O)[Au])O[Cu],False,novel,ok,True
1,5,34,CCOCCN(C)CC(CO[Cu])OC(=O)[Au],True,In the original data set,ok,True
1,5,34,CCC(CNCC=CCOCCO[Cu])OC(=O)[Au],False,novel,ok,True
1,5,34,C=CC(CNCC(C)(C)OC(=O)[Au])O[Cu],False,novel,ok,True
1,5,34,CSCCN(C)CC(CO[Cu])OC(=O)[Au],True,In the original data set,ok,True
1,5,34,C#CCOCCN(CCO[Cu])CCOC(=O)[Au],True,In the original data set,ok,True
1,5,34,O=C([Au])OCCOCCN[Cu],True,In the original data set,ok,True
1,5,34,O=C([Au])OCCSCCS(=O)CCO[Cu],False,novel,ok,True
1,5,34,COC(CN(C)CC(CO[Cu])OC(=O)[Au])OC,True,In the original data set,ok,True
1,5,34,N#CCCCCN(CCO[Cu])CCOC(=O)[Au],True,In the original data set,ok,True
1,5,34,NC(=O)CN(CCCO[Cu])CCOC(=O)[Au],True,In the original data set,ok,True
1,5,34,CC(C)COCCNC(CN[Cu])CNC(=O)[Au],True,In the original data set,ok,True
1,5,34,C=CC(CO[Cu])NCC(COC(=O)[Au])O,False,novel,ok,True
1,5,34,C=CCCC(=O)NC(CO[Cu])COC(=O)[Au],False,In the original data set,ok,True
1,5,34,CCSCCN(CCN[Cu])C(COC(=O)[Au],False,novel,SMILES Parse Error: extra open parentheses for input: 'CCSCCN(CCN[Cu])C(COC(=O)[Au]',True
1,5,34,O=C([Au])OCCCNCCCO[Cu],True,In the original data set,ok,True
1,5,34,O=C([Au])OCCCO[Cu],True,In the original data set,ok,True
1,5,34,CC(CCOC(=O)[Au])O[Cu],True,novel,ok,True
1,5,34,COCCOCCNCC(=O)[Au])O[Cu],False,novel,"SMILES Parse Error: extra close parentheses while parsing: COCCOCCNCC(=O)[Au])O[Cu]
[17:21:12] SMILES Parse Error: Failed parsing SMILES 'COCCOCCNCC(=O)[Au])O[Cu]' for input: 'COCCOCCNCC(=O)[Au])O[Cu]'",True
1,5,34,CN(CC(=O)N(C)CCO[Cu])CCOC(=O)[Au],False,novel,ok,True
1,5,34,C=CCN(CCO[Cu])CCOCCOC(=O)[Au],True,In the original data set,ok,True
1,5,34,CSCCNC(CO[Cu])CCOC(=O)[Au],False,novel,ok,True
1,5,34,CC(CNCCCCOC(=O)[Au])O[Cu],False,novel,ok,True
1,5,34,O=C(O)OCCSCCO[Cu],False,novel,More than two ends,False
1,5,34,CSCCNC(CO[Cu])OC(=O)[Au],False,novel,ok,True
1,5,34,O=C(CCCF)CCCNC(=O)[Au])N[Cu],False,novel,"SMILES Parse Error: extra close parentheses while parsing: O=C(CCCF)CCCNC(=O)[Au])N[Cu]
[17:21:12] SMILES Parse Error: Failed parsing SMILES 'O=C(CCCF)CCCNC(=O)[Au])N[Cu]' for input: 'O=C(CCCF)CCCNC(=O)[Au])N[Cu]'",True
1,5,34,CCOCCNCC(COC(=O)[Au])O[Cu],False,In the original data set,ok,True
1,5,34,COCCCN(C)CC(CO[Cu])OC(=O)[Au],False,In the original data set,ok,True
1,5,34,CSCCN(CCO[Cu])CCOC(=O)[Au],True,In the original data set,ok,True
1,5,34,COCCN(CCO[Cu])CCOC(=O)[Au],True,In the original data set,ok,True
1,5,34,C=CC(COC(=O)[Au])NCCOCCO[Cu],True,In the original data set,ok,True
1,5,34,=C(CO)CN(CCCO[Cu])CCOC(=O)[Au],False,novel,"SMILES Parse Error: syntax error while parsing: =C(CO)CN(CCCO[Cu])CCOC(=O)[Au]
[17:21:12] SMILES Parse Error: Failed parsing SMILES '=C(CO)CN(CCCO[Cu])CCOC(=O)[Au]' for input: '=C(CO)CN(CCCO[Cu])CCOC(=O)[Au]'",True
1,5,34,O=C([Au])OCCNCCCCOCCCO[Cu],False,novel,ok,True
1,5,34,COCCCN(CCO[Cu])CCOC(=O)[Au],True,In the original data set,ok,True
1,5,34,CS(=O)(=O)NCC(COC(=O)[Au])O[Cu],False,novel,ok,True
1,5,34,CC(CCCOC(=O)[Au])NC(C)CO[Cu],False,novel,ok,True
1,5,34,O=C([Au])NCCOCCCCOCCN[Cu],False,novel,ok,True
1,5,34,C=CC(CO[Cu])NCCC(C)(C)OC(=O)[Au],False,novel,ok,True
1,5,34,CC(CNCCCN(C)CCO[Cu])OC(=O)[Au],True,In the original data set,ok,True
1,5,34,C=CC(O[Cu])COC(=O)[Au],False,novel,ok,True
1,5,34,CCOCCNC(CN[Cu])CNC(=O)[Au],False,In the original data set,ok,True
1,5,34,O=C([Au])NCCCSCCO[Cu],False,novel,ok,True
1,5,34,CC(CCO[Cu])OC(=O)CCCOC(=O)[Au],False,novel,ok,True
1,5,34,COCC(CNCCCO[Cu])OC(=O)[Au],True,In the original data set,ok,True
1,5,34,CC(CCO[Cu])NCCCCOC(=O)[Au],False,novel,ok,True
1,5,34,C=CCCCN(C)CC(CO[Cu])OC(=O)[Au],False,novel,ok,True
1,5,34,COCCOCC(OC(=O)[Au])C(C)O[Cu],False,novel,ok,True
1,5,34,O=C([Au])NCCCSCCSCCN[Cu],True,novel,ok,True
1,5,34,O=C([Au])OCC(CO[Cu])NCCC(F)(F)F,False,In the original data set,ok,True
1,5,34,CC(C)C(CNC(C)COC(=O)[Au])O[Cu],False,novel,ok,True
1,5,34,O=C(CCCCCOC(=O)[Au])OCCO[Cu],True,novel,ok,True
1,5,34,CSCC(CN(C)CCO[Cu])OC(=O)[Au],False,novel,ok,True
1,5,34,CN(CCCN(C)CCO[Cu])CCOC(=O)[Au],False,novel,ok,True
1,5,34,O=C([Au])OCCSCCSCCO[Cu],True,In the original data set,ok,True
1,5,34,CC(CCCN(C)CCOC(=O)[Au])O[Cu],False,In the original data set,ok,True
1,5,34,CCN(CCO[Cu])CCOCCNC(=O)[Au],True,novel,ok,True
1,5,34,C=CC(COC(=O)[Au])NCCOCCO[Cu],True,In the original data set,ok,True
1,5,34,O=C(CCO[Cu])NCCCCOC(=O)[Au],True,novel,ok,True
1,5,34,C=CCN(C)CC(CO[Cu])OC(=O)[Au],True,novel,ok,True
1,5,34,O=C(CCCCCOC(=O)[Au])NOCCO[Cu],True,In the original data set,ok,True
1,5,34,C#CCCCN(CCN(C)CCO[Cu])OC(=O)[Au],False,novel,ok,True
1,5,34,CCCN(CCC#N)CC(COC(=O)[Au])O[Cu],False,In the original data set,ok,True
1,5,34,O=C(CC[Cu])NCCCCOC(=O)[Au],False,novel,ok,True
1,5,34,CCOCCN(CCOC(=O)[Au])CCO[Cu],False,novel,ok,True
1,5,34,CCOCCC(CN(C)CCOC(=O)[Au])O[Cu],False,In the original data set,ok,True
1,5,34,COC(=O)CN(C)CC(CNC(=O)[Au])O[Cu],True,novel,ok,True
1,5,34,CCN(CCCO[Cu])CCCOC(=O)[Au],False,In the original data set,ok,True
1,5,34,CC(COC(C)COCCCOC(=O)[Au])O[Cu],False,novel,ok,True
1,5,34,O=C([Au])OCCCNCCO[Cu],True,novel,ok,True
1,5,34,O=C([Au])OCC(O)C(=O)OCCCCCO[Cu],False,novel,ok,True
1,5,34,CCOCCNC(CNC(=O)[Au])O[Cu],False,novel,ok,True
1,5,34,CC(CNCCCOCCO[Cu])OC(=O)[Au],True,novel,ok,True
1,5,34,O=C([Au])OCCCNCCO[Cu],True,novel,ok,True
1,5,34,O=C([Au])OC(CNCCP(O)(=O)O)CO[Cu],False,novel,ok,True
1,5,34,O=C([Au])N(CCCCCF)CCCCCCN[Cu],False,novel,ok,True
1,5,34,O=C([Au])OCCCCCO[Cu],True,In the original data set,ok,True
1,5,34,C[unused9]OCCN(=O)CC(COC(=O)[Au])O[Cu],False,novel,"SMILES Parse Error: syntax error while parsing: C[unused9]OCCN(=O)CC(COC(=O)[Au])O[Cu]
[17:21:12] SMILES Parse Error: Failed parsing SMILES 'C[unused9]OCCN(=O)CC(COC(=O)[Au])O[Cu]' for input: 'C[unused9]OCCN(=O)CC(COC(=O)[Au])O[Cu]'",True
1,5,34,CC(C)COCC(CNC(=O)[Au])N[Cu],False,novel,ok,True
1,5,34,CCCC(CO[Cu])NCCCCOC(=O)[Au],False,novel,ok,True
1,5,34,CCC(=O)CN(CO[Cu])CCOC(=O)[Au],False,novel,ok,True
1,5,34,O=C([Au])OCCCCOCCC(CF)O[Cu],False,novel,ok,True
1,5,34,CC(CN(C)CCOCCO[Cu])OC(=O)[Au],True,In the original data set,ok,True
1,5,34,O=C([Au])OCCCCCCCCO[Cu],True,In the original data set,ok,True
1,5,34,C=CCN(CCC#N)CC(O[Cu])OC(=O)[Au],False,novel,ok,True
1,5,34,N#CCCCCCCNC(CO[Cu])COC(=O)[Au],False,novel,ok,True
1,5,34,N#CCCCCN(CCO[Cu])CCOC(=O)[Au],True,In the original data set,ok,True
1,5,34,C=CC(CO[Cu])NC(=O)COCCOC(=O)[Au],False,In the original data set,ok,True
1,5,34,O=C([Au])OCCOCCCCCCO[Cu],False,novel,ok,True
1,5,34,CC(CO[Cu])OC(NCCOC(=O)[Au],False,novel,SMILES Parse Error: extra open parentheses for input: 'CC(CO[Cu])OC(NCCOC(=O)[Au]',True
1,5,34,CCOC(CN(C)CCOC(=O)[Au])O[Cu],False,novel,ok,True
1,5,34,CCN(CCCO[Cu])CCOCC(=O)[Au],False,novel,ok,True
1,5,34,CCCN(CCO[Cu])CCOC(=O)[Au],False,In the original data set,ok,True
1,5,34,CCCC(CN(C)CCO[Cu])NC(=O)[Au],False,novel,ok,True
1,5,34,COCC(CNCC(C)CO[Cu])OC(=O)[Au],False,novel,ok,True
1,5,34,O=C([Au])OCCOCCOCCO[Cu],True,In the original data set,ok,True
1,5,34,C=CCCCCN(CCN[Cu])CCNC(=O)[Au],True,In the original data set,ok,True
1,5,34,CCC(CNCCCCCO[Cu])OC(=O)[Au],False,In the original data set,ok,True
1,5,34,CSCC(CNCCCCOC(=O)[Au])O[Cu],False,novel,ok,True
1,5,34,O=C([Au])OCCCOCCCOCCCO[Cu],False,In the original data set,ok,True
1,5,34,CC(C)COCC(CNC(=O)[Au])O[Cu],True,In the original data set,ok,True
1,5,34,CNCCN(CCN[Cu])CC(C)(COC(=O)[Au],False,novel,SMILES Parse Error: extra open parentheses for input: 'CNCCN(CCN[Cu])CC(C)(COC(=O)[Au]',True
1,5,34,O=C([Au])OCC(CO[Cu])N(C)CCCCF,False,novel,ok,True
1,5,34,O=C([Au])OCCOCC(=O)NCCO[Cu],False,novel,ok,True
1,5,34,COC(CN(C)CC(CO[Cu])OC(=O)[Au])OC,True,In the original data set,ok,True
1,5,34,O=C([Au])OCCCCOCCCCO[Cu],True,In the original data set,ok,True
1,5,34,CCOCC(CNCC=CCO[Cu])OC(=O)[Au],False,In the original data set,ok,True
1,5,34,CN(CNCC(C)OC(=O)[Au])CC(C)O[Cu],False,novel,ok,True
1,5,34,N#CCCN(CCO[Cu])CCOC(=O)[Au],True,In the original data set,ok,True
1,5,34,C=CCCN(CCO[Cu])CCOC(=O)[Au],True,In the original data set,ok,True
1,5,34,O=C([Au])OCCN(CCCCCO[Cu])C(=O)C(C,False,novel,SMILES Parse Error: extra open parentheses for input: 'O=C([Au])OCCN(CCCCCO[Cu])C(=O)C(C',True
1,5,34,O=C([Au])OCCCOCCCCCCCO[Cu],False,novel,ok,True
1,5,34,C=CCCN(CCO[Cu])CCOC(=O)[Au],True,In the original data set,ok,True
1,5,34,CCN(CCO[Cu])CCOCCOC(=O)[Au],True,novel,ok,True
1,5,34,COCC)(CNCC(CO[Cu])OC(=O)[Au],False,novel,"SMILES Parse Error: extra close parentheses while parsing: COCC)(CNCC(CO[Cu])OC(=O)[Au]
[17:21:12] SMILES Parse Error: Failed parsing SMILES 'COCC)(CNCC(CO[Cu])OC(=O)[Au]' for input: 'COCC)(CNCC(CO[Cu])OC(=O)[Au]'",True
1,5,34,CC(C)(CNCCC(CF)OC(=O)[Au])O[Cu],False,novel,ok,True
1,5,34,C=CC(COC(=O)[Au])NCCOCCO[Cu],True,In the original data set,ok,True
1,5,34,COCCCCNC(=O)NC(CO[Cu])CNC(=O)[Au],False,novel,ok,True
1,5,34,CCOCC(CNCCC(C)OC(=O)[Au])O[Cu],False,In the original data set,ok,True
1,5,34,CC(CNCCCOCCCO[Cu])OC(=O)[Au],False,novel,ok,True
1,5,34,CCOCCN(CCO[Cu])CCOC(=O)[Au],True,novel,ok,True
1,5,34,C=CC(CNCCOC(=O)[Au])O[Cu],True,novel,ok,True
1,5,34,CC(CCOC(=O)[Au])NCCO[Cu],False,novel,ok,True
1,5,34,CSCC(N[Cu])CCNCCOC(=O)[Au],False,novel,ok,True
1,5,34,CN(CCCN(C)CCOC(=O)[Au])CCO[Cu],False,In the original data set,ok,True
1,5,34,O=C([Au])OCCCSCCOCCO[Cu],True,In the original data set,ok,True
1,5,34,CCOCCC(CN(C)CCOC(=O)[Au])O[Cu],True,In the original data set,ok,True
1,5,34,CC(C)COCC(CN[Cu])OC(=O)[Au],False,novel,ok,True
1,5,34,O=C([Au])OCCOCCOCCOCCO[Cu],False,In the original data set,ok,True
1,5,34,CC(CN(CCOCC(=O)[Au])CCO[Cu],False,novel,SMILES Parse Error: extra open parentheses for input: 'CC(CN(CCOCC(=O)[Au])CCO[Cu]',True
1,5,34,COC(=O)C(CS)CC(COC(=O)[Au])O[Cu],False,novel,ok,True
1,5,34,CSCCNCCNC(CO[Cu])CCOC(=O)[Au],False,novel,ok,True
1,5,34,CNCC(CO[Cu])OC(=O)[Au],False,In the original data set,ok,True
1,5,34,C=CC(CNCCNCCOC(=O)[Au])O[Cu],False,novel,ok,True
1,5,34,N#CCCN(CCO[Cu])CCOC(=O)[Au],True,In the original data set,ok,True
1,5,34,CN(CCO[Cu])CCOCCNC(=O)[Au],True,In the original data set,ok,True
1,5,34,CN(CNC(=O)CO[Cu])COCCNC(=O)[Au],False,novel,ok,True
1,5,34,C=CC(C)(O[Cu])C(=O)NCCOC(=O)[Au],True,In the original data set,ok,True
1,5,34,CCC=CCCCN(CCN[Cu])CNC(=O)[Au],False,novel,ok,True
1,5,34,COCCOCCNCC(COC(=O)[Au])O[Cu],True,In the original data set,ok,True
1,5,34,COCCOC(CNCCOC(=O)[Au])O[Cu],False,novel,ok,True
1,5,34,CCOC(=O)CN(CCO[Cu])CCOC(=O)[Au],True,In the original data set,ok,True
1,5,34,COC(CNCCOC(=O)[Au])O[Cu],False,novel,ok,True
1,5,34,N#CCCOCCNC(=O)[Au])O[Cu],False,novel,"SMILES Parse Error: extra close parentheses while parsing: N#CCCOCCNC(=O)[Au])O[Cu]
[17:21:12] SMILES Parse Error: Failed parsing SMILES 'N#CCCOCCNC(=O)[Au])O[Cu]' for input: 'N#CCCOCCNC(=O)[Au])O[Cu]'",True
1,5,34,CC(CN(C)CCO[Cu])CCOC(=O)[Au],False,novel,ok,True
1,5,34,CCN(CC(C)CCOC(=O)[Au])CCO[Cu],False,novel,ok,True
1,5,34,O=C([Au])OCCCCCCCCOCCN[Cu],False,novel,ok,True
1,5,34,COCCN(CCNC(=O)[Au])CCO[Cu],False,In the original data set,ok,True
1,5,34,C(CCO[Cu])CN(C)CCOC(=O)[Au],False,novel,ok,True
1,5,34,COCCN(CCO[Cu])CC(C)OC(=O)[Au],False,novel,ok,True
1,5,34,O=C([Au])NCCNCCNCCCN[Cu],True,In the original data set,ok,True
1,5,34,CCOCC(CNCC=CCO[Cu])OC(=O)[Au],True,In the original data set,ok,True
1,5,34,COCCCOC(CNCCOC(=O)[Au])O[Cu],False,novel,ok,True
1,5,34,CCSCCN(CCO[Cu])CCOC(=O)[Au],True,In the original data set,ok,True
1,5,34,CCC(CNCC=CCO[Cu])OC(=O)[Au],True,In the original data set,ok,True
1,5,34,C=CC(CO[Cu])N(C)CCCCOC(=O)[Au],False,novel,ok,True
1,5,34,CN(CCOC(=O)[Au])CCCOCCO[Cu],False,novel,ok,True
1,5,34,C=CC(CNC(=O)COCCOC(=O)[Au])O[Cu],False,novel,ok,True
1,5,34,C=CC(COC(=O)[Au])NCC(COC)O[Cu],False,In the original data set,ok,True
1,5,34,CN(CCCCCCCO[Cu])CCOC(=O)[Au],True,In the original data set,ok,True
1,5,34,COCCCC(=O)NCC(COC(=O)[Au])O[Cu],False,novel,ok,True
1,5,34,CC(CCOC(C)COC(=O)[Au])O[Cu],False,novel,ok,True
1,5,34,CCCCCCCCN(CCN[Cu])CCNC(=O)[Au],False,novel,ok,True
1,5,34,CC(CN(C)CCO[Cu])OCCNC(=O)[Au],False,novel,ok,True
1,5,34,CCOCCC(CN(C)CC(C)O[Cu])OC(=O)[Au],False,novel,ok,True
1,5,34,O=C([Au])OCCCCCOCCCCCO[Cu],True,In the original data set,ok,True
1,5,34,CC(CNCCCN(C)CCCN[Cu])NC(=O)[Au],False,novel,ok,True
1,5,34,O=C([Au])OCCN(CCCCCF)CCO[Cu],True,In the original data set,ok,True
1,5,34,O=C([Au])OCCNCCO[Cu],True,In the original data set,ok,True
1,5,34,O=C([Au])OCCSCCSCCO[Cu],True,In the original data set,ok,True
1,5,34,COCCN(CCO[Cu])CCOC(=O)[Au],True,In the original data set,ok,True
1,5,34,COCCNC(=O)C(CO[Cu])NC(=O)[Au],False,In the original data set,ok,True
1,5,34,O=C([Au])NCCOCCCOCCN[Cu],False,novel,ok,True
1,5,34,CC(CCO[Cu])SCC=CCOC(=O)[Au],False,novel,ok,True
1,5,34,COCC)CN(CC(CO[Cu])OC(=O)[Au],False,novel,"SMILES Parse Error: extra close parentheses while parsing: COCC)CN(CC(CO[Cu])OC(=O)[Au]
[17:21:12] SMILES Parse Error: Failed parsing SMILES 'COCC)CN(CC(CO[Cu])OC(=O)[Au]' for input: 'COCC)CN(CC(CO[Cu])OC(=O)[Au]'",True
1,5,34,CC(NCCOCCCO[Cu])C(C)OC(=O)[Au],False,In the original data set,ok,True
1,5,34,O=OCC(CCOC(=O)[Au])CNO[Cu],False,novel,"Explicit valence for atom # 1 O, 3, is greater than permitted",True
1,5,34,CC(CNCCCCCO[Cu])OC(=O)[Au],False,In the original data set,ok,True
1,5,34,O=C([Au])OCCSCCSCCN[Cu],False,novel,ok,True
1,5,34,O=C([Au])OCCOCCOCCOCCO[Cu],True,In the original data set,ok,True
1,5,34,COCC(CNCCCCO[Cu])OC(=O)[Au],True,In the original data set,ok,True
1,5,34,O=C([Au])OCCCCN[Cu],True,novel,ok,True
1,5,34,CS(=O)CCN(CCO[Cu])CCOC(=O)[Au],True,In the original data set,ok,True
1,5,34,CN(C)CCOCC(COC(=O)[Au])O[Cu],False,novel,ok,True
1,5,34,O=C([Au])OCCSCCOCCO[Cu],False,In the original data set,ok,True
1,5,34,C[unused9][unused9]C(C)CN(CCN[Cu])CCNC(=O)[Au],False,novel,"SMILES Parse Error: syntax error while parsing: C[unused9][unused9]C(C)CN(CCN[Cu])CCNC(=O)[Au]
[17:21:12] SMILES Parse Error: Failed parsing SMILES 'C[unused9][unused9]C(C)CN(CCN[Cu])CCNC(=O)[Au]' for input: 'C[unused9][unused9]C(C)CN(CCN[Cu])CCNC(=O)[Au]'",True
1,5,34,O=C(CCCCCOC(=O)[Au])NCCCO[Cu],False,novel,ok,True
1,5,34,O=C(CCCCCOC(=O)[Au])NCCO[Cu],True,In the original data set,ok,True
1,5,34,CC(CNCCOC(=O)[Au])SCCO[Cu],False,novel,ok,True
1,5,34,CCOCCN(C)CC(CO[Cu])OC(=O)[Au],True,In the original data set,ok,True
1,5,34,O=C([Au])OCCCCCOCCCCCO[Cu],True,In the original data set,ok,True
1,5,34,CCN(CCCO[Cu])CCOCCOC(=O)[Au],False,novel,ok,True
1,5,34,CCOCC(CN(C)CCO[Cu])OC(=O)[Au],True,In the original data set,ok,True
1,5,34,CCOCCN(CCOC(=O)[Au])CCO[Cu],True,novel,ok,True
1,5,34,O=C(CCCCOC(=O)[Au])NCCCO[Cu],True,novel,ok,True
1,5,34,O=C([Au])OCCCNCCO[Cu],True,novel,ok,True
1,5,34,CCOCCN(CCNC(=O)[Au])CCO[Cu],False,In the original data set,ok,True
1,5,34,CS(=O)CCNC(CO[Cu])CCOC(=O)[Au],False,novel,ok,True
1,5,34,CN(C)CCOCC(COC(=O)[Au])O[Cu],True,novel,ok,True
1,5,34,COCCN(CC#N)CC(COC(=O)[Au])O[Cu],True,In the original data set,ok,True
1,5,34,CC(CNCCCOCCOC(=O)[Au])O[Cu],True,In the original data set,ok,True
1,5,34,CC(C)COCCN(CCN[Cu])CCNC(=O)[Au],False,novel,ok,True
1,5,34,NC(C)CCNCC(=O)C(CO[Cu])OC(=O)[Au],False,novel,ok,True
1,5,34,O=C([Au])OCCOCCOCCN[Cu],True,In the original data set,ok,True
1,5,34,CCSCC(CNC(=O)[Au])N[Cu],False,novel,ok,True
1,5,34,O=C([Au])OCCCCCO[Cu],True,In the original data set,ok,True
1,5,34,CN(CCCCCCN(C)CCO[Cu])OC(=O)[Au],False,novel,ok,True
1,5,34,COCCSCC(CNC(=O)[Au])O[Cu],False,novel,ok,True
1,5,34,N#CCCN(CCCOC(=O)[Au])CCO[Cu],True,In the original data set,ok,True
1,5,34,COCCOC(CNC(=O)CO[Cu])NC(=O)[Au],False,novel,ok,True
1,5,34,CCN(CCOCC[Au])CCO[Cu],False,novel,ok,True
1,5,34,C=CC(CO[Cu])NCC(C)OC(=O)[Au],False,In the original data set,ok,True
1,5,34,O=C([Au])OCCSCCO[Cu],True,In the original data set,ok,True
1,5,34,CSCCN(C)CC(CO[Cu])OC(=O)[Au],True,In the original data set,ok,True
1,5,34,O=C([Au])NCCNCCN[Cu],True,In the original data set,ok,True
1,5,34,O=C([Au])OCCCCCN[Cu],True,novel,ok,True
1,5,34,O=C([Au])OCCSCCCCCO[Cu],False,novel,ok,True
1,5,34,O=C([Au])OCCSCCCCCCO[Cu],False,novel,ok,True
1,5,34,CC(CN(C)CCOCCN[Cu])CCNC(=O)[Au],False,novel,ok,True
1,5,34,CCC(CNCCOCCCO[Cu])OC(=O)[Au],True,In the original data set,ok,True
1,5,34,CC(CCSCCOCCOC(=O)[Au])O[Cu],False,In the original data set,ok,True
1,5,34,CN(CCO[Cu])COCCNC(=O)[Au],True,novel,ok,True
1,5,34,O=C([Au])NCCCN[Cu],False,In the original data set,ok,True
1,5,34,CC(COC(C)COC(COC(=O)[Au])CO[Cu],False,novel,SMILES Parse Error: extra open parentheses for input: 'CC(COC(C)COC(COC(=O)[Au])CO[Cu]',True
1,5,34,CSCCN(CCO[Cu])CCOC(=O)[Au],True,In the original data set,ok,True
1,5,34,C=CCCN(CCO[Cu])CCOC(=O)[Au],True,In the original data set,ok,True
1,5,34,COCCN(CCC#N)CC(O[Cu])COC(=O)[Au],False,novel,ok,True
1,5,34,CON(CCO[Cu])CCOCCOC(=O)[Au],False,novel,ok,True
1,5,34,COCCCC(CN(C)CCOC(=O)[Au])O[Cu],False,novel,ok,True
1,5,34,CN(CCCCOC(=O)[Au])CCOC[Cu],False,novel,ok,True
1,5,34,NC(=O)CSCC(CO[Cu])OC(=O)[Au],False,In the original data set,ok,True
1,5,34,O=C([Au])OCCSCCCSCCO[Cu],False,In the original data set,ok,True
1,5,34,C#CCN(CC#C)CC(COC(=O)[Au])O[Cu],True,In the original data set,ok,True
1,5,34,CCC(=O)CNCC(CO[Cu])OC(=O)[Au],False,In the original data set,ok,True
1,5,34,CS(COCC(COC(=O)[Au])O[Cu],False,novel,SMILES Parse Error: extra open parentheses for input: 'CS(COCC(COC(=O)[Au])O[Cu]',True
1,5,34,COCC(C)CN(CCNC(=O)[Au])CCO[Cu],False,novel,ok,True
1,5,34,CN(CCCCCCCO[Cu])CCOC(=O)[Au],True,In the original data set,ok,True
1,5,34,CCOCCC(CNCC(=O)[Au])O[Cu],False,novel,ok,True
1,5,34,CC(CNCCCOCCOC(=O)[Au])O[Cu],True,In the original data set,ok,True
1,5,34,CCCN(C)CCN(CCO[Cu])COC(=O)[Au],False,novel,ok,True
1,5,34,C#CCCCN(C)CC(COCOC(=O)[Au])O[Cu],False,novel,ok,True
1,5,34,COC(=O)CN(CCN[Cu])CCOC(=O)[Au],False,novel,ok,True
1,5,34,C=CC(C)(CNCCOC(=O)[Au])O[Cu],False,In the original data set,ok,True
1,5,34,C=CC(COC(=O)[Au])NCCOCCO[Cu],True,In the original data set,ok,True
1,5,34,O=C([Au])OCCCCCCO[Cu],False,In the original data set,ok,True
1,5,34,CS(=O)CCN(CCO[Cu])CCOC(=O)[Au],True,In the original data set,ok,True
1,5,34,CCC(=O)CNCC(CO[Cu])OC(=O)[Au],True,In the original data set,ok,True
1,5,34,CC(CCCCOC(=O)[Au])NCCCCO[Cu],False,In the original data set,ok,True
1,5,34,O=C([Au])OCCOCCCOCCN[Cu],True,novel,ok,True
1,5,34,O=C([Au])OCCSCCN[Cu],False,In the original data set,ok,True
1,5,34,C=CCN(CC#N)CC(COC(=O)[Au])O[Cu],True,novel,ok,True
1,5,34,CNOCCCCNC(CO[Cu])COC(=O)[Au],False,novel,ok,True
1,5,34,O=C(COCCN[Cu])NCCCCOC(=O)[Au],True,In the original data set,ok,True
1,5,34,CC(CO[Cu])OC(C)COC(=O)[Au],True,In the original data set,ok,True
1,5,34,CC(CCO[Cu])NCCCOC(=O)[Au],False,In the original data set,ok,True
1,5,34,CC(COC(=O)[Au])CSCCCCO[Cu],False,In the original data set,ok,True
1,5,34,CS(=O)CCN(CCO[Cu])CCOC(=O)[Au],True,In the original data set,ok,True
1,5,34,C=CCCCN(C)CC(CO[Cu])OC(=O)[Au],True,novel,ok,True
1,5,34,CN(CCCCCOC(=O)[Au])CCCO[Cu],True,In the original data set,ok,True
1,5,34,CCCN(CCO[Cu])CCOCCOC(=O)[Au],False,novel,ok,True
1,5,34,CC(CCO[Cu])SCCCCOC(=O)[Au],False,In the original data set,ok,True
1,5,34,C=CC(CO[Cu])NCCCOC(=O)[Au],True,In the original data set,ok,True
1,5,34,O=C([Au])OCCNCCN[Cu],False,novel,ok,True
1,5,34,O=C(CCO[Cu])NCCCCOCNC(=O)[Au],False,novel,ok,True
1,5,34,C#CCN(CC#C)CC(COC(=O)[Au])O[Cu],True,In the original data set,ok,True
1,5,34,CNCCN(CCCO[Cu])CC(COC(=O)[Au],False,novel,SMILES Parse Error: extra open parentheses for input: 'CNCCN(CCCO[Cu])CC(COC(=O)[Au]',True
1,5,34,COCCN(CC#N)CC(COC(=O)[Au])O[Cu],True,In the original data set,ok,True
1,5,34,CCSCN(CCO[Cu])CCOC(=O)OC(=O)[Au],False,novel,ok,True
1,5,34,CSCCN(C)CC(CO[Cu])OC(=O)[Au],True,In the original data set,ok,True
1,5,34,CNCCN(C)CC(CO[Cu])OC(=O)[Au],False,novel,ok,True
1,5,34,COC(CNCC=CCO)C(CO[Cu])[Au],False,novel,ok,True
1,5,34,O=C(CCO[Cu])NCCCCOC(=O)[Au],True,novel,ok,True
1,5,34,CSCCN(C)CC(CO[Cu])OC(=O)[Au],True,In the original data set,ok,True
1,5,34,O=C([Au])OCCOCCCO[Cu],False,novel,ok,True
1,5,34,CC(COC(=O)[Au])CSCCCCO[Cu],True,In the original data set,ok,True
1,5,34,C=CCN(CCOC)CCO[Cu],False,novel,More than two ends,False
1,5,34,CC(COC(=O)[Au])SCCO[Cu],True,In the original data set,ok,True
1,5,34,O=C([Au])OCCCCOCCCCO[Cu],True,In the original data set,ok,True
1,5,34,C=CC(CO[Cu])NC(C)CCOC(=O)[Au],False,In the original data set,ok,True
1,5,34,CCC(CNCC=CCO[Cu])OC(=O)[Au],True,In the original data set,ok,True
1,5,34,O=C([Au])OCCCNCC=CCOCCN[Cu],False,novel,ok,True
1,5,34,COCCCN(CCO[Cu])CCOC(=O)[Au],True,In the original data set,ok,True
1,5,34,CC(CNCCCOCCOC(=O)[Au])O[Cu],True,In the original data set,ok,True
1,5,34,CN(CCOCCO[Cu])CCNC(=O)[Au],False,novel,ok,True
1,5,34,C=CCN(CCCOC(=O)[Au])CCO[Cu],False,novel,ok,True
1,5,34,O=C([Au])OCCSCCCOCCCO[Cu],False,novel,ok,True
1,5,34,COCC(CN(C)CCO[Cu])OC(=O)[Au],True,In the original data set,ok,True
1,5,34,CN(CCO[Cu])CCN(C)CCOC(=O)[Au],True,In the original data set,ok,True
1,5,34,CN(CCC(N)=O)CC(CO[Cu])OC(=O)[Au],True,In the original data set,ok,True
1,5,34,COC(CN(C)CCCOC(=O)[Au])O[Cu],False,novel,ok,True
1,5,34,CN(CCNC(=O)[Au])CCOCCO[Cu],False,In the original data set,ok,True
1,5,34,CCOCCC(CNC(C)CCO[Cu])OC(=O)[Au],False,novel,ok,True
1,5,34,O=C([Au])NCCNCCOCCOCC(CN[Cu],False,novel,SMILES Parse Error: extra open parentheses for input: 'O=C([Au])NCCNCCOCCOCC(CN[Cu]',True
1,5,34,C=CC(COC(=O)[Au])NCC(COC)O[Cu],True,In the original data set,ok,True
1,5,34,CCN(CCN[Cu])C(=O)COCCNC(=O)[Au],False,novel,ok,True
1,5,34,CC(CO[Cu])OCC(C)COC(C)OC(=O)[Au],False,novel,ok,True
1,5,34,O=C(CCCOC(=O)[Au])NOCCO[Cu],False,novel,ok,True
1,5,34,CC(CSCCOCCO[Cu])OC(=O)[Au],False,In the original data set,ok,True
1,5,34,CSC(CNC(CO[Cu])CCOC(=O)[Au],False,novel,SMILES Parse Error: extra open parentheses for input: 'CSC(CNC(CO[Cu])CCOC(=O)[Au]',True
1,5,34,O=C([Au])OCCNCCN[Cu],True,novel,ok,True
1,5,34,CCN(CCCCO[Cu])CCOC(=O)[Au],True,In the original data set,ok,True
1,5,34,COCC(OCC(COC(=O)[Au])O[Cu],False,novel,SMILES Parse Error: extra open parentheses for input: 'COCC(OCC(COC(=O)[Au])O[Cu]',True
1,5,34,O=C([Au])OCCSCCNCCOCCO[Cu],False,novel,ok,True
1,5,34,O=C(CCO[Cu])NCCOC(=O)[Au],False,novel,ok,True
1,5,34,CC(=O)CN(C)CC(CO[Cu])OC(=O)[Au],False,novel,ok,True
1,5,34,O=C(CCCCOC(=O)[Au])NCCCCCO[Cu],False,novel,ok,True
1,5,34,CC(CN(C)CCO[Cu])OCCCOC(=O)[Au],False,novel,ok,True
1,5,34,CC(CCO[Cu])NCCCCCOC(=O)[Au],False,In the original data set,ok,True
1,5,34,O=C(CCN[Cu])NCCCOC(=O)[Au],False,novel,ok,True
1,5,34,O=C([Au])OCCCCO[Cu],True,In the original data set,ok,True
1,5,34,O=C([Au])OCCCCO[Cu],True,In the original data set,ok,True
1,5,34,N#CCN(CCOCOC(=O)[Au])CCO[Cu],False,novel,ok,True
1,5,34,O=C([Au])OCC(CO[Cu])NCCCCCF,True,In the original data set,ok,True
1,5,34,CCCOCC(CN(C)CCOC(=O)[Au])O[Cu],False,novel,ok,True
1,5,34,CN(CCO[Cu])CCN(C)CCOC(=O)[Au],True,In the original data set,ok,True
1,5,34,O=C(COCCOC(=O)[Au])NCCO[Cu],False,In the original data set,ok,True
1,5,34,O=C([Au])OCCCCCO[Cu],True,In the original data set,ok,True
1,5,34,C=CCN(CCOC(=O)[Au])CO[Cu],False,novel,ok,True
1,5,34,CC(C)N(CCO[Cu])CCOCCOC(=O)[Au],False,In the original data set,ok,True
1,5,34,C=CC(CO[Cu])OC(=O)[Au],False,novel,ok,True
1,5,34,CCC#NCCN(CCN[Cu])CCNC(=O)[Au],False,novel,"Explicit valence for atom # 3 N, 4, is greater than permitted",True
1,5,34,O=C([Au])NCCSCCO[Cu],False,novel,ok,True
1,5,34,COCCCCN(C)CC(COC(=O)[Au])O[Cu],False,novel,ok,True
1,5,34,CCN(CCCO[Cu])CCCOC(=O)[Au],True,In the original data set,ok,True
1,5,34,COCCCCCNC(CN[Cu])CNC(=O)[Au],False,In the original data set,ok,True
1,5,34,C=CCNCCN(CCN[Cu])CCNC(=O)[Au],False,In the original data set,ok,True
1,5,34,CC(C)COCC(CNCCO[Cu])OC(=O)[Au],True,novel,ok,True
1,5,34,CC(=O)NCCN(CCOC(=O)CO[Cu])COC(=O)[Au],False,novel,ok,True
1,5,34,C=CCOCC(CNCCCOC(=O)[Au])O[Cu],False,In the original data set,ok,True
1,5,34,CNCCN(CCN[Cu])CCNC(=O)[Au],True,In the original data set,ok,True
1,5,34,CCN(CCCCCCO[Cu])CCOC(=O)[Au],True,novel,ok,True
1,5,34,C)CN(CCCOC(=O)[Au])COCCO[Cu],False,novel,"SMILES Parse Error: extra close parentheses while parsing: C)CN(CCCOC(=O)[Au])COCCO[Cu]
[17:21:12] SMILES Parse Error: Failed parsing SMILES 'C)CN(CCCOC(=O)[Au])COCCO[Cu]' for input: 'C)CN(CCCOC(=O)[Au])COCCO[Cu]'",True
1,5,34,CCC(CNCCCCO[Cu])OC(=O)[Au],False,novel,ok,True
1,5,34,COCCN(CCO[Cu])CCOC(=O)[Au],True,In the original data set,ok,True
1,5,34,CON(CCCOC)CC(COC(=O)[Au])O[Cu],False,novel,ok,True
1,5,34,CC(C)(CNCC=CCCN[Cu])NC(=O)[Au],False,novel,ok,True
1,5,34,CCOCCCN(C)CC(CO[Cu])OC(=O)[Au],False,novel,ok,True
1,5,34,CCCCOCC(CN(C)CCOC(=O)[Au])O[Cu],False,novel,ok,True
1,5,34,C=CC(CNCCCO[Cu])OCCOC(=O)[Au],False,novel,ok,True
1,5,34,COCCCN(CCO[Cu])COC(=O)[Au],False,novel,ok,True
1,5,34,CS(=O)CC(=O)NC(CO[Cu])COC(=O)[Au],False,novel,ok,True
1,5,34,O=C([Au])NCCNCCNCCCN[Cu],True,In the original data set,ok,True
1,5,34,COCCCN(C)CC(CO[Cu])OC(=O)[Au],True,In the original data set,ok,True
1,5,34,CCN(CCOCCO[Cu])C(C)OC(=O)[Au],False,novel,ok,True
1,5,34,C=C(COC(=O)[Au])C(=O)N(C)CCCO[Cu],False,novel,ok,True
1,5,34,C=CC(CNCC(=O)NC(CO[Cu])OC(=O)[Au],False,novel,SMILES Parse Error: extra open parentheses for input: 'C=CC(CNCC(=O)NC(CO[Cu])OC(=O)[Au]',True
1,5,34,C=CC(C)(OC(=O)[Au])C(=O)NCCO[Cu],False,novel,ok,True
1,5,34,O=C([Au])OCCCCCCCCOCCCCO[Cu],False,novel,ok,True
1,5,34,CCN(CCOCCO[Cu])CCNC(=O)[Au],False,novel,ok,True
1,5,34,CCN(CCCOC(=O)CCO[Cu])CCOC(=O)[Au],False,novel,ok,True
1,5,34,O=C([Au])NCCCCCNCCCN[Cu],False,In the original data set,ok,True
1,5,34,CC(=O)CCN(CCNCCO[Cu])OC(=O)[Au],False,novel,ok,True
1,5,34,CC(CCOC(COC(=O)[Au])OCCO[Cu],False,novel,SMILES Parse Error: extra open parentheses for input: 'CC(CCOC(COC(=O)[Au])OCCO[Cu]',True
