model_variant,ckpt_variant,condition,decode_mode,run,smiles,count,is_degenerate
Encoder_Only,pi1m_finetuned,LOW,raw,1,[*]COC(=O)OC([*])CN(C)C(=O)C(C)(C)C,13,False
Encoder_Only,pi1m_finetuned,LOW,raw,1,[*]COC(=O)OC([*])CN(C)C(=O)C=C(C)C,10,False
Encoder_Only,pi1m_finetuned,LOW,raw,1,[*]COC(=O)OC([*])CN(CC)C(C)C,9,False
Encoder_Only,pi1m_finetuned,LOW,raw,1,[*]COC(=O)OC([*])CN(C)C(C)C(=O)O,7,False
Encoder_Only,pi1m_finetuned,LOW,raw,1,[*]CNC(=O)NC([*])C(=O)NC(C)C(C)C,7,False
Encoder_Only,pi1m_finetuned,LOW,raw,1,[*]COC(=O)OC([*])CN(C)C(=O)C(C)C,6,False
Encoder_Only,pi1m_finetuned,LOW,raw,1,[*]COC(=O)OC([*])CN(CC)CC(C)C,6,False
Encoder_Only,pi1m_finetuned,LOW,raw,1,[*]OC(=O)OC(C)(C)C([*])CN(C)CC#CC,6,False
Encoder_Only,pi1m_finetuned,LOW,raw,1,[*]COC(=O)OC([*])CN(C)C(=O)C(C)C=C,5,False
Encoder_Only,pi1m_finetuned,LOW,raw,1,[*]COC(=O)OC([*])CN(C)C(=O)C#CC,5,False
Encoder_Only,pi1m_finetuned,LOW,raw,1,[*]COC(=O)OC([*])CN(C)C(=O)C#CC(C)C,5,False
Encoder_Only,pi1m_finetuned,LOW,raw,1,[*]COC(=O)OC([*])CN(C)C(=O)CCC,5,False
Encoder_Only,pi1m_finetuned,LOW,raw,1,[*]COC(=O)OC([*])CN(C)C(C)C(C)C,4,False
Encoder_Only,pi1m_finetuned,LOW,raw,1,[*]COC(=O)OC([*])CN(C)C(C)CC,4,False
Encoder_Only,pi1m_finetuned,LOW,raw,1,[*]COC(=O)OC([*])CN(C)C(=O)C(C)CC,4,False
Encoder_Only,pi1m_finetuned,LOW,raw,2,[*]COC(=O)OC([*])CN(C)C(=O)C(C)(C)C,17,False
Encoder_Only,pi1m_finetuned,LOW,raw,2,[*]COC(=O)OC([*])CN(C)C(=O)C#CC,13,False
Encoder_Only,pi1m_finetuned,LOW,raw,2,[*]COC(=O)OC([*])CN(CC)C(C)C,8,False
Encoder_Only,pi1m_finetuned,LOW,raw,2,[*]COC(=O)OC([*])CN(C)C(=O)C=C(C)C,7,False
Encoder_Only,pi1m_finetuned,LOW,raw,2,[*]COC(=O)OC([*])CN(C)C(C)CCC,7,False
Encoder_Only,pi1m_finetuned,LOW,raw,2,[*]CNC(=O)NC([*])C(=O)NC(C)C(C)C,6,False
Encoder_Only,pi1m_finetuned,LOW,raw,2,[*]COC(=O)OC([*])CN(C)C(=O)CCCC#C,6,False
Encoder_Only,pi1m_finetuned,LOW,raw,2,[*]COC(=O)OC([*])CN(CC)CC(C)C,6,False
Encoder_Only,pi1m_finetuned,LOW,raw,2,[*]COC(=O)OC([*])CN(C)C(C)C(C)C,5,False
Encoder_Only,pi1m_finetuned,LOW,raw,2,[*]COC(=O)OC([*])CN(C)C(=O)C(C)C,5,False
Encoder_Only,pi1m_finetuned,LOW,raw,2,[*]CNC(=O)NC([*])C(=O)NC(C)C(=O)OC,5,False
Encoder_Only,pi1m_finetuned,LOW,raw,2,[*]COC(=O)OC([*])CN(C)C(C)CC,5,False
Encoder_Only,pi1m_finetuned,LOW,raw,2,[*]COC(=O)OC([*])CN(C)C(C)C(=O)O,5,False
Encoder_Only,pi1m_finetuned,LOW,raw,2,[*]COC(=O)OC([*])CN(C)C(=O)C(C)CC,5,False
Encoder_Only,pi1m_finetuned,LOW,raw,2,[*]CNC(=O)NC([*])C(=O)NC(C)C,4,False
Encoder_Only,pi1m_finetuned,LOW,raw,3,[*]COC(=O)OC([*])CN(C)C(=O)C(C)(C)C,17,False
Encoder_Only,pi1m_finetuned,LOW,raw,3,[*]COC(=O)OC([*])CN(C)C(=O)C#CC,16,False
Encoder_Only,pi1m_finetuned,LOW,raw,3,[*]COC(=O)OC([*])CN(C)C(=O)C=C(C)C,11,False
Encoder_Only,pi1m_finetuned,LOW,raw,3,[*]COC(=O)OC([*])CN(C)C(C)C(C)C,9,False
Encoder_Only,pi1m_finetuned,LOW,raw,3,[*]COC(=O)OC([*])CN(C)C(C)C(=O)O,8,False
Encoder_Only,pi1m_finetuned,LOW,raw,3,[*]COC(=O)OC([*])CN(CC)CC(C)C,7,False
Encoder_Only,pi1m_finetuned,LOW,raw,3,[*]COC(=O)OC([*])CSC(CC)CC,6,False
Encoder_Only,pi1m_finetuned,LOW,raw,3,[*]CNC(=O)NC([*])C(=O)NC(C)C(=O)OC,5,False
Encoder_Only,pi1m_finetuned,LOW,raw,3,[*]COC(=O)OC([*])CN(C)C(=O)C(C)CC,5,False
Encoder_Only,pi1m_finetuned,LOW,raw,3,[*]COC(=O)OC([*])CN(C)C(=O)C(C)C,5,False
Encoder_Only,pi1m_finetuned,LOW,raw,3,[*]COC(=O)OC([*])CSC(CC)C(=O)O,4,False
Encoder_Only,pi1m_finetuned,LOW,raw,3,[*]OC(=O)OC(C)(C)C([*])CN(CC)CC,4,False
Encoder_Only,pi1m_finetuned,LOW,raw,3,[*]COC(=O)OC([*])CN(CC)C(C)C,4,False
Encoder_Only,pi1m_finetuned,LOW,raw,3,[*]COC(=O)OC([*])CN(C)C(=O)CCCC#C,4,False
Encoder_Only,pi1m_finetuned,LOW,raw,3,[*]COC(=O)OC([*])CN(CC)CCC(C)C,4,False
Encoder_Only,pi1m_finetuned,LOW,constrained,1,[*]COC(=O)OC([*])CN(C)C(=O)C=C(C)C,14,False
Encoder_Only,pi1m_finetuned,LOW,constrained,1,[*]COC(=O)OC([*])CN(C)C(=O)C(C)(C)C,13,False
Encoder_Only,pi1m_finetuned,LOW,constrained,1,[*]COC(=O)OC([*])CN(C)C(=O)C#CC,12,False
Encoder_Only,pi1m_finetuned,LOW,constrained,1,[*]COC(=O)OC([*])CN(C)C(C)CCC,7,False
Encoder_Only,pi1m_finetuned,LOW,constrained,1,[*]COC(=O)OC([*])CN(C)C(C)C(=O)O,7,False
Encoder_Only,pi1m_finetuned,LOW,constrained,1,[*]CNC(=O)NC([*])C(=O)NC(C)C(C)C,6,False
Encoder_Only,pi1m_finetuned,LOW,constrained,1,[*]COC(=O)OC([*])CCCCCCCC,6,False
Encoder_Only,pi1m_finetuned,LOW,constrained,1,[*]CNC(=O)NC([*])C(=O)NC[Si](C)(C)C,6,False
Encoder_Only,pi1m_finetuned,LOW,constrained,1,[*]COC(=O)OC([*])CN(C)C(C)CC,6,False
Encoder_Only,pi1m_finetuned,LOW,constrained,1,[*]CNCC(OC(=O)OC([*])CC)C(C)(C)C,5,False
Encoder_Only,pi1m_finetuned,LOW,constrained,1,[*]COC(=O)OC([*])CN(C)C(=O)C(C)CC,5,False
Encoder_Only,pi1m_finetuned,LOW,constrained,1,[*]COC(=O)OC([*])CN(C)C(=O)C(C)C,5,False
Encoder_Only,pi1m_finetuned,LOW,constrained,1,[*]COC(=O)OC([*])CN(C)C(C)C(C)C,5,False
Encoder_Only,pi1m_finetuned,LOW,constrained,1,[*]CNC(=O)NC([*])C(=O)NCC(C)(C)C,5,False
Encoder_Only,pi1m_finetuned,LOW,constrained,1,[*]COC(=O)OC([*])CSC(CC)C(=O)O,4,False
Encoder_Only,pi1m_finetuned,LOW,constrained,2,[*]COC(=O)OC([*])CN(C)C(=O)C#CC,16,False
Encoder_Only,pi1m_finetuned,LOW,constrained,2,[*]COC(=O)OC([*])CN(C)C(=O)C=C(C)C,15,False
Encoder_Only,pi1m_finetuned,LOW,constrained,2,[*]COC(=O)OC([*])CN(C)C(=O)C(C)(C)C,14,False
Encoder_Only,pi1m_finetuned,LOW,constrained,2,[*]COC(=O)OC([*])CN(C)C(C)C(C)C,9,False
Encoder_Only,pi1m_finetuned,LOW,constrained,2,[*]COC(=O)OC([*])CN(C)C(=O)C(C)CC,8,False
Encoder_Only,pi1m_finetuned,LOW,constrained,2,[*]COC(=O)OC([*])CN(CC)C(C)CC,7,False
Encoder_Only,pi1m_finetuned,LOW,constrained,2,[*]COC(=O)OC([*])CN(CC)C(C)C(=O)O,6,False
Encoder_Only,pi1m_finetuned,LOW,constrained,2,[*]COC(=O)OC([*])CN(CC)CC(C)C,6,False
Encoder_Only,pi1m_finetuned,LOW,constrained,2,[*]COC(=O)OC([*])CN(C)C(=O)CC=CC=C,5,False
Encoder_Only,pi1m_finetuned,LOW,constrained,2,[*]OC(=O)OC(C)(C)C([*])CN(CC)CC,5,False
Encoder_Only,pi1m_finetuned,LOW,constrained,2,[*]COC(=O)OC([*])CN(C)C(=O)CCCC#C,5,False
Encoder_Only,pi1m_finetuned,LOW,constrained,2,[*]COC(=O)OC([*])CN(C)C(C)CC,5,False
Encoder_Only,pi1m_finetuned,LOW,constrained,2,[*]CNC(=O)NC([*])C(=O)NC(C)CC(C)C,4,False
Encoder_Only,pi1m_finetuned,LOW,constrained,2,[*]COC(=O)OC([*])CN(C)C(=O)CC(C)C,4,False
Encoder_Only,pi1m_finetuned,LOW,constrained,2,[*]CNC(=O)NC([*])C(=O)NC[Si](C)(C)C,4,False
Encoder_Only,pi1m_finetuned,LOW,constrained,3,[*]COC(=O)OC([*])CN(C)C(=O)C(C)CC,11,False
Encoder_Only,pi1m_finetuned,LOW,constrained,3,[*]COC(=O)OC([*])CN(C)C(=O)C(C)(C)C,10,False
Encoder_Only,pi1m_finetuned,LOW,constrained,3,[*]COC(=O)OC([*])CN(C)C(=O)C=C(C)C,8,False
Encoder_Only,pi1m_finetuned,LOW,constrained,3,[*]COC(=O)OC([*])CN(C)C(=O)C#CC,8,False
Encoder_Only,pi1m_finetuned,LOW,constrained,3,[*]COC(=O)OC([*])CN(CC)C(C)C(=O)O,6,False
Encoder_Only,pi1m_finetuned,LOW,constrained,3,[*]COC(=O)OC([*])CN(C)C(C)CC,6,False
Encoder_Only,pi1m_finetuned,LOW,constrained,3,[*]COC(=O)OC([*])CN(C)C(C)C(C)C,6,False
Encoder_Only,pi1m_finetuned,LOW,constrained,3,[*]COC(=O)OC([*])CCCCCCCC,5,False
Encoder_Only,pi1m_finetuned,LOW,constrained,3,[*]COC(=O)OC([*])CN(C)C(C)CCC,5,False
Encoder_Only,pi1m_finetuned,LOW,constrained,3,[*]COC(=O)OC([*])CN(C)C(C)C(=O)O,5,False
Encoder_Only,pi1m_finetuned,LOW,constrained,3,[*]COC(=O)OC([*])CN(CC)CC(C)C,5,False
Encoder_Only,pi1m_finetuned,LOW,constrained,3,[*]CNC(=O)NC([*])C(=O)NCC(C)(C)C,4,False
Encoder_Only,pi1m_finetuned,LOW,constrained,3,[*]COC(=O)OC([*])CN(C)C(=O)CCC#C,4,False
Encoder_Only,pi1m_finetuned,LOW,constrained,3,[*]OC(=O)OC(CC)C(C)C([*])CC,4,False
Encoder_Only,pi1m_finetuned,LOW,constrained,3,[*]COC(=O)OC([*])CN(CC)C(C)CC,4,False
Encoder_Only,pi1m_finetuned,HIGH,raw,1,[*]CCCCOCCOCCOCCOCCOCCC[*],71,False
Encoder_Only,pi1m_finetuned,HIGH,raw,1,[*]OCCOCCOC([*])=O,42,False
Encoder_Only,pi1m_finetuned,HIGH,raw,1,[*]COC(=O)OCCOCCNC([*])C=C,16,False
Encoder_Only,pi1m_finetuned,HIGH,raw,1,[*]OCCCCCCCCCCOC([*])=O,15,False
Encoder_Only,pi1m_finetuned,HIGH,raw,1,[*]CCOCCOC(=O)OCCN([*])C,9,False
Encoder_Only,pi1m_finetuned,HIGH,raw,1,[*]OCCCCOCCCOC([*])=O,7,False
Encoder_Only,pi1m_finetuned,HIGH,raw,1,[*]OCCCOCCOC([*])=O,6,False
Encoder_Only,pi1m_finetuned,HIGH,raw,1,[*]COC(=O)OCCOCCOC([*])=O,6,False
Encoder_Only,pi1m_finetuned,HIGH,raw,1,[*]CCOC(=O)OCCN([*])CCSC,5,False
Encoder_Only,pi1m_finetuned,HIGH,raw,1,[*]COC(=O)OCCOCCNC([*])C,5,False
Encoder_Only,pi1m_finetuned,HIGH,raw,1,[*]CCOC(=O)OCCN([*])C,4,False
Encoder_Only,pi1m_finetuned,HIGH,raw,1,[*]CCOC(=O)OCCN([*])CC,3,False
Encoder_Only,pi1m_finetuned,HIGH,raw,1,[*]CCOC(=O)OCCCSC([*])C,3,False
Encoder_Only,pi1m_finetuned,HIGH,raw,1,[*]CCOC(=O)OCCOCCSC([*])C,3,False
Encoder_Only,pi1m_finetuned,HIGH,raw,1,[*]CCOC(=O)OCCN([*])CCOC,3,False
Encoder_Only,pi1m_finetuned,HIGH,raw,2,[*]CCCCOCCOCCOCCOCCOCCC[*],70,False
Encoder_Only,pi1m_finetuned,HIGH,raw,2,[*]OCCOCCOC([*])=O,40,False
Encoder_Only,pi1m_finetuned,HIGH,raw,2,[*]COC(=O)OCCOCCNC([*])C=C,17,False
Encoder_Only,pi1m_finetuned,HIGH,raw,2,[*]CCOCCOC(=O)OCCN([*])C,13,False
Encoder_Only,pi1m_finetuned,HIGH,raw,2,[*]OCCCCCCCCCCOC([*])=O,12,False
Encoder_Only,pi1m_finetuned,HIGH,raw,2,[*]OCCCCOCCCOC([*])=O,10,False
Encoder_Only,pi1m_finetuned,HIGH,raw,2,[*]CCOC(=O)OCCN([*])C,8,False
Encoder_Only,pi1m_finetuned,HIGH,raw,2,[*]OCCCOCCOC([*])=O,7,False
Encoder_Only,pi1m_finetuned,HIGH,raw,2,[*]COC(=O)OCCOCCSC([*])C,7,False
Encoder_Only,pi1m_finetuned,HIGH,raw,2,[*]CCOC(=O)OCCN([*])CCSC,6,False
Encoder_Only,pi1m_finetuned,HIGH,raw,2,[*]CCOC(=O)OCCN([*])CCC=C,5,False
Encoder_Only,pi1m_finetuned,HIGH,raw,2,[*]COC(=O)OCCOCCOC([*])=O,4,False
Encoder_Only,pi1m_finetuned,HIGH,raw,2,[*]CCNC(=O)NCCOCCN([*])C,4,False
Encoder_Only,pi1m_finetuned,HIGH,raw,2,[*]OCCCCOC([*])=O,4,False
Encoder_Only,pi1m_finetuned,HIGH,raw,2,[*]CCOC(=O)OCCN([*])CC(C)C,3,False
Encoder_Only,pi1m_finetuned,HIGH,raw,3,[*]CCCCOCCOCCOCCOCCOCCC[*],77,False
Encoder_Only,pi1m_finetuned,HIGH,raw,3,[*]OCCOCCOC([*])=O,43,False
Encoder_Only,pi1m_finetuned,HIGH,raw,3,[*]COC(=O)OCCOCCNC([*])C=C,18,False
Encoder_Only,pi1m_finetuned,HIGH,raw,3,[*]OCCCOCCOC([*])=O,12,False
Encoder_Only,pi1m_finetuned,HIGH,raw,3,[*]CCOCCOC(=O)OCCN([*])C,10,False
Encoder_Only,pi1m_finetuned,HIGH,raw,3,[*]OCCCCCCCCCCOC([*])=O,8,False
Encoder_Only,pi1m_finetuned,HIGH,raw,3,[*]CCOC(=O)OCCN([*])CCCOC,6,False
Encoder_Only,pi1m_finetuned,HIGH,raw,3,[*]CCOC(=O)OCCN([*])CCSC,6,False
Encoder_Only,pi1m_finetuned,HIGH,raw,3,[*]COC(=O)OCCOCCOC([*])=O,5,False
Encoder_Only,pi1m_finetuned,HIGH,raw,3,[*]CCOC(=O)OCCN([*])C,5,False
Encoder_Only,pi1m_finetuned,HIGH,raw,3,[*]CCOC(=O)OCCN([*])CC,4,False
Encoder_Only,pi1m_finetuned,HIGH,raw,3,[*]COC(=O)OCCOCCSC([*])C,4,False
Encoder_Only,pi1m_finetuned,HIGH,raw,3,[*]OCCCCOCCCOC([*])=O,4,False
Encoder_Only,pi1m_finetuned,HIGH,raw,3,[*]CCOC(=O)OCCCCCN(C)C([*])C,4,False
Encoder_Only,pi1m_finetuned,HIGH,raw,3,[*]CCOC(=O)OCCN([*])CCOC,3,False
Encoder_Only,pi1m_finetuned_bundle,LOW,raw,1,[*]COC(=O)OC([*])CN(C)C(=O)C#CC,18,False
Encoder_Only,pi1m_finetuned_bundle,LOW,raw,1,[*]COC(=O)OC([*])CN(C)C(=O)C(C)(C)C,16,False
Encoder_Only,pi1m_finetuned_bundle,LOW,raw,1,[*]COC(=O)OC([*])CN(C)C(=O)C=C(C)C,14,False
Encoder_Only,pi1m_finetuned_bundle,LOW,raw,1,[*]COC(=O)OC([*])CN(C)C(C)C(=O)O,10,False
Encoder_Only,pi1m_finetuned_bundle,LOW,raw,1,[*]COC(=O)OC([*])CN(CC)CC(C)C,9,False
Encoder_Only,pi1m_finetuned_bundle,LOW,raw,1,[*]COC(=O)OC([*])CN(C)C(C)CCC,7,False
Encoder_Only,pi1m_finetuned_bundle,LOW,raw,1,[*]COC(=O)OC([*])CN(C)C(=O)C(C)CC,5,False
Encoder_Only,pi1m_finetuned_bundle,LOW,raw,1,[*]COC(=O)OC([*])CN(C)C(C)C(C)C,5,False
Encoder_Only,pi1m_finetuned_bundle,LOW,raw,1,[*]CNC(=O)NC([*])C(=O)NC[Si](C)(C)C,5,False
Encoder_Only,pi1m_finetuned_bundle,LOW,raw,1,[*]COC(=O)OC([*])CN(C)C(=O)C(C)C,5,False
Encoder_Only,pi1m_finetuned_bundle,LOW,raw,1,[*]COC(=O)OC([*])CN(CC)CCCCC,5,False
Encoder_Only,pi1m_finetuned_bundle,LOW,raw,1,[*]COC(=O)OC([*])CN(C)C(=O)CCCC#C,4,False
Encoder_Only,pi1m_finetuned_bundle,LOW,raw,1,[*]CNC(=O)OC([*])CC(=O)NC(C)(C)C,4,False
Encoder_Only,pi1m_finetuned_bundle,LOW,raw,1,[*]OC(=O)OC(C)(C)C([*])CN(CC)CC,4,False
Encoder_Only,pi1m_finetuned_bundle,LOW,raw,1,[*]COC(=O)OC([*])CN(C)C(=O)CC#CC,4,False
Encoder_Only,pi1m_finetuned_bundle,LOW,raw,2,[*]COC(=O)OC([*])CN(C)C(=O)C(C)(C)C,17,False
Encoder_Only,pi1m_finetuned_bundle,LOW,raw,2,[*]COC(=O)OC([*])CN(C)C(=O)C#CC,11,False
Encoder_Only,pi1m_finetuned_bundle,LOW,raw,2,[*]COC(=O)OC([*])CN(C)C(=O)C=C(C)C,10,False
Encoder_Only,pi1m_finetuned_bundle,LOW,raw,2,[*]COC(=O)OC([*])CN(C)C(C)C(C)C,9,False
Encoder_Only,pi1m_finetuned_bundle,LOW,raw,2,[*]COC(=O)OC([*])CN(C)C(=O)C(C)C,7,False
Encoder_Only,pi1m_finetuned_bundle,LOW,raw,2,[*]OC(=O)OC(CC)C(C)C([*])CC,5,False
Encoder_Only,pi1m_finetuned_bundle,LOW,raw,2,[*]COC(=O)OC([*])CCCCCCCC,5,False
Encoder_Only,pi1m_finetuned_bundle,LOW,raw,2,[*]CNC(=O)NC([*])C(=O)NC(C)C#C,4,False
Encoder_Only,pi1m_finetuned_bundle,LOW,raw,2,[*]COC(=O)OC([*])CN(C)C(=O)CCCC#C,4,False
Encoder_Only,pi1m_finetuned_bundle,LOW,raw,2,[*]COC(=O)OC([*])CN(C)C(=O)C#CC(C)C,4,False
Encoder_Only,pi1m_finetuned_bundle,LOW,raw,2,[*]COC(=O)OC([*])CN(C)C(C)C(=O)O,4,False
Encoder_Only,pi1m_finetuned_bundle,LOW,raw,2,[*]OC(=O)OC(C)(C)C([*])C(=O)NCCC,4,False
Encoder_Only,pi1m_finetuned_bundle,LOW,raw,2,[*]COC(=O)OC([*])CN(C)C(=O)C(C)CC,4,False
Encoder_Only,pi1m_finetuned_bundle,LOW,raw,2,[*]CNCC(C)(C)COC(=O)OC([*])CC,3,False
Encoder_Only,pi1m_finetuned_bundle,LOW,raw,2,[*]CNC(=O)OC([*])CC(=O)NC(C)CNC,3,False
Encoder_Only,pi1m_finetuned_bundle,LOW,raw,3,[*]COC(=O)OC([*])CN(C)C(=O)C(C)(C)C,16,False
Encoder_Only,pi1m_finetuned_bundle,LOW,raw,3,[*]COC(=O)OC([*])CN(C)C(=O)C=C(C)C,11,False
Encoder_Only,pi1m_finetuned_bundle,LOW,raw,3,[*]COC(=O)OC([*])CN(C)C(=O)C#CC,10,False
Encoder_Only,pi1m_finetuned_bundle,LOW,raw,3,[*]COC(=O)OC([*])CN(C)C(=O)C#CC(C)C,7,False
Encoder_Only,pi1m_finetuned_bundle,LOW,raw,3,[*]CNC(=O)NC([*])C(=O)NC[Si](C)(C)C,6,False
Encoder_Only,pi1m_finetuned_bundle,LOW,raw,3,[*]COC(=O)OC([*])CN(C)C(=O)C(C)CC,6,False
Encoder_Only,pi1m_finetuned_bundle,LOW,raw,3,[*]COC(=O)OC([*])CN(C)C(=O)CC=CC=C,6,False
Encoder_Only,pi1m_finetuned_bundle,LOW,raw,3,[*]OC(=O)OC(C)(C)CN(C)C(=O)C([*])C,5,False
Encoder_Only,pi1m_finetuned_bundle,LOW,raw,3,[*]CNC(=O)NC([*])C(=O)NCC(C)(C)C,5,False
Encoder_Only,pi1m_finetuned_bundle,LOW,raw,3,[*]COC(=O)OC([*])CN(C)C(C)C(=O)O,5,False
Encoder_Only,pi1m_finetuned_bundle,LOW,raw,3,[*]CNC(=O)NC([*])C(=O)NC(C)C(C)C,5,False
Encoder_Only,pi1m_finetuned_bundle,LOW,raw,3,[*]COC(=O)OC([*])CN(C)C(=O)CCC#C,4,False
Encoder_Only,pi1m_finetuned_bundle,LOW,raw,3,[*]COC(=O)OC([*])CN(C)C(C)C(C)C,4,False
Encoder_Only,pi1m_finetuned_bundle,LOW,raw,3,[*]COC(=O)OC([*])CN(CC)C(C)C,4,False
Encoder_Only,pi1m_finetuned_bundle,LOW,raw,3,[*]COC(=O)OC([*])CN(C)C(=O)CCCC#C,4,False
Encoder_Only,pi1m_finetuned_bundle,LOW,constrained,1,[*]COC(=O)OC([*])CN(C)C(=O)C=C(C)C,13,False
Encoder_Only,pi1m_finetuned_bundle,LOW,constrained,1,[*]COC(=O)OC([*])CN(C)C(=O)C#CC,11,False
Encoder_Only,pi1m_finetuned_bundle,LOW,constrained,1,[*]COC(=O)OC([*])CN(C)C(=O)C(C)(C)C,10,False
Encoder_Only,pi1m_finetuned_bundle,LOW,constrained,1,[*]COC(=O)OC([*])CN(C)C(=O)C(C)CC,9,False
Encoder_Only,pi1m_finetuned_bundle,LOW,constrained,1,[*]COC(=O)OC([*])CN(C)C(=O)CC,7,False
Encoder_Only,pi1m_finetuned_bundle,LOW,constrained,1,[*]COC(=O)OC([*])CSC(CC)C(=O)O,6,False
Encoder_Only,pi1m_finetuned_bundle,LOW,constrained,1,[*]CNC(=O)NC([*])C(=O)NC(C)CN(C)C,6,False
Encoder_Only,pi1m_finetuned_bundle,LOW,constrained,1,[*]OC(=O)OC(C)(C)C([*])CN(CC)CC,6,False
Encoder_Only,pi1m_finetuned_bundle,LOW,constrained,1,[*]COC(=O)OC([*])CN(C)C(=O)CCC,6,False
Encoder_Only,pi1m_finetuned_bundle,LOW,constrained,1,[*]CNC(=O)NC([*])C(=O)NC(C)C(C)C,5,False
Encoder_Only,pi1m_finetuned_bundle,LOW,constrained,1,[*]COC(=O)OC([*])CN(C)C(C)CC,5,False
Encoder_Only,pi1m_finetuned_bundle,LOW,constrained,1,[*]COC(=O)OC([*])CN(C)C(C)C(C)C,5,False
Encoder_Only,pi1m_finetuned_bundle,LOW,constrained,1,[*]COC(=O)OC([*])CN(C)C(=O)C(C)C,5,False
Encoder_Only,pi1m_finetuned_bundle,LOW,constrained,1,[*]COC(=O)OC([*])CN(CC)C(C)C(=O)O,5,False
Encoder_Only,pi1m_finetuned_bundle,LOW,constrained,1,[*]CNC(=O)NC([*])C(=O)NC[Si](C)(C)C,4,False
Encoder_Only,pi1m_finetuned_bundle,LOW,constrained,2,[*]COC(=O)OC([*])CN(C)C(=O)C(C)(C)C,14,False
Encoder_Only,pi1m_finetuned_bundle,LOW,constrained,2,[*]COC(=O)OC([*])CN(C)C(=O)C#CC,12,False
Encoder_Only,pi1m_finetuned_bundle,LOW,constrained,2,[*]COC(=O)OC([*])CN(C)C(C)C(C)C,10,False
Encoder_Only,pi1m_finetuned_bundle,LOW,constrained,2,[*]COC(=O)OC([*])CN(C)C(=O)C=C(C)C,8,False
Encoder_Only,pi1m_finetuned_bundle,LOW,constrained,2,[*]COC(=O)OC([*])CN(CC)CC(C)C,8,False
Encoder_Only,pi1m_finetuned_bundle,LOW,constrained,2,[*]CNC(=O)NC([*])C(=O)NC(C)C(C)C,8,False
Encoder_Only,pi1m_finetuned_bundle,LOW,constrained,2,[*]COC(=O)OC([*])CN(C)C(=O)CC#CC,7,False
Encoder_Only,pi1m_finetuned_bundle,LOW,constrained,2,[*]COC(=O)OC([*])CN(C)C(C)C(=O)O,7,False
Encoder_Only,pi1m_finetuned_bundle,LOW,constrained,2,[*]OC(=O)OC(C)(C)CN(C)C(=O)C([*])C,5,False
Encoder_Only,pi1m_finetuned_bundle,LOW,constrained,2,[*]COC(=O)OC([*])CN(CC)C(C)C,5,False
Encoder_Only,pi1m_finetuned_bundle,LOW,constrained,2,[*]COC(=O)OC([*])CN(C)C(=O)C(C)CC,5,False
Encoder_Only,pi1m_finetuned_bundle,LOW,constrained,2,[*]COC(=O)OC([*])CN(CC)C(C)CC,5,False
Encoder_Only,pi1m_finetuned_bundle,LOW,constrained,2,[*]COC(=O)OC([*])CN(C)C(=O)C#CC(C)C,5,False
Encoder_Only,pi1m_finetuned_bundle,LOW,constrained,2,[*]COC(=O)OC([*])CN(C)C(C)CC,4,False
Encoder_Only,pi1m_finetuned_bundle,LOW,constrained,2,[*]CNC(=O)OC([*])CC(=O)NC(C)(C)C,4,False
Encoder_Only,pi1m_finetuned_bundle,LOW,constrained,3,[*]COC(=O)OC([*])CN(C)C(=O)C(C)(C)C,18,False
Encoder_Only,pi1m_finetuned_bundle,LOW,constrained,3,[*]COC(=O)OC([*])CN(C)C(=O)C#CC,12,False
Encoder_Only,pi1m_finetuned_bundle,LOW,constrained,3,[*]COC(=O)OC([*])CCCCCCCC,9,False
Encoder_Only,pi1m_finetuned_bundle,LOW,constrained,3,[*]COC(=O)OC([*])CN(C)C(=O)C(C)C,7,False
Encoder_Only,pi1m_finetuned_bundle,LOW,constrained,3,[*]COC(=O)OC([*])CN(C)C(=O)C=C(C)C,7,False
Encoder_Only,pi1m_finetuned_bundle,LOW,constrained,3,[*]COC(=O)OC([*])CN(C)C(C)C(C)C,7,False
Encoder_Only,pi1m_finetuned_bundle,LOW,constrained,3,[*]COC(=O)OC([*])CN(CC)C(C)C,7,False
Encoder_Only,pi1m_finetuned_bundle,LOW,constrained,3,[*]CNC(=O)NC([*])C(=O)NC(C)C(C)C,6,False
Encoder_Only,pi1m_finetuned_bundle,LOW,constrained,3,[*]OC(=O)OC(C)(C)C([*])CN(CC)CC,6,False
Encoder_Only,pi1m_finetuned_bundle,LOW,constrained,3,[*]COC(=O)OC([*])CSC(CC)CC,6,False
Encoder_Only,pi1m_finetuned_bundle,LOW,constrained,3,[*]COC(=O)OC([*])CN(C)C(=O)C(C)CC,5,False
Encoder_Only,pi1m_finetuned_bundle,LOW,constrained,3,[*]COC(=O)OC([*])CN(C)C(C)C#C,5,False
Encoder_Only,pi1m_finetuned_bundle,LOW,constrained,3,[*]COC(=O)OC([*])CN(C)C(=O)CCC#C,5,False
Encoder_Only,pi1m_finetuned_bundle,LOW,constrained,3,[*]COC(=O)OC([*])CN(C)C(C)CC(C)C,5,False
Encoder_Only,pi1m_finetuned_bundle,LOW,constrained,3,[*]COC(=O)OC([*])CN(C)C(=O)C#CC(C)C,4,False
Encoder_Only,pi1m_finetuned_bundle,HIGH,raw,1,[*]CCCCOCCOCCOCCOCCOCCC[*],68,False
Encoder_Only,pi1m_finetuned_bundle,HIGH,raw,1,[*]OCCOCCOC([*])=O,40,False
Encoder_Only,pi1m_finetuned_bundle,HIGH,raw,1,[*]COC(=O)OCCOCCNC([*])C=C,18,False
Encoder_Only,pi1m_finetuned_bundle,HIGH,raw,1,[*]CCOCCOC(=O)OCCN([*])C,13,False
Encoder_Only,pi1m_finetuned_bundle,HIGH,raw,1,[*]COC(=O)OCCOCCOC([*])=O,9,False
Encoder_Only,pi1m_finetuned_bundle,HIGH,raw,1,[*]OCCCCCCCCCCOC([*])=O,9,False
Encoder_Only,pi1m_finetuned_bundle,HIGH,raw,1,[*]OCCCOCCOC([*])=O,8,False
Encoder_Only,pi1m_finetuned_bundle,HIGH,raw,1,[*]OCCCCOCCCOC([*])=O,7,False
Encoder_Only,pi1m_finetuned_bundle,HIGH,raw,1,[*]CCOC(=O)OCCN([*])C,6,False
Encoder_Only,pi1m_finetuned_bundle,HIGH,raw,1,[*]COC(=O)OCCOCCSC([*])C,6,False
Encoder_Only,pi1m_finetuned_bundle,HIGH,raw,1,[*]CCOC(=O)OCCN([*])CCSC,6,False
Encoder_Only,pi1m_finetuned_bundle,HIGH,raw,1,[*]CCOC(=O)OCCN([*])CC(=O)O,5,False
Encoder_Only,pi1m_finetuned_bundle,HIGH,raw,1,[*]COC(=O)OCCCCCNC([*])C=C,4,False
Encoder_Only,pi1m_finetuned_bundle,HIGH,raw,1,[*]COC(=O)OCCOCCNC([*])C,3,False
Encoder_Only,pi1m_finetuned_bundle,HIGH,raw,1,[*]OCCCCOC([*])=O,3,False
Encoder_Only,pi1m_finetuned_bundle,HIGH,raw,2,[*]CCCCOCCOCCOCCOCCOCCC[*],74,False
Encoder_Only,pi1m_finetuned_bundle,HIGH,raw,2,[*]OCCOCCOC([*])=O,33,False
Encoder_Only,pi1m_finetuned_bundle,HIGH,raw,2,[*]OCCCOCCOC([*])=O,20,False
Encoder_Only,pi1m_finetuned_bundle,HIGH,raw,2,[*]CCOCCOC(=O)OCCN([*])C,15,False
Encoder_Only,pi1m_finetuned_bundle,HIGH,raw,2,[*]COC(=O)OCCOCCNC([*])C=C,12,False
Encoder_Only,pi1m_finetuned_bundle,HIGH,raw,2,[*]OCCCCCCCCCCOC([*])=O,12,False
Encoder_Only,pi1m_finetuned_bundle,HIGH,raw,2,[*]COC(=O)OCCOCCOC([*])=O,8,False
Encoder_Only,pi1m_finetuned_bundle,HIGH,raw,2,[*]OCCCCOC([*])=O,6,False
Encoder_Only,pi1m_finetuned_bundle,HIGH,raw,2,[*]OCCCCOCCOC([*])=O,5,False
Encoder_Only,pi1m_finetuned_bundle,HIGH,raw,2,[*]CCOC(=O)OCCN([*])CCCC=C,5,False
Encoder_Only,pi1m_finetuned_bundle,HIGH,raw,2,[*]CCOC(=O)OCCN([*])CCSC,4,False
Encoder_Only,pi1m_finetuned_bundle,HIGH,raw,2,[*]COC(=O)OCCOCCNC([*])C,4,False
Encoder_Only,pi1m_finetuned_bundle,HIGH,raw,2,[*]CCNC(=O)OCCOCCN([*])C,4,False
Encoder_Only,pi1m_finetuned_bundle,HIGH,raw,2,[*]COC(=O)OCCOCCSC([*])C,4,False
Encoder_Only,pi1m_finetuned_bundle,HIGH,raw,2,[*]CCOC(=O)OCCOCCSC([*])C,4,False
Encoder_Only,pi1m_finetuned_bundle,HIGH,raw,3,[*]CCCCOCCOCCOCCOCCOCCC[*],74,False
Encoder_Only,pi1m_finetuned_bundle,HIGH,raw,3,[*]OCCOCCOC([*])=O,31,False
Encoder_Only,pi1m_finetuned_bundle,HIGH,raw,3,[*]OCCCCCCCCCCOC([*])=O,12,False
Encoder_Only,pi1m_finetuned_bundle,HIGH,raw,3,[*]COC(=O)OCCOCCNC([*])C=C,12,False
Encoder_Only,pi1m_finetuned_bundle,HIGH,raw,3,[*]CCOCCOC(=O)OCCN([*])C,11,False
Encoder_Only,pi1m_finetuned_bundle,HIGH,raw,3,[*]OCCCOCCOC([*])=O,10,False
Encoder_Only,pi1m_finetuned_bundle,HIGH,raw,3,[*]CCOC(=O)OCCN([*])CCSC,9,False
Encoder_Only,pi1m_finetuned_bundle,HIGH,raw,3,[*]COC(=O)OCCOCCSC([*])C,7,False
Encoder_Only,pi1m_finetuned_bundle,HIGH,raw,3,[*]COC(=O)OCCOCCOC([*])=O,4,False
Encoder_Only,pi1m_finetuned_bundle,HIGH,raw,3,[*]OCCCCOCCCOC([*])=O,4,False
Encoder_Only,pi1m_finetuned_bundle,HIGH,raw,3,[*]CCOC(=O)OCCN([*])CCCC,4,False
Encoder_Only,pi1m_finetuned_bundle,HIGH,raw,3,[*]CCNC(=O)NCCOCCN([*])C,4,False
Encoder_Only,pi1m_finetuned_bundle,HIGH,raw,3,[*]COC(=O)OCCCSC([*])C,4,False
Encoder_Only,pi1m_finetuned_bundle,HIGH,raw,3,[*]CCOC(=O)OCCN([*])CC(=O)O,4,False
Encoder_Only,pi1m_finetuned_bundle,HIGH,raw,3,[*]COC(=O)OCCOCCNC([*])C,4,False
Encoder_Only_PSMILES,baseline,LOW,raw,1,[*]COC(=O)OC([*])CNC(C)C(C)CC,81,False
Encoder_Only_PSMILES,baseline,LOW,raw,1,[*]COC(=O)OC([*])CNC(C)C(=O)OCC,32,False
Encoder_Only_PSMILES,baseline,LOW,raw,1,[*]OC(=O)OC(C)(C)C([*])CN(C)CC=C,24,False
Encoder_Only_PSMILES,baseline,LOW,raw,1,[*]COC(=O)OC([*])CNC(C#N)CC(C)C,18,False
Encoder_Only_PSMILES,baseline,LOW,raw,1,[*]CCCNC(=O)NC([*])C(=O)N(C)C,17,False
Encoder_Only_PSMILES,baseline,LOW,raw,1,[*]CCOC(=O)OC(C)(C)CC(=O)NC([*])C,14,False
Encoder_Only_PSMILES,baseline,LOW,raw,1,[*]CC(C)OC(=O)OCC(C)N([*])CCC,12,False
Encoder_Only_PSMILES,baseline,LOW,raw,1,[*]CCOC(=O)OC(C)(C)CNC([*])C,8,False
Encoder_Only_PSMILES,baseline,LOW,raw,1,[*]CC(C)(C)OC(=O)OC([*])CNCC(C)C,8,False
Encoder_Only_PSMILES,baseline,LOW,raw,1,[*]COC(=O)OC([*])COC(=O)CCS,7,False
Encoder_Only_PSMILES,baseline,LOW,raw,1,[*]CCCOC(=O)OCCN([*])CC(=O)O,7,False
Encoder_Only_PSMILES,baseline,LOW,raw,1,[*]CC(C)(C)COC(=O)NCCC(=O)N([*])C,6,False
Encoder_Only_PSMILES,baseline,LOW,raw,1,[*]CCOC(=O)OC(CN([*])C)C(C)(C)C,5,False
Encoder_Only_PSMILES,baseline,LOW,raw,1,[*]CCOC(=O)OC(C(=O)N([*])CC)C(C)C,3,False
Encoder_Only_PSMILES,baseline,LOW,raw,1,[*]CC(C)(C)OC(=O)OC([*])CNCCCC#C,3,False
Encoder_Only_PSMILES,baseline,LOW,raw,2,[*]COC(=O)OC([*])CNC(C)C(C)CC,75,False
Encoder_Only_PSMILES,baseline,LOW,raw,2,[*]COC(=O)OC([*])CNC(C)C(=O)OCC,27,False
Encoder_Only_PSMILES,baseline,LOW,raw,2,[*]OC(=O)OC(C)(C)C([*])CN(C)CC=C,26,False
Encoder_Only_PSMILES,baseline,LOW,raw,2,[*]CCCNC(=O)NC([*])C(=O)N(C)C,22,False
Encoder_Only_PSMILES,baseline,LOW,raw,2,[*]COC(=O)OC([*])CNC(C#N)CC(C)C,22,False
Encoder_Only_PSMILES,baseline,LOW,raw,2,[*]CCOC(=O)OC(C)(C)CC(=O)NC([*])C,14,False
Encoder_Only_PSMILES,baseline,LOW,raw,2,[*]CC(C)OC(=O)OCC(C)N([*])CCC,11,False
Encoder_Only_PSMILES,baseline,LOW,raw,2,[*]CC(C)(C)OC(=O)OC([*])CNCCCC#C,10,False
Encoder_Only_PSMILES,baseline,LOW,raw,2,[*]CC(C)(C)OC(=O)OC([*])CNCC(C)C,9,False
Encoder_Only_PSMILES,baseline,LOW,raw,2,[*]CCCOC(=O)OCCN([*])CC(=O)O,9,False
Encoder_Only_PSMILES,baseline,LOW,raw,2,[*]CCOC(=O)OC(C)(C)CNC([*])C,8,False
Encoder_Only_PSMILES,baseline,LOW,raw,2,[*]CC(C)(C)COC(=O)NCCC(=O)N([*])C,5,False
Encoder_Only_PSMILES,baseline,LOW,raw,2,[*]CCOC(=O)OC(C(=O)N([*])CC)C(C)C,4,False
Encoder_Only_PSMILES,baseline,LOW,raw,2,[*]CCCC(C)OC(=O)OCC(C)N([*])CC,4,False
Encoder_Only_PSMILES,baseline,LOW,raw,2,[*]CCOC(=O)OC(CN([*])C)C(C)(C)C,3,False
Encoder_Only_PSMILES,baseline,LOW,raw,3,[*]COC(=O)OC([*])CNC(C)C(C)CC,71,False
Encoder_Only_PSMILES,baseline,LOW,raw,3,[*]COC(=O)OC([*])CNC(C)C(=O)OCC,28,False
Encoder_Only_PSMILES,baseline,LOW,raw,3,[*]CCOC(=O)OC(C)(C)CNC([*])C,22,False
Encoder_Only_PSMILES,baseline,LOW,raw,3,[*]CCCNC(=O)NC([*])C(=O)N(C)C,21,False
Encoder_Only_PSMILES,baseline,LOW,raw,3,[*]OC(=O)OC(C)(C)C([*])CN(C)CC=C,18,False
Encoder_Only_PSMILES,baseline,LOW,raw,3,[*]COC(=O)OC([*])CNC(C#N)CC(C)C,17,False
Encoder_Only_PSMILES,baseline,LOW,raw,3,[*]CCCOC(=O)OCCN([*])CC(=O)O,15,False
Encoder_Only_PSMILES,baseline,LOW,raw,3,[*]CC(C)OC(=O)OCC(C)N([*])CCC,15,False
Encoder_Only_PSMILES,baseline,LOW,raw,3,[*]CCOC(=O)OC(C)(C)CC(=O)NC([*])C,12,False
Encoder_Only_PSMILES,baseline,LOW,raw,3,[*]COC(=O)OC([*])COC(=O)CCS,7,False
Encoder_Only_PSMILES,baseline,LOW,raw,3,[*]CC(C)(C)OC(=O)OC([*])CNCC(C)C,6,False
Encoder_Only_PSMILES,baseline,LOW,raw,3,[*]CC(C)(C)OC(=O)OC([*])CNCCCC#C,5,False
Encoder_Only_PSMILES,baseline,LOW,raw,3,[*]CC(C)(C)COC(=O)NCCC(=O)N([*])C,5,False
Encoder_Only_PSMILES,baseline,LOW,raw,3,[*]CCCC(C)OC(=O)OCC(C)N([*])CC,4,False
Encoder_Only_PSMILES,baseline,LOW,raw,3,[*]CCOC(=O)OC(C(=O)N([*])CC)C(C)C,3,False
Encoder_Only_PSMILES,baseline,LOW,constrained,1,[*]COC(=O)OC([*])CNC(C)C(C)CC,78,False
Encoder_Only_PSMILES,baseline,LOW,constrained,1,[*]COC(=O)OC([*])CNC(C)C(=O)OCC,31,False
Encoder_Only_PSMILES,baseline,LOW,constrained,1,[*]OC(=O)OC(C)(C)C([*])CN(C)CC=C,31,False
Encoder_Only_PSMILES,baseline,LOW,constrained,1,[*]CCCNC(=O)NC([*])C(=O)N(C)C,21,False
Encoder_Only_PSMILES,baseline,LOW,constrained,1,[*]CCOC(=O)OC(C)(C)CNC([*])C,19,False
Encoder_Only_PSMILES,baseline,LOW,constrained,1,[*]COC(=O)OC([*])CNC(C#N)CC(C)C,15,False
Encoder_Only_PSMILES,baseline,LOW,constrained,1,[*]CCOC(=O)OC(C)(C)CC(=O)NC([*])C,13,False
Encoder_Only_PSMILES,baseline,LOW,constrained,1,[*]COC(=O)OC([*])COC(=O)CCS,8,False
Encoder_Only_PSMILES,baseline,LOW,constrained,1,[*]CC(C)OC(=O)OCC(C)N([*])CCC,8,False
Encoder_Only_PSMILES,baseline,LOW,constrained,1,[*]CCCOC(=O)OCCN([*])CC(=O)O,7,False
Encoder_Only_PSMILES,baseline,LOW,constrained,1,[*]CC(C)(C)OC(=O)OC([*])CNCCCC#C,6,False
Encoder_Only_PSMILES,baseline,LOW,constrained,1,[*]CC(C)(C)OC(=O)OC([*])CNCC(C)C,6,False
Encoder_Only_PSMILES,baseline,LOW,constrained,1,[*]CCOC(=O)OC(C(=O)N([*])CC)C(C)C,4,False
Encoder_Only_PSMILES,baseline,LOW,constrained,1,[*]OC(=O)OC(CN(C)C(C)C(=O)O)C([*])C,3,False
Encoder_Only_PSMILES,baseline,LOW,constrained,1,[*]CC(C)(C)COC(=O)NCCC(=O)N([*])C,3,False
Encoder_Only_PSMILES,baseline,LOW,constrained,2,[*]COC(=O)OC([*])CNC(C)C(C)CC,77,False
Encoder_Only_PSMILES,baseline,LOW,constrained,2,[*]OC(=O)OC(C)(C)C([*])CN(C)CC=C,31,False
Encoder_Only_PSMILES,baseline,LOW,constrained,2,[*]COC(=O)OC([*])CNC(C)C(=O)OCC,26,False
Encoder_Only_PSMILES,baseline,LOW,constrained,2,[*]COC(=O)OC([*])CNC(C#N)CC(C)C,20,False
Encoder_Only_PSMILES,baseline,LOW,constrained,2,[*]CCOC(=O)OC(C)(C)CC(=O)NC([*])C,17,False
Encoder_Only_PSMILES,baseline,LOW,constrained,2,[*]CCCOC(=O)OCCN([*])CC(=O)O,17,False
Encoder_Only_PSMILES,baseline,LOW,constrained,2,[*]CCOC(=O)OC(C)(C)CNC([*])C,13,False
Encoder_Only_PSMILES,baseline,LOW,constrained,2,[*]COC(=O)OC([*])COC(=O)CCS,9,False
Encoder_Only_PSMILES,baseline,LOW,constrained,2,[*]CCCNC(=O)NC([*])C(=O)N(C)C,9,False
Encoder_Only_PSMILES,baseline,LOW,constrained,2,[*]CCCC(C)OC(=O)OCC(C)N([*])CC,7,False
Encoder_Only_PSMILES,baseline,LOW,constrained,2,[*]CC(C)(C)OC(=O)OC([*])CNCCCC#C,7,False
Encoder_Only_PSMILES,baseline,LOW,constrained,2,[*]CC(C)OC(=O)OCC(C)N([*])CCC,7,False
Encoder_Only_PSMILES,baseline,LOW,constrained,2,[*]CC(C)(C)OC(=O)OC([*])CNCC(C)C,6,False
Encoder_Only_PSMILES,baseline,LOW,constrained,2,[*]CC(C)(C)COC(=O)NCCC(=O)N([*])C,4,False
Encoder_Only_PSMILES,baseline,LOW,constrained,2,[*]CCOC(=O)OC(C(=O)N([*])CC)C(C)C,2,False
Encoder_Only_PSMILES,baseline,LOW,constrained,3,[*]COC(=O)OC([*])CNC(C)C(C)CC,74,False
Encoder_Only_PSMILES,baseline,LOW,constrained,3,[*]COC(=O)OC([*])CNC(C)C(=O)OCC,30,False
Encoder_Only_PSMILES,baseline,LOW,constrained,3,[*]OC(=O)OC(C)(C)C([*])CN(C)CC=C,22,False
Encoder_Only_PSMILES,baseline,LOW,constrained,3,[*]COC(=O)OC([*])CNC(C#N)CC(C)C,19,False
Encoder_Only_PSMILES,baseline,LOW,constrained,3,[*]CCCNC(=O)NC([*])C(=O)N(C)C,18,False
Encoder_Only_PSMILES,baseline,LOW,constrained,3,[*]CC(C)OC(=O)OCC(C)N([*])CCC,14,False
Encoder_Only_PSMILES,baseline,LOW,constrained,3,[*]CCOC(=O)OC(C)(C)CNC([*])C,13,False
Encoder_Only_PSMILES,baseline,LOW,constrained,3,[*]CCOC(=O)OC(C)(C)CC(=O)NC([*])C,12,False
Encoder_Only_PSMILES,baseline,LOW,constrained,3,[*]CCCOC(=O)OCCN([*])CC(=O)O,10,False
Encoder_Only_PSMILES,baseline,LOW,constrained,3,[*]CCOC(=O)OC(CN([*])C)C(C)(C)C,7,False
Encoder_Only_PSMILES,baseline,LOW,constrained,3,[*]CC(C)(C)OC(=O)OC([*])CNCC(C)C,7,False
Encoder_Only_PSMILES,baseline,LOW,constrained,3,[*]CC(C)(C)COC(=O)NCCC(=O)N([*])C,6,False
Encoder_Only_PSMILES,baseline,LOW,constrained,3,[*]CC(C)(C)OC(=O)OC([*])CNCCCC#C,6,False
Encoder_Only_PSMILES,baseline,LOW,constrained,3,[*]OC(=O)OC(CN(C)C(C)C(=O)O)C([*])C,4,False
Encoder_Only_PSMILES,baseline,LOW,constrained,3,[*]CCCC(C)OC(=O)OCC(C)N([*])CC,4,False
Encoder_Only_PSMILES,baseline,HIGH,raw,1,[*]CCCCOCCOCCOCCOCCCC[*],97,False
Encoder_Only_PSMILES,baseline,HIGH,raw,1,[*]OCCOCCOCCOCCOC([*])=O,60,False
Encoder_Only_PSMILES,baseline,HIGH,raw,1,[*]CCOCCOCCOCCOCC[*],59,False
Encoder_Only_PSMILES,baseline,HIGH,raw,1,[*]CCCCOCCOCCOCCOCCC[*],20,False
Encoder_Only_PSMILES,baseline,HIGH,raw,1,[*]OCCOCCNCCOCCOC([*])=O,20,False
Encoder_Only_PSMILES,baseline,HIGH,raw,2,[*]CCCCOCCOCCOCCOCCCC[*],110,False
Encoder_Only_PSMILES,baseline,HIGH,raw,2,[*]CCOCCOCCOCCOCC[*],61,False
Encoder_Only_PSMILES,baseline,HIGH,raw,2,[*]OCCOCCOCCOCCOC([*])=O,49,False
Encoder_Only_PSMILES,baseline,HIGH,raw,2,[*]CCCCOCCOCCOCCOCCC[*],19,False
Encoder_Only_PSMILES,baseline,HIGH,raw,2,[*]OCCOCCNCCOCCOC([*])=O,17,False
Encoder_Only_PSMILES,baseline,HIGH,raw,3,[*]CCCCOCCOCCOCCOCCCC[*],103,False
Encoder_Only_PSMILES,baseline,HIGH,raw,3,[*]CCOCCOCCOCCOCC[*],71,False
Encoder_Only_PSMILES,baseline,HIGH,raw,3,[*]OCCOCCOCCOCCOC([*])=O,39,False
Encoder_Only_PSMILES,baseline,HIGH,raw,3,[*]CCCCOCCOCCOCCOCCC[*],24,False
Encoder_Only_PSMILES,baseline,HIGH,raw,3,[*]OCCOCCNCCOCCOC([*])=O,19,False
Encoder_Only_PSMILES,pi1m_finetuned,LOW,raw,1,[*]COC(=O)OC([*])CN(C)C(=O)C(=O)O,15,False
Encoder_Only_PSMILES,pi1m_finetuned,LOW,raw,1,[*]COC(=O)OC([*])CN(C)C(=O)C=CC=CC,14,False
Encoder_Only_PSMILES,pi1m_finetuned,LOW,raw,1,[*]COC(=O)OC([*])CN(C)C(=O)C(C)(C)C,13,False
Encoder_Only_PSMILES,pi1m_finetuned,LOW,raw,1,[*]COC(=O)OC([*])CN(C)C(=O)C(C)CC,13,False
Encoder_Only_PSMILES,pi1m_finetuned,LOW,raw,1,[*]COC(=O)OC([*])CN(C)C(=O)CC(C)C,12,False
Encoder_Only_PSMILES,pi1m_finetuned,LOW,raw,1,[*]COC(=O)OC([*])CN(C)C(=O)C=C(C)C,11,False
Encoder_Only_PSMILES,pi1m_finetuned,LOW,raw,1,[*]OC(=O)OC(C)(C)C([*])CN(C)CC#C,8,False
Encoder_Only_PSMILES,pi1m_finetuned,LOW,raw,1,[*]COC(=O)OC([*])CN(C)C(=O)C=CCC,8,False
Encoder_Only_PSMILES,pi1m_finetuned,LOW,raw,1,[*]OC(=O)OC(C)(C)C([*])CN(C)CCC,7,False
Encoder_Only_PSMILES,pi1m_finetuned,LOW,raw,1,[*]OC(=O)OC(C)(C)C([*])CN(C)CC(C)C,7,False
Encoder_Only_PSMILES,pi1m_finetuned,LOW,raw,1,[*]COC(=O)OC([*])CN(C)C(=O)C(C)C#N,7,False
Encoder_Only_PSMILES,pi1m_finetuned,LOW,raw,1,[*]COC(=O)OC([*])CN(C)C(=O)CCCC,7,False
Encoder_Only_PSMILES,pi1m_finetuned,LOW,raw,1,[*]CNC(=O)OC([*])CNC(=O)C(C)C(C)C,7,False
Encoder_Only_PSMILES,pi1m_finetuned,LOW,raw,1,[*]CNC(=O)NC([*])C(=O)NCC(C)(C)F,6,False
Encoder_Only_PSMILES,pi1m_finetuned,LOW,raw,1,[*]CNC(=O)OC([*])CC(=O)NC(C)C#C,6,False
Encoder_Only_PSMILES,pi1m_finetuned,LOW,raw,2,[*]COC(=O)OC([*])CN(C)C(=O)C(C)CC,17,False
Encoder_Only_PSMILES,pi1m_finetuned,LOW,raw,2,[*]COC(=O)OC([*])CN(C)C(=O)C(C)(C)C,14,False
Encoder_Only_PSMILES,pi1m_finetuned,LOW,raw,2,[*]COC(=O)OC([*])CN(C)C(=O)C(=O)O,13,False
Encoder_Only_PSMILES,pi1m_finetuned,LOW,raw,2,[*]COC(=O)OC([*])CN(C)C(=O)C(C)C#N,10,False
Encoder_Only_PSMILES,pi1m_finetuned,LOW,raw,2,[*]COC(=O)OC([*])CN(C)C(=O)C=C(C)C,10,False
Encoder_Only_PSMILES,pi1m_finetuned,LOW,raw,2,[*]CNC(=O)NC([*])C(=O)NC(C)C(C)C,9,False
Encoder_Only_PSMILES,pi1m_finetuned,LOW,raw,2,[*]CNC(=O)OC([*])CC(=O)NC(C)C#C,8,False
Encoder_Only_PSMILES,pi1m_finetuned,LOW,raw,2,[*]COC(=O)OC([*])CN(C)C(=O)CC(C)C,8,False
Encoder_Only_PSMILES,pi1m_finetuned,LOW,raw,2,[*]COC(=O)OC([*])CCCCCCCCC,7,False
Encoder_Only_PSMILES,pi1m_finetuned,LOW,raw,2,[*]CNC(=O)NC([*])C(=O)NCC(C)(C)F,7,False
Encoder_Only_PSMILES,pi1m_finetuned,LOW,raw,2,[*]COC(=O)OC([*])CN(C)C(=O)C=CC=CC,7,False
Encoder_Only_PSMILES,pi1m_finetuned,LOW,raw,2,[*]OC(=O)OC(C)(C)C([*])CN(C)CCCC,7,False
Encoder_Only_PSMILES,pi1m_finetuned,LOW,raw,2,[*]OC(=O)OC(C)(C)C([*])CN(C)CC(C)C,6,False
Encoder_Only_PSMILES,pi1m_finetuned,LOW,raw,2,[*]CNC(=O)OC([*])CNC(=O)C(C)C(C)C,5,False
Encoder_Only_PSMILES,pi1m_finetuned,LOW,raw,2,[*]OC(=O)OC(C)(C)C([*])CN(C)CC#C,5,False
Encoder_Only_PSMILES,pi1m_finetuned,LOW,raw,3,[*]COC(=O)OC([*])CN(C)C(=O)C(C)CC,17,False
Encoder_Only_PSMILES,pi1m_finetuned,LOW,raw,3,[*]COC(=O)OC([*])CN(C)C(=O)C(=O)O,14,False
Encoder_Only_PSMILES,pi1m_finetuned,LOW,raw,3,[*]COC(=O)OC([*])CN(C)C(=O)C=CC=CC,14,False
Encoder_Only_PSMILES,pi1m_finetuned,LOW,raw,3,[*]COC(=O)OC([*])CN(C)C(=O)C=C(C)C,12,False
Encoder_Only_PSMILES,pi1m_finetuned,LOW,raw,3,[*]CNC(=O)OC([*])CC(=O)NC(C)C#C,11,False
Encoder_Only_PSMILES,pi1m_finetuned,LOW,raw,3,[*]COC(=O)OC([*])CN(C)C(=O)CC(C)C,9,False
Encoder_Only_PSMILES,pi1m_finetuned,LOW,raw,3,[*]CNC(=O)NC([*])C(=O)NC(C)C(C)C,9,False
Encoder_Only_PSMILES,pi1m_finetuned,LOW,raw,3,[*]COC(=O)OC([*])CN(C)C(=O)C(C)(C)C,9,False
Encoder_Only_PSMILES,pi1m_finetuned,LOW,raw,3,[*]COC(=O)OC([*])CN(C)C(=O)C(C)C#N,7,False
Encoder_Only_PSMILES,pi1m_finetuned,LOW,raw,3,[*]COC(=O)OC([*])CN(C)C(=O)CCCC,6,False
Encoder_Only_PSMILES,pi1m_finetuned,LOW,raw,3,[*]OC(=O)OC(C)(C)C([*])CN(C)CC#C,5,False
Encoder_Only_PSMILES,pi1m_finetuned,LOW,raw,3,[*]CNC(=O)OC([*])CC(=O)NC(C)C(=O)O,5,False
Encoder_Only_PSMILES,pi1m_finetuned,LOW,raw,3,[*]OC(=O)OC(C(=O)O)C([*])C(=O)OC,5,False
Encoder_Only_PSMILES,pi1m_finetuned,LOW,raw,3,[*]COC(=O)OC([*])CN(C)C(=O)CC=CC=C,5,False
Encoder_Only_PSMILES,pi1m_finetuned,LOW,raw,3,[*]CNC(=O)NC([*])C(=O)NCC(C)(C)F,4,False
Encoder_Only_PSMILES,pi1m_finetuned,LOW,constrained,1,[*]COC(=O)OC([*])CN(C)C(=O)C(C)(C)C,16,False
Encoder_Only_PSMILES,pi1m_finetuned,LOW,constrained,1,[*]COC(=O)OC([*])CN(C)C(=O)C(=O)O,15,False
Encoder_Only_PSMILES,pi1m_finetuned,LOW,constrained,1,[*]COC(=O)OC([*])CN(C)C(=O)C(C)CC,12,False
Encoder_Only_PSMILES,pi1m_finetuned,LOW,constrained,1,[*]COC(=O)OC([*])CN(C)C(=O)C=CC=CC,11,False
Encoder_Only_PSMILES,pi1m_finetuned,LOW,constrained,1,[*]CNC(=O)NC([*])C(=O)NC(CC)CCC,10,False
Encoder_Only_PSMILES,pi1m_finetuned,LOW,constrained,1,[*]COC(=O)OC([*])CN(C)C(=O)CCC=C,9,False
Encoder_Only_PSMILES,pi1m_finetuned,LOW,constrained,1,[*]COC(=O)OC([*])CN(C)C(=O)C=C(C)C,9,False
Encoder_Only_PSMILES,pi1m_finetuned,LOW,constrained,1,[*]CNC(=O)NC([*])C(=O)NC(C)C(C)C,9,False
Encoder_Only_PSMILES,pi1m_finetuned,LOW,constrained,1,[*]CNC(=O)OC([*])CC(=O)NC(C)C#C,7,False
Encoder_Only_PSMILES,pi1m_finetuned,LOW,constrained,1,[*]COC(=O)OC([*])CN(C)C(=O)CC(C)C,7,False
Encoder_Only_PSMILES,pi1m_finetuned,LOW,constrained,1,[*]COC(=O)OC([*])CN(C)C(=O)CC=CC=C,6,False
Encoder_Only_PSMILES,pi1m_finetuned,LOW,constrained,1,[*]OC(=O)OC(C)(C)C([*])CN(C)CC(C)C,6,False
Encoder_Only_PSMILES,pi1m_finetuned,LOW,constrained,1,[*]COC(=O)OC([*])CN(C)C(=O)C=CC,6,False
Encoder_Only_PSMILES,pi1m_finetuned,LOW,constrained,1,[*]COC(=O)OC([*])CSC(CC)CCC,5,False
Encoder_Only_PSMILES,pi1m_finetuned,LOW,constrained,1,[*]COC(=O)OC([*])CN(C)C(=O)C(=O)NC,5,False
Encoder_Only_PSMILES,pi1m_finetuned,LOW,constrained,2,[*]COC(=O)OC([*])CN(C)C(=O)C(=O)O,18,False
Encoder_Only_PSMILES,pi1m_finetuned,LOW,constrained,2,[*]COC(=O)OC([*])CN(C)C(=O)C=CC=CC,18,False
Encoder_Only_PSMILES,pi1m_finetuned,LOW,constrained,2,[*]COC(=O)OC([*])CN(C)C(=O)C(C)CC,18,False
Encoder_Only_PSMILES,pi1m_finetuned,LOW,constrained,2,[*]COC(=O)OC([*])CN(C)C(=O)C(C)(C)C,16,False
Encoder_Only_PSMILES,pi1m_finetuned,LOW,constrained,2,[*]CNC(=O)NC([*])C(=O)NC(C)C(C)C,10,False
Encoder_Only_PSMILES,pi1m_finetuned,LOW,constrained,2,[*]COC(=O)OC([*])CN(C)C(=O)C=CCC,8,False
Encoder_Only_PSMILES,pi1m_finetuned,LOW,constrained,2,[*]COC(=O)OC([*])CN(C)C(=O)CCCC,7,False
Encoder_Only_PSMILES,pi1m_finetuned,LOW,constrained,2,[*]CNC(=O)OC([*])CC(=O)NC(C)C(C)C,7,False
Encoder_Only_PSMILES,pi1m_finetuned,LOW,constrained,2,[*]CNC(=O)OC([*])CNC(=O)C(C)C(C)C,7,False
Encoder_Only_PSMILES,pi1m_finetuned,LOW,constrained,2,[*]CNC(=O)OC([*])CC(=O)NC(C)C#C,7,False
Encoder_Only_PSMILES,pi1m_finetuned,LOW,constrained,2,[*]COC(=O)OC([*])CN(C)C(=O)CCC=C,6,False
Encoder_Only_PSMILES,pi1m_finetuned,LOW,constrained,2,[*]COC(=O)OC([*])CN(C)C(=O)C=C(C)C,6,False
Encoder_Only_PSMILES,pi1m_finetuned,LOW,constrained,2,[*]OC(=O)OC(C)(C)C([*])CN(C)CC#C,6,False
Encoder_Only_PSMILES,pi1m_finetuned,LOW,constrained,2,[*]COC(=O)OC([*])CN(C)C(=O)C(C)C#N,5,False
Encoder_Only_PSMILES,pi1m_finetuned,LOW,constrained,2,[*]COC(=O)OC([*])CN(C)C(=O)C=CC,5,False
Encoder_Only_PSMILES,pi1m_finetuned,LOW,constrained,3,[*]COC(=O)OC([*])CN(C)C(=O)C(=O)O,17,False
Encoder_Only_PSMILES,pi1m_finetuned,LOW,constrained,3,[*]COC(=O)OC([*])CN(C)C(=O)C(C)CC,16,False
Encoder_Only_PSMILES,pi1m_finetuned,LOW,constrained,3,[*]COC(=O)OC([*])CN(C)C(=O)C(C)(C)C,15,False
Encoder_Only_PSMILES,pi1m_finetuned,LOW,constrained,3,[*]COC(=O)OC([*])CN(C)C(=O)C=C(C)C,10,False
Encoder_Only_PSMILES,pi1m_finetuned,LOW,constrained,3,[*]COC(=O)OC([*])CN(C)C(=O)C=CC=CC,10,False
Encoder_Only_PSMILES,pi1m_finetuned,LOW,constrained,3,[*]COC(=O)OC([*])CN(C)C(=O)CC(C)C,8,False
Encoder_Only_PSMILES,pi1m_finetuned,LOW,constrained,3,[*]OC(=O)OC(C)(C)C([*])CN(C)CC#C,7,False
Encoder_Only_PSMILES,pi1m_finetuned,LOW,constrained,3,[*]OC(=O)OC(C)(C)C([*])CN(C)CC(C)C,7,False
Encoder_Only_PSMILES,pi1m_finetuned,LOW,constrained,3,[*]COC(=O)OC([*])CN(C)C(=O)CCCF,7,False
Encoder_Only_PSMILES,pi1m_finetuned,LOW,constrained,3,[*]COC(=O)OC([*])CN(C)C(=O)C(C)C#N,7,False
Encoder_Only_PSMILES,pi1m_finetuned,LOW,constrained,3,[*]CNC(=O)NC([*])C(=O)NC(C)C(C)C,6,False
Encoder_Only_PSMILES,pi1m_finetuned,LOW,constrained,3,[*]OC(=O)OC(C)(C)C([*])CN(C)CCC,6,False
Encoder_Only_PSMILES,pi1m_finetuned,LOW,constrained,3,[*]CNC(=O)OC([*])CC(=O)NC(C)C#C,6,False
Encoder_Only_PSMILES,pi1m_finetuned,LOW,constrained,3,[*]CNC(=O)NC([*])C(=O)NC(CC)CCC,5,False
Encoder_Only_PSMILES,pi1m_finetuned,LOW,constrained,3,[*]OC(=O)OC(C(=O)O)C([*])C(=O)OC(C)C,5,False
Encoder_Only_PSMILES,pi1m_finetuned,HIGH,raw,1,[*]CCCCOCCOCCOCCOCCOCCC[*],76,False
Encoder_Only_PSMILES,pi1m_finetuned,HIGH,raw,1,[*]CCCCOCCOCCOCCOCCOCCCC[*],55,False
Encoder_Only_PSMILES,pi1m_finetuned,HIGH,raw,1,[*]OCCOCCOCCOCCOC([*])=O,55,False
Encoder_Only_PSMILES,pi1m_finetuned,HIGH,raw,1,[*]CCCCCOCCOCCOCCOCCOCCCC[*],22,False
Encoder_Only_PSMILES,pi1m_finetuned,HIGH,raw,1,*CCCOCCOCCOCCOCCOCCCCCC,11,False
Encoder_Only_PSMILES,pi1m_finetuned,HIGH,raw,1,[*]CCNC(=O)OCCOCCN([*])C,11,False
Encoder_Only_PSMILES,pi1m_finetuned,HIGH,raw,1,[*]OCCOCCCOCCOC([*])=O,9,False
Encoder_Only_PSMILES,pi1m_finetuned,HIGH,raw,1,[*]CCCOCCOCCOCCOCCOCCOCC[*],6,False
Encoder_Only_PSMILES,pi1m_finetuned,HIGH,raw,1,[*]CCCCOCCOCCOCCOCCCOCCC[*],4,False
Encoder_Only_PSMILES,pi1m_finetuned,HIGH,raw,1,[*]CCCOCCOCCOCCOCCC[*],2,False
Encoder_Only_PSMILES,pi1m_finetuned,HIGH,raw,1,[*]CCNC(=O)OCCOCCOCCN([*])C,2,False
Encoder_Only_PSMILES,pi1m_finetuned,HIGH,raw,1,[*]CCCCCOCCOCCOCCOCCCCC[*],2,False
Encoder_Only_PSMILES,pi1m_finetuned,HIGH,raw,1,[*]OCCOCCCCOCCOC([*])=O,1,False
Encoder_Only_PSMILES,pi1m_finetuned,HIGH,raw,2,[*]CCCCOCCOCCOCCOCCOCCC[*],70,False
Encoder_Only_PSMILES,pi1m_finetuned,HIGH,raw,2,[*]CCCCOCCOCCOCCOCCOCCCC[*],56,False
Encoder_Only_PSMILES,pi1m_finetuned,HIGH,raw,2,[*]OCCOCCOCCOCCOC([*])=O,51,False
Encoder_Only_PSMILES,pi1m_finetuned,HIGH,raw,2,[*]CCCCCOCCOCCOCCOCCOCCCC[*],27,False
Encoder_Only_PSMILES,pi1m_finetuned,HIGH,raw,2,[*]CCCOCCOCCOCCOCCOCCOCC[*],14,False
Encoder_Only_PSMILES,pi1m_finetuned,HIGH,raw,2,*CCCOCCOCCOCCOCCOCCCCCC,11,False
Encoder_Only_PSMILES,pi1m_finetuned,HIGH,raw,2,[*]CCNC(=O)OCCOCCN([*])C,9,False
Encoder_Only_PSMILES,pi1m_finetuned,HIGH,raw,2,[*]CCCOCCOCCOCCOCCC[*],6,False
Encoder_Only_PSMILES,pi1m_finetuned,HIGH,raw,2,[*]CCCCOCCOCCOCCOCCCOCCC[*],5,False
Encoder_Only_PSMILES,pi1m_finetuned,HIGH,raw,2,[*]OCCOCCCOCCOC([*])=O,3,False
Encoder_Only_PSMILES,pi1m_finetuned,HIGH,raw,2,[*]CCCCOCCOCCOCCOCCC[*],2,False
Encoder_Only_PSMILES,pi1m_finetuned,HIGH,raw,2,[*]CCNC(=O)OCCOCCOCCC([*])C,1,False
Encoder_Only_PSMILES,pi1m_finetuned,HIGH,raw,2,[*]CCNC(=O)OCCOCCOCCN([*])C,1,False
Encoder_Only_PSMILES,pi1m_finetuned,HIGH,raw,3,[*]CCCCOCCOCCOCCOCCOCCC[*],75,False
Encoder_Only_PSMILES,pi1m_finetuned,HIGH,raw,3,[*]CCCCOCCOCCOCCOCCOCCCC[*],59,False
Encoder_Only_PSMILES,pi1m_finetuned,HIGH,raw,3,[*]OCCOCCOCCOCCOC([*])=O,53,False
Encoder_Only_PSMILES,pi1m_finetuned,HIGH,raw,3,[*]CCCCCOCCOCCOCCOCCOCCCC[*],19,False
Encoder_Only_PSMILES,pi1m_finetuned,HIGH,raw,3,[*]CCCOCCOCCOCCOCCOCCOCC[*],12,False
Encoder_Only_PSMILES,pi1m_finetuned,HIGH,raw,3,*CCCOCCOCCOCCOCCOCCCCCC,10,False
Encoder_Only_PSMILES,pi1m_finetuned,HIGH,raw,3,[*]CCNC(=O)OCCOCCN([*])C,8,False
Encoder_Only_PSMILES,pi1m_finetuned,HIGH,raw,3,[*]CCCCOCCOCCOCCOCCCOCCC[*],5,False
Encoder_Only_PSMILES,pi1m_finetuned,HIGH,raw,3,[*]CCCCCOCCOCCOCCOCCCCC[*],4,False
Encoder_Only_PSMILES,pi1m_finetuned,HIGH,raw,3,[*]OCCOCCCOCCOC([*])=O,4,False
Encoder_Only_PSMILES,pi1m_finetuned,HIGH,raw,3,[*]CCNC(=O)OCCOCCOCCN([*])C,3,False
Encoder_Only_PSMILES,pi1m_finetuned,HIGH,raw,3,[*]CCCOCCOCCOCCOCCC[*],2,False
Encoder_Only_PSMILES,pi1m_finetuned,HIGH,raw,3,[*]CCNC(=O)COC(=O)OCCOC([*])C,1,False
Encoder_Only_PSMILES,pi1m_finetuned,HIGH,raw,3,[*]OCCOCCCCOCCOC([*])=O,1,False
Encoder_Only_PSMILES,pi1m_finetuned_bundle,LOW,raw,1,[*]COC(=O)OC([*])CN(C)C(=O)C(C)CC,25,False
Encoder_Only_PSMILES,pi1m_finetuned_bundle,LOW,raw,1,[*]COC(=O)OC([*])CN(C)C(=O)C=CC=CC,18,False
Encoder_Only_PSMILES,pi1m_finetuned_bundle,LOW,raw,1,[*]COC(=O)OC([*])CN(C)C(=O)C=C(C)C,13,False
Encoder_Only_PSMILES,pi1m_finetuned_bundle,LOW,raw,1,[*]COC(=O)OC([*])CN(C)C(=O)C(C)(C)C,12,False
Encoder_Only_PSMILES,pi1m_finetuned_bundle,LOW,raw,1,[*]OC(=O)OC(C)(C)C([*])CN(C)CC#C,10,False
Encoder_Only_PSMILES,pi1m_finetuned_bundle,LOW,raw,1,[*]COC(=O)OC([*])CN(C)C(=O)CC(C)C,9,False
Encoder_Only_PSMILES,pi1m_finetuned_bundle,LOW,raw,1,[*]COC(=O)OC([*])CN(C)C(=O)C(=O)O,8,False
Encoder_Only_PSMILES,pi1m_finetuned_bundle,LOW,raw,1,[*]CNC(=O)OC([*])CC(=O)NC(C)CCC,6,False
Encoder_Only_PSMILES,pi1m_finetuned_bundle,LOW,raw,1,[*]COC(=O)OC([*])CN(C)C(=O)C(C)C#N,6,False
Encoder_Only_PSMILES,pi1m_finetuned_bundle,LOW,raw,1,[*]CNC(=O)NC([*])C(=O)NCC(C)(C)F,6,False
Encoder_Only_PSMILES,pi1m_finetuned_bundle,LOW,raw,1,[*]COC(=O)OC([*])CN(C)C(=O)CC=CC=C,6,False
Encoder_Only_PSMILES,pi1m_finetuned_bundle,LOW,raw,1,[*]CNC(=O)OC([*])CC(=O)NC(CC)CC,6,False
Encoder_Only_PSMILES,pi1m_finetuned_bundle,LOW,raw,1,[*]CNC(=O)OC([*])CC(=O)NC(C)C#C,5,False
Encoder_Only_PSMILES,pi1m_finetuned_bundle,LOW,raw,1,[*]COC(=O)OC([*])CN(C)C(=O)CC#N,5,False
Encoder_Only_PSMILES,pi1m_finetuned_bundle,LOW,raw,1,[*]OC(=O)OC(C)(C)C([*])CN(C)CCC,5,False
Encoder_Only_PSMILES,pi1m_finetuned_bundle,LOW,raw,2,[*]COC(=O)OC([*])CN(C)C(=O)C(C)CC,16,False
Encoder_Only_PSMILES,pi1m_finetuned_bundle,LOW,raw,2,[*]COC(=O)OC([*])CN(C)C(=O)C=CC=CC,15,False
Encoder_Only_PSMILES,pi1m_finetuned_bundle,LOW,raw,2,[*]CNC(=O)NC([*])C(=O)NC(C)C(C)C,12,False
Encoder_Only_PSMILES,pi1m_finetuned_bundle,LOW,raw,2,[*]COC(=O)OC([*])CN(C)C(=O)C(C)(C)C,12,False
Encoder_Only_PSMILES,pi1m_finetuned_bundle,LOW,raw,2,[*]COC(=O)OC([*])CN(C)C(=O)C(=O)O,12,False
Encoder_Only_PSMILES,pi1m_finetuned_bundle,LOW,raw,2,[*]CNC(=O)OC([*])CC(=O)NC(C)C#C,10,False
Encoder_Only_PSMILES,pi1m_finetuned_bundle,LOW,raw,2,[*]COC(=O)OC([*])CN(C)C(=O)CC(C)C,10,False
Encoder_Only_PSMILES,pi1m_finetuned_bundle,LOW,raw,2,[*]COC(=O)OC([*])CN(C)C(=O)CCCC,9,False
Encoder_Only_PSMILES,pi1m_finetuned_bundle,LOW,raw,2,[*]COC(=O)OC([*])CN(C)C(=O)C=C(C)C,8,False
Encoder_Only_PSMILES,pi1m_finetuned_bundle,LOW,raw,2,[*]CNC(=O)OC([*])CC(=O)NC(C)C(C)C,8,False
Encoder_Only_PSMILES,pi1m_finetuned_bundle,LOW,raw,2,[*]COC(=O)OC([*])CN(C)C(=O)C=CCC,7,False
Encoder_Only_PSMILES,pi1m_finetuned_bundle,LOW,raw,2,[*]COC(=O)OC([*])CN(C)C(=O)C(C)C#N,5,False
Encoder_Only_PSMILES,pi1m_finetuned_bundle,LOW,raw,2,[*]COC(=O)OC([*])CN(C)C(=O)C=C,5,False
Encoder_Only_PSMILES,pi1m_finetuned_bundle,LOW,raw,2,[*]COC(=O)OC([*])CN(C)C(=O)C(=O)NC,5,False
Encoder_Only_PSMILES,pi1m_finetuned_bundle,LOW,raw,2,[*]CNC(=O)OC([*])CNC(=O)C(C)CC,5,False
Encoder_Only_PSMILES,pi1m_finetuned_bundle,LOW,raw,3,[*]COC(=O)OC([*])CN(C)C(=O)C(C)(C)C,22,False
Encoder_Only_PSMILES,pi1m_finetuned_bundle,LOW,raw,3,[*]COC(=O)OC([*])CN(C)C(=O)C(C)CC,20,False
Encoder_Only_PSMILES,pi1m_finetuned_bundle,LOW,raw,3,[*]COC(=O)OC([*])CN(C)C(=O)C(=O)O,12,False
Encoder_Only_PSMILES,pi1m_finetuned_bundle,LOW,raw,3,[*]COC(=O)OC([*])CN(C)C(=O)C=CC=CC,11,False
Encoder_Only_PSMILES,pi1m_finetuned_bundle,LOW,raw,3,[*]COC(=O)OC([*])CN(C)C(=O)C(C)C#N,9,False
Encoder_Only_PSMILES,pi1m_finetuned_bundle,LOW,raw,3,[*]CNC(=O)NC([*])C(=O)NC(C)C(C)C,9,False
Encoder_Only_PSMILES,pi1m_finetuned_bundle,LOW,raw,3,[*]OC(=O)OC(C)(C)C([*])CN(C)CC#C,8,False
Encoder_Only_PSMILES,pi1m_finetuned_bundle,LOW,raw,3,[*]OC(=O)OC(C)(C)C([*])CN(C)CC(C)C,6,False
Encoder_Only_PSMILES,pi1m_finetuned_bundle,LOW,raw,3,[*]COC(=O)OC([*])CN(C)C(=O)CCCC,6,False
Encoder_Only_PSMILES,pi1m_finetuned_bundle,LOW,raw,3,[*]COC(=O)OC([*])CN(C)C(=O)C(=O)NC,6,False
Encoder_Only_PSMILES,pi1m_finetuned_bundle,LOW,raw,3,[*]CNC(=O)OC([*])CC(=O)NC(C)C#C,6,False
Encoder_Only_PSMILES,pi1m_finetuned_bundle,LOW,raw,3,[*]COC(=O)OC([*])CN(C)C(=O)C=C(C)C,6,False
Encoder_Only_PSMILES,pi1m_finetuned_bundle,LOW,raw,3,[*]COC(=O)OC([*])CN(C)C(=O)C=CCC,6,False
Encoder_Only_PSMILES,pi1m_finetuned_bundle,LOW,raw,3,[*]CNC(=O)OC([*])CC(=O)NC(CC)CC,5,False
Encoder_Only_PSMILES,pi1m_finetuned_bundle,LOW,raw,3,[*]CNC(=O)OC([*])CC(=O)NC(C)C(C)C,5,False
Encoder_Only_PSMILES,pi1m_finetuned_bundle,LOW,constrained,1,[*]COC(=O)OC([*])CN(C)C(=O)C(=O)O,20,False
Encoder_Only_PSMILES,pi1m_finetuned_bundle,LOW,constrained,1,[*]COC(=O)OC([*])CN(C)C(=O)C=CC=CC,16,False
Encoder_Only_PSMILES,pi1m_finetuned_bundle,LOW,constrained,1,[*]COC(=O)OC([*])CN(C)C(=O)C(C)(C)C,16,False
Encoder_Only_PSMILES,pi1m_finetuned_bundle,LOW,constrained,1,[*]COC(=O)OC([*])CN(C)C(=O)C(C)CC,12,False
Encoder_Only_PSMILES,pi1m_finetuned_bundle,LOW,constrained,1,[*]CNC(=O)OC([*])CC(=O)NC(C)C#C,9,False
Encoder_Only_PSMILES,pi1m_finetuned_bundle,LOW,constrained,1,[*]COC(=O)OC([*])CN(C)C(=O)C=CCC,8,False
Encoder_Only_PSMILES,pi1m_finetuned_bundle,LOW,constrained,1,[*]COC(=O)OC([*])CN(C)C(=O)CCCF,7,False
Encoder_Only_PSMILES,pi1m_finetuned_bundle,LOW,constrained,1,[*]OC(=O)OC(C)(C)C([*])CN(C)CC(C)C,7,False
Encoder_Only_PSMILES,pi1m_finetuned_bundle,LOW,constrained,1,[*]COC(=O)OC([*])CN(C)C(=O)C=C(C)C,7,False
Encoder_Only_PSMILES,pi1m_finetuned_bundle,LOW,constrained,1,[*]COC(=O)OC([*])CN(C)C(=O)CCCC,7,False
Encoder_Only_PSMILES,pi1m_finetuned_bundle,LOW,constrained,1,[*]COC(=O)OC([*])CN(C)C(=O)CC(C)C,6,False
Encoder_Only_PSMILES,pi1m_finetuned_bundle,LOW,constrained,1,[*]COC(=O)OC([*])CN(C)C(=O)CC=CC=C,6,False
Encoder_Only_PSMILES,pi1m_finetuned_bundle,LOW,constrained,1,[*]CNC(=O)NC([*])C(=O)NCC(C)(C)CC,6,False
Encoder_Only_PSMILES,pi1m_finetuned_bundle,LOW,constrained,1,[*]COC(=O)OC([*])CN(C)C(=O)CCC=C,6,False
Encoder_Only_PSMILES,pi1m_finetuned_bundle,LOW,constrained,1,[*]OC(=O)OC(C)(C)CN(C)C(=O)C([*])C=C,5,False
Encoder_Only_PSMILES,pi1m_finetuned_bundle,LOW,constrained,2,[*]COC(=O)OC([*])CN(C)C(=O)C(C)(C)C,20,False
Encoder_Only_PSMILES,pi1m_finetuned_bundle,LOW,constrained,2,[*]COC(=O)OC([*])CN(C)C(=O)C(C)CC,18,False
Encoder_Only_PSMILES,pi1m_finetuned_bundle,LOW,constrained,2,[*]COC(=O)OC([*])CN(C)C(=O)C(=O)O,17,False
Encoder_Only_PSMILES,pi1m_finetuned_bundle,LOW,constrained,2,[*]OC(=O)OC(C)(C)C([*])CN(C)CC#C,12,False
Encoder_Only_PSMILES,pi1m_finetuned_bundle,LOW,constrained,2,[*]COC(=O)OC([*])CN(C)C(=O)C=CC=CC,12,False
Encoder_Only_PSMILES,pi1m_finetuned_bundle,LOW,constrained,2,[*]COC(=O)OC([*])CN(C)C(=O)C(C)C#N,9,False
Encoder_Only_PSMILES,pi1m_finetuned_bundle,LOW,constrained,2,[*]CNC(=O)NC([*])C(=O)NC(C)C(C)C,9,False
Encoder_Only_PSMILES,pi1m_finetuned_bundle,LOW,constrained,2,[*]COC(=O)OC([*])CN(C)C(=O)CCCC,8,False
Encoder_Only_PSMILES,pi1m_finetuned_bundle,LOW,constrained,2,[*]COC(=O)OC([*])CN(C)C(=O)CCCF,6,False
Encoder_Only_PSMILES,pi1m_finetuned_bundle,LOW,constrained,2,[*]CNC(=O)OC([*])CNC(=O)C(C)(C)CC,6,False
Encoder_Only_PSMILES,pi1m_finetuned_bundle,LOW,constrained,2,[*]OC(=O)OC(C)(C)C([*])CN(C)CC(C)C,6,False
Encoder_Only_PSMILES,pi1m_finetuned_bundle,LOW,constrained,2,[*]CNC(=O)NC([*])C(=O)NC(CC)CCC,6,False
Encoder_Only_PSMILES,pi1m_finetuned_bundle,LOW,constrained,2,[*]COC(=O)OC([*])CN(C)C(=O)CC=CC=C,5,False
Encoder_Only_PSMILES,pi1m_finetuned_bundle,LOW,constrained,2,[*]OC(=O)OC(C)(C)CN(C)C(=O)C([*])C=C,5,False
Encoder_Only_PSMILES,pi1m_finetuned_bundle,LOW,constrained,2,[*]COC(=O)OC([*])CN(C)C(=O)C=CCC,4,False
Encoder_Only_PSMILES,pi1m_finetuned_bundle,LOW,constrained,3,[*]COC(=O)OC([*])CN(C)C(=O)C(=O)O,23,False
Encoder_Only_PSMILES,pi1m_finetuned_bundle,LOW,constrained,3,[*]COC(=O)OC([*])CN(C)C(=O)C(C)CC,17,False
Encoder_Only_PSMILES,pi1m_finetuned_bundle,LOW,constrained,3,[*]COC(=O)OC([*])CN(C)C(=O)C=C(C)C,17,False
Encoder_Only_PSMILES,pi1m_finetuned_bundle,LOW,constrained,3,[*]COC(=O)OC([*])CN(C)C(=O)C(C)(C)C,16,False
Encoder_Only_PSMILES,pi1m_finetuned_bundle,LOW,constrained,3,[*]COC(=O)OC([*])CN(C)C(=O)C=CC=CC,12,False
Encoder_Only_PSMILES,pi1m_finetuned_bundle,LOW,constrained,3,[*]COC(=O)OC([*])CN(C)C(=O)CC(C)C,10,False
Encoder_Only_PSMILES,pi1m_finetuned_bundle,LOW,constrained,3,[*]COC(=O)OC([*])CN(C)C(=O)C(C)C#N,7,False
Encoder_Only_PSMILES,pi1m_finetuned_bundle,LOW,constrained,3,[*]OC(=O)OC(C)(C)CN(C)C(=O)C([*])C=C,6,False
Encoder_Only_PSMILES,pi1m_finetuned_bundle,LOW,constrained,3,[*]COC(=O)OC([*])CN(C)C(=O)CCCF,6,False
Encoder_Only_PSMILES,pi1m_finetuned_bundle,LOW,constrained,3,[*]CNC(=O)NC([*])C(=O)NC(C)C#C,6,False
Encoder_Only_PSMILES,pi1m_finetuned_bundle,LOW,constrained,3,[*]CNC(=O)OC([*])CC(=O)NC(CC)CC,6,False
Encoder_Only_PSMILES,pi1m_finetuned_bundle,LOW,constrained,3,[*]OC(=O)OC(C)(C)C([*])CN(C)CCC,6,False
Encoder_Only_PSMILES,pi1m_finetuned_bundle,LOW,constrained,3,[*]OC(=O)OC(C)(C)C([*])CN(C)CC#C,6,False
Encoder_Only_PSMILES,pi1m_finetuned_bundle,LOW,constrained,3,[*]CNC(=O)NC([*])C(=O)NC(C)C(C)C,5,False
Encoder_Only_PSMILES,pi1m_finetuned_bundle,LOW,constrained,3,[*]COC(=O)OC([*])CN(C)C(=O)CC(=O)O,5,False
Encoder_Only_PSMILES,pi1m_finetuned_bundle,HIGH,raw,1,[*]CCCCOCCOCCOCCOCCOCCC[*],78,False
Encoder_Only_PSMILES,pi1m_finetuned_bundle,HIGH,raw,1,[*]CCCCOCCOCCOCCOCCOCCCC[*],62,False
Encoder_Only_PSMILES,pi1m_finetuned_bundle,HIGH,raw,1,[*]OCCOCCOCCOCCOC([*])=O,32,False
Encoder_Only_PSMILES,pi1m_finetuned_bundle,HIGH,raw,1,[*]CCCCCOCCOCCOCCOCCOCCCC[*],26,False
Encoder_Only_PSMILES,pi1m_finetuned_bundle,HIGH,raw,1,[*]CCCOCCOCCOCCOCCOCCOCC[*],15,False
Encoder_Only_PSMILES,pi1m_finetuned_bundle,HIGH,raw,1,[*]CCNC(=O)OCCOCCN([*])C,13,False
Encoder_Only_PSMILES,pi1m_finetuned_bundle,HIGH,raw,1,[*]CCCCOCCOCCOCCOCCCOCCC[*],10,False
Encoder_Only_PSMILES,pi1m_finetuned_bundle,HIGH,raw,1,*CCCOCCOCCOCCOCCOCCCCCC,7,False
Encoder_Only_PSMILES,pi1m_finetuned_bundle,HIGH,raw,1,[*]OCCOCCCOCCOC([*])=O,6,False
Encoder_Only_PSMILES,pi1m_finetuned_bundle,HIGH,raw,1,[*]CCCOCCOCCOCCOCCC[*],2,False
Encoder_Only_PSMILES,pi1m_finetuned_bundle,HIGH,raw,1,[*]CCCCCOCCOCCOCCOCCCCC[*],2,False
Encoder_Only_PSMILES,pi1m_finetuned_bundle,HIGH,raw,1,[*]CCNC(=O)OCCOCCOCCN([*])C,1,False
Encoder_Only_PSMILES,pi1m_finetuned_bundle,HIGH,raw,1,[*]CCNC(=O)COC(=O)OCCN([*])C,1,False
Encoder_Only_PSMILES,pi1m_finetuned_bundle,HIGH,raw,1,[*]CCNC(=O)COC(=O)OCCOC([*])C,1,False
Encoder_Only_PSMILES,pi1m_finetuned_bundle,HIGH,raw,2,[*]CCCCOCCOCCOCCOCCOCCC[*],72,False
Encoder_Only_PSMILES,pi1m_finetuned_bundle,HIGH,raw,2,[*]CCCCOCCOCCOCCOCCOCCCC[*],60,False
Encoder_Only_PSMILES,pi1m_finetuned_bundle,HIGH,raw,2,[*]OCCOCCOCCOCCOC([*])=O,43,False
Encoder_Only_PSMILES,pi1m_finetuned_bundle,HIGH,raw,2,[*]CCCCCOCCOCCOCCOCCOCCCC[*],30,False
Encoder_Only_PSMILES,pi1m_finetuned_bundle,HIGH,raw,2,*CCCOCCOCCOCCOCCOCCCCCC,15,False
Encoder_Only_PSMILES,pi1m_finetuned_bundle,HIGH,raw,2,[*]CCNC(=O)OCCOCCN([*])C,10,False
Encoder_Only_PSMILES,pi1m_finetuned_bundle,HIGH,raw,2,[*]CCCOCCOCCOCCOCCOCCOCC[*],7,False
Encoder_Only_PSMILES,pi1m_finetuned_bundle,HIGH,raw,2,[*]OCCOCCCOCCOC([*])=O,7,False
Encoder_Only_PSMILES,pi1m_finetuned_bundle,HIGH,raw,2,[*]CCCCOCCOCCOCCOCCCOCCC[*],5,False
Encoder_Only_PSMILES,pi1m_finetuned_bundle,HIGH,raw,2,[*]CCCOCCOCCOCCOCCC[*],2,False
Encoder_Only_PSMILES,pi1m_finetuned_bundle,HIGH,raw,2,[*]CCCCOCCOCCOCCOCCC[*],1,False
Encoder_Only_PSMILES,pi1m_finetuned_bundle,HIGH,raw,2,[*]CCNC(=O)OCCOCCOCCN([*])C,1,False
Encoder_Only_PSMILES,pi1m_finetuned_bundle,HIGH,raw,2,[*]NCCCCCOCCOCCOC([*])=O,1,False
Encoder_Only_PSMILES,pi1m_finetuned_bundle,HIGH,raw,2,[*]CCCCCOCCOCCOCCOCCCCC[*],1,False
Encoder_Only_PSMILES,pi1m_finetuned_bundle,HIGH,raw,2,[*]NCCCCCOCCCCOCCOCCOC([*])=O,1,False
Encoder_Only_PSMILES,pi1m_finetuned_bundle,HIGH,raw,3,[*]CCCCOCCOCCOCCOCCOCCC[*],78,False
Encoder_Only_PSMILES,pi1m_finetuned_bundle,HIGH,raw,3,[*]CCCCOCCOCCOCCOCCOCCCC[*],54,False
Encoder_Only_PSMILES,pi1m_finetuned_bundle,HIGH,raw,3,[*]OCCOCCOCCOCCOC([*])=O,48,False
Encoder_Only_PSMILES,pi1m_finetuned_bundle,HIGH,raw,3,[*]CCCCCOCCOCCOCCOCCOCCCC[*],27,False
Encoder_Only_PSMILES,pi1m_finetuned_bundle,HIGH,raw,3,*CCCOCCOCCOCCOCCOCCCCCC,11,False
Encoder_Only_PSMILES,pi1m_finetuned_bundle,HIGH,raw,3,[*]CCNC(=O)OCCOCCN([*])C,10,False
Encoder_Only_PSMILES,pi1m_finetuned_bundle,HIGH,raw,3,[*]CCCOCCOCCOCCOCCOCCOCC[*],9,False
Encoder_Only_PSMILES,pi1m_finetuned_bundle,HIGH,raw,3,[*]CCCCOCCOCCOCCOCCCOCCC[*],8,False
Encoder_Only_PSMILES,pi1m_finetuned_bundle,HIGH,raw,3,[*]CCNC(=O)OCCOCCOCCN([*])C,3,False
Encoder_Only_PSMILES,pi1m_finetuned_bundle,HIGH,raw,3,[*]CCNC(=O)OCCOCCOCCOCC([*])C,2,False
Encoder_Only_PSMILES,pi1m_finetuned_bundle,HIGH,raw,3,[*]OCCOCCCOCCOC([*])=O,2,False
Encoder_Only_PSMILES,pi1m_finetuned_bundle,HIGH,raw,3,[*]CCCCCOCCOCCOCCOCCCCC[*],2,False
Encoder_Only_PSMILES,pi1m_finetuned_bundle,HIGH,raw,3,[*]CCCCOCCOCCOCCOCCC[*],1,False
Encoder_Only_PSMILES,pi1m_finetuned_bundle,HIGH,raw,3,[*]CCNC(=O)COC(=O)OCCOC([*])C,1,False
