model_id,scheme_id,scheme_name,scheme_params,regressor,ridge_alpha,tail_definition,n_tail,tail_mae_log10,tail_rmse_log10,tail_r2,tail_median_abs_error_log10,tail_p90_abs_error_log10
baseline_unweighted__ridge_alpha_0p01,baseline_unweighted,Scheme A: baseline_unweighted,,Ridge,0.01,true_top_5pct,317,0.18307284807255314,0.22554596401751031,-0.4485378069621564,0.16282303638802764,0.3521205740164852
baseline_unweighted__ridge_alpha_0p01,baseline_unweighted,Scheme A: baseline_unweighted,,Ridge,0.01,true_top_10pct,643,0.17238633701497022,0.21151170434873406,-0.5692830070470003,0.15598535165365313,0.3425511744367532
baseline_unweighted__ridge_alpha_0p01,baseline_unweighted,Scheme A: baseline_unweighted,,Ridge,0.01,true_ge_1e-4,701,0.17054223544067124,0.20910707393334113,-0.5654913283292409,0.15278900617699165,0.3368958104472588
baseline_unweighted__ridge_alpha_0p1,baseline_unweighted,Scheme A: baseline_unweighted,,Ridge,0.1,true_top_5pct,317,0.18306253461872027,0.22551279860007922,-0.4481118376559021,0.16316028403369343,0.35205163498214387
baseline_unweighted__ridge_alpha_0p1,baseline_unweighted,Scheme A: baseline_unweighted,,Ridge,0.1,true_top_10pct,643,0.17237751990217617,0.21148378627896514,-0.5688687655636144,0.1559277835917383,0.34250711873866
baseline_unweighted__ridge_alpha_0p1,baseline_unweighted,Scheme A: baseline_unweighted,,Ridge,0.1,true_ge_1e-4,701,0.17053251565351846,0.2090785589606891,-0.5650643996950004,0.15292587695520332,0.33696534153049695
baseline_unweighted__ridge_alpha_1,baseline_unweighted,Scheme A: baseline_unweighted,,Ridge,1.0,true_top_5pct,317,0.18297024124568825,0.22521205668760166,-0.4442520342971148,0.1645012185860617,0.35130051536711804
baseline_unweighted__ridge_alpha_1,baseline_unweighted,Scheme A: baseline_unweighted,,Ridge,1.0,true_top_10pct,643,0.17232408262596077,0.21123142628051525,-0.5651267907854955,0.15506585887462254,0.34137512016281135
baseline_unweighted__ridge_alpha_1,baseline_unweighted,Scheme A: baseline_unweighted,,Ridge,1.0,true_ge_1e-4,701,0.17046755485605325,0.20881986160039995,-0.5611938206285985,0.15420290865055097,0.3368774691573426
baseline_unweighted__ridge_alpha_10,baseline_unweighted,Scheme A: baseline_unweighted,,Ridge,10.0,true_top_5pct,317,0.18267682130099708,0.223835816889883,-0.4266547167414687,0.1603990167421152,0.3458681157265576
baseline_unweighted__ridge_alpha_10,baseline_unweighted,Scheme A: baseline_unweighted,,Ridge,10.0,true_top_10pct,643,0.17226809126793236,0.21011464000237717,-0.5486208046754053,0.15740760434559586,0.3349044853155612
baseline_unweighted__ridge_alpha_10,baseline_unweighted,Scheme A: baseline_unweighted,,Ridge,10.0,true_ge_1e-4,701,0.17032363053645916,0.20762561500446677,-0.5433878612742749,0.15459541261741583,0.3305970891253107
baseline_unweighted__ridge_alpha_100,baseline_unweighted,Scheme A: baseline_unweighted,,Ridge,100.0,true_top_5pct,317,0.18713286318181593,0.22672153334096928,-0.46367702127872956,0.16776470687530276,0.35155829585780624
baseline_unweighted__ridge_alpha_100,baseline_unweighted,Scheme A: baseline_unweighted,,Ridge,100.0,true_top_10pct,643,0.17618765176706852,0.21265540711141792,-0.5862999923724816,0.16377732960934388,0.3328655468152327
baseline_unweighted__ridge_alpha_100,baseline_unweighted,Scheme A: baseline_unweighted,,Ridge,100.0,true_ge_1e-4,701,0.17385663415967423,0.20979110067350812,-0.5757500858294824,0.16115499886821372,0.33030659886849056
inverse_frequency_bins__ridge_alpha_0p01,inverse_frequency_bins,Scheme B: inverse_frequency_bins,q=5,Ridge,0.01,true_top_5pct,317,0.1830218394060322,0.22550492782656478,-0.4480107563738811,0.16291062605852646,0.3519522045645822
inverse_frequency_bins__ridge_alpha_0p01,inverse_frequency_bins,Scheme B: inverse_frequency_bins,q=5,Ridge,0.01,true_top_10pct,643,0.1723232917346641,0.21143886889868607,-0.5682024072330003,0.1557318508752079,0.34235267270836195
inverse_frequency_bins__ridge_alpha_0p01,inverse_frequency_bins,Scheme B: inverse_frequency_bins,q=5,Ridge,0.01,true_ge_1e-4,701,0.17047865137175564,0.20903297905650167,-0.5643820943449049,0.15290286685920984,0.3366009050544112
inverse_frequency_bins__ridge_alpha_0p1,inverse_frequency_bins,Scheme B: inverse_frequency_bins,q=5,Ridge,0.1,true_top_5pct,317,0.18301148932989902,0.22547170628873037,-0.4475841439610171,0.1632481496223206,0.35188326245282764
inverse_frequency_bins__ridge_alpha_0p1,inverse_frequency_bins,Scheme B: inverse_frequency_bins,q=5,Ridge,0.1,true_top_10pct,643,0.1723144400488889,0.21141091042539206,-0.5677877091542822,0.15567418813716483,0.34233769258454644
inverse_frequency_bins__ridge_alpha_0p1,inverse_frequency_bins,Scheme B: inverse_frequency_bins,q=5,Ridge,0.1,true_ge_1e-4,701,0.17046889303765778,0.20900442253565354,-0.5639546951983532,0.153022261866417,0.3367331775077571
inverse_frequency_bins__ridge_alpha_1,inverse_frequency_bins,Scheme B: inverse_frequency_bins,q=5,Ridge,1.0,true_top_5pct,317,0.18291885286438758,0.22517038801320574,-0.44371765348822056,0.16444710987816658,0.3511346095284113
inverse_frequency_bins__ridge_alpha_1,inverse_frequency_bins,Scheme B: inverse_frequency_bins,q=5,Ridge,1.0,true_top_10pct,643,0.17226275841682454,0.2111581363597538,-0.564040890636436,0.15507339393213693,0.3412115621248604
inverse_frequency_bins__ridge_alpha_1,inverse_frequency_bins,Scheme B: inverse_frequency_bins,q=5,Ridge,1.0,true_ge_1e-4,701,0.1704054771308693,0.20874529899562497,-0.5600791192351344,0.15433756932515807,0.3363118084111205
inverse_frequency_bins__ridge_alpha_10,inverse_frequency_bins,Scheme B: inverse_frequency_bins,q=5,Ridge,10.0,true_top_5pct,317,0.18262252268303295,0.22378846474658073,-0.4260511671046814,0.16051811959783358,0.3456373645878386
inverse_frequency_bins__ridge_alpha_10,inverse_frequency_bins,Scheme B: inverse_frequency_bins,q=5,Ridge,10.0,true_top_10pct,643,0.17220313230215428,0.21003723577208155,-0.5474800205590937,0.15731531494017537,0.3343554180117633
inverse_frequency_bins__ridge_alpha_10,inverse_frequency_bins,Scheme B: inverse_frequency_bins,q=5,Ridge,10.0,true_ge_1e-4,701,0.17025793513889395,0.20754682060703714,-0.5422166450846964,0.1545617162797046,0.3306912895651424
inverse_frequency_bins__ridge_alpha_100,inverse_frequency_bins,Scheme B: inverse_frequency_bins,q=5,Ridge,100.0,true_top_5pct,317,0.18707990977350367,0.22665508762448094,-0.4628192217077023,0.1678287049536511,0.35155765188960014
inverse_frequency_bins__ridge_alpha_100,inverse_frequency_bins,Scheme B: inverse_frequency_bins,q=5,Ridge,100.0,true_top_10pct,643,0.17611763020152718,0.2125626483744591,-0.5849164292236584,0.1635951212925475,0.33256648485472645
inverse_frequency_bins__ridge_alpha_100,inverse_frequency_bins,Scheme B: inverse_frequency_bins,q=5,Ridge,100.0,true_ge_1e-4,701,0.17378345076341956,0.20969659857201783,-0.5743307867761229,0.1609874019042028,0.33014778160433744
high_tail_step__ridge_alpha_0p01,high_tail_step,Scheme C: high_tail_step,,Ridge,0.01,true_top_5pct,317,0.1603173963197045,0.20324350075221698,-0.17623215626088817,0.13063003751358337,0.31956793974573255
high_tail_step__ridge_alpha_0p01,high_tail_step,Scheme C: high_tail_step,,Ridge,0.01,true_top_10pct,643,0.15193333729683287,0.1913947800363098,-0.28496897042553115,0.12517629364349325,0.3066434876100844
high_tail_step__ridge_alpha_0p01,high_tail_step,Scheme C: high_tail_step,,Ridge,0.01,true_ge_1e-4,701,0.1513373828021978,0.19014170039075476,-0.2943983874021614,0.12688407817017522,0.3055575145707574
high_tail_step__ridge_alpha_0p1,high_tail_step,Scheme C: high_tail_step,,Ridge,0.1,true_top_5pct,317,0.16028761447988502,0.20319412926140346,-0.17566076990435775,0.13076134176474286,0.3194669956852834
high_tail_step__ridge_alpha_0p1,high_tail_step,Scheme C: high_tail_step,,Ridge,0.1,true_top_10pct,643,0.15191373071373312,0.19135438848906366,-0.284426673417878,0.125446201864575,0.30668108022941687
high_tail_step__ridge_alpha_0p1,high_tail_step,Scheme C: high_tail_step,,Ridge,0.1,true_ge_1e-4,701,0.1513172634242936,0.19010134169031825,-0.2938489582921271,0.1269052397449908,0.3055259371904264
high_tail_step__ridge_alpha_1,high_tail_step,Scheme C: high_tail_step,,Ridge,1.0,true_top_5pct,317,0.16001189909266286,0.2027342606957098,-0.1703452852928713,0.13008978223463252,0.31848765601455425
high_tail_step__ridge_alpha_1,high_tail_step,Scheme C: high_tail_step,,Ridge,1.0,true_top_10pct,643,0.15173580565852635,0.19098038371665763,-0.27941072104654596,0.12436062231738498,0.3054444813790204
high_tail_step__ridge_alpha_1,high_tail_step,Scheme C: high_tail_step,,Ridge,1.0,true_ge_1e-4,701,0.15113240726499472,0.18972682708967786,-0.28875601149132946,0.1282881455202296,0.30435109317360487
high_tail_step__ridge_alpha_10,high_tail_step,Scheme C: high_tail_step,,Ridge,10.0,true_top_5pct,317,0.15863491814245326,0.20000982884528537,-0.1391014140731106,0.13236110661708578,0.3100967256849113
high_tail_step__ridge_alpha_10,high_tail_step,Scheme C: high_tail_step,,Ridge,10.0,true_top_10pct,643,0.15096584124957907,0.1888707389101354,-0.2513010853233424,0.12781752912824373,0.30381380720767487
high_tail_step__ridge_alpha_10,high_tail_step,Scheme C: high_tail_step,,Ridge,10.0,true_ge_1e-4,701,0.15030573276503334,0.1875726302095808,-0.2596565608917878,0.12787018744865186,0.29818605472552884
high_tail_step__ridge_alpha_100,high_tail_step,Scheme C: high_tail_step,,Ridge,100.0,true_top_5pct,317,0.15864950808163433,0.19722348498670667,-0.1075847611615357,0.13669770512646906,0.31410907028109725
high_tail_step__ridge_alpha_100,high_tail_step,Scheme C: high_tail_step,,Ridge,100.0,true_top_10pct,643,0.1518116191653342,0.1875332477505026,-0.23364161809157014,0.13142264909437396,0.304760325345106
high_tail_step__ridge_alpha_100,high_tail_step,Scheme C: high_tail_step,,Ridge,100.0,true_ge_1e-4,701,0.15072323022530923,0.18590052513572805,-0.23729839511044282,0.1303449634338656,0.30082558127090486
aggressive_high_tail_step__ridge_alpha_0p01,aggressive_high_tail_step,Scheme D: aggressive_high_tail_step,,Ridge,0.01,true_top_5pct,317,0.15503389590188865,0.19766870035370054,-0.11259096351403297,0.12445200286181413,0.3031669442859578
aggressive_high_tail_step__ridge_alpha_0p01,aggressive_high_tail_step,Scheme D: aggressive_high_tail_step,,Ridge,0.01,true_top_10pct,643,0.14625474281301556,0.18545008503311924,-0.20638668739375743,0.11896484400124585,0.30163449650786145
aggressive_high_tail_step__ridge_alpha_0p01,aggressive_high_tail_step,Scheme D: aggressive_high_tail_step,,Ridge,0.01,true_ge_1e-4,701,0.14590330038672256,0.18448665069555564,-0.21854931342149508,0.12097203446712435,0.3005298332862174
aggressive_high_tail_step__ridge_alpha_0p1,aggressive_high_tail_step,Scheme D: aggressive_high_tail_step,,Ridge,0.1,true_top_5pct,317,0.15499807962227574,0.19761553954464764,-0.11199260593595595,0.12444213517229485,0.30337401151149274
aggressive_high_tail_step__ridge_alpha_0p1,aggressive_high_tail_step,Scheme D: aggressive_high_tail_step,,Ridge,0.1,true_top_10pct,643,0.14622950059590598,0.18540490324306289,-0.20579892740210348,0.11867140484260119,0.3015623854646537
aggressive_high_tail_step__ridge_alpha_0p1,aggressive_high_tail_step,Scheme D: aggressive_high_tail_step,,Ridge,0.1,true_ge_1e-4,701,0.14587767556203815,0.1844418587315366,-0.21795767613128425,0.12076811278305932,0.30030781846487686
aggressive_high_tail_step__ridge_alpha_1,aggressive_high_tail_step,Scheme D: aggressive_high_tail_step,,Ridge,1.0,true_top_5pct,317,0.1546832421387787,0.19711858507999055,-0.10640686249950049,0.12520632952012756,0.303637792099454
aggressive_high_tail_step__ridge_alpha_1,aggressive_high_tail_step,Scheme D: aggressive_high_tail_step,,Ridge,1.0,true_top_10pct,643,0.1460090845163716,0.18498494707480456,-0.2003426617825237,0.11891040224202287,0.299923873138057
aggressive_high_tail_step__ridge_alpha_1,aggressive_high_tail_step,Scheme D: aggressive_high_tail_step,,Ridge,1.0,true_ge_1e-4,701,0.1456568451793291,0.1840246379520631,-0.21245369227071698,0.1209180877489251,0.29776986627622426
aggressive_high_tail_step__ridge_alpha_10,aggressive_high_tail_step,Scheme D: aggressive_high_tail_step,,Ridge,10.0,true_top_5pct,317,0.1530051217842756,0.19407654128397192,-0.07252099468207818,0.13006091143154652,0.29935442313378025
aggressive_high_tail_step__ridge_alpha_10,aggressive_high_tail_step,Scheme D: aggressive_high_tail_step,,Ridge,10.0,true_top_10pct,643,0.14481365272598026,0.18252851736371845,-0.16867543305776866,0.12087099982906757,0.292113866570521
aggressive_high_tail_step__ridge_alpha_10,aggressive_high_tail_step,Scheme D: aggressive_high_tail_step,,Ridge,10.0,true_ge_1e-4,701,0.1444249849269038,0.1815396964068125,-0.17993049664399052,0.12138204304042732,0.2898920622827199
aggressive_high_tail_step__ridge_alpha_100,aggressive_high_tail_step,Scheme D: aggressive_high_tail_step,,Ridge,100.0,true_top_5pct,317,0.1514643637768032,0.18986551725702272,-0.026483347209742325,0.1318578021462713,0.29872431215521295
aggressive_high_tail_step__ridge_alpha_100,aggressive_high_tail_step,Scheme D: aggressive_high_tail_step,,Ridge,100.0,true_top_10pct,643,0.1445681299150216,0.17994545717312135,-0.13583235756345458,0.12352301124236753,0.2883689417519247
aggressive_high_tail_step__ridge_alpha_100,aggressive_high_tail_step,Scheme D: aggressive_high_tail_step,,Ridge,100.0,true_ge_1e-4,701,0.14370012105483584,0.17862465568503924,-0.14234168741072661,0.12296513807681375,0.2859170220719607
recall_focused_near_threshold__ridge_alpha_0p01,recall_focused_near_threshold,Scheme F: recall_focused_near_threshold,,Ridge,0.01,true_top_5pct,317,0.1545009284453476,0.19593280790423684,-0.09313560300756318,0.1331431268214378,0.29911133411629093
recall_focused_near_threshold__ridge_alpha_0p01,recall_focused_near_threshold,Scheme F: recall_focused_near_threshold,,Ridge,0.01,true_top_10pct,643,0.14218890335858936,0.1795064976918087,-0.1302976109102485,0.11745726418407498,0.2839763798907061
recall_focused_near_threshold__ridge_alpha_0p01,recall_focused_near_threshold,Scheme F: recall_focused_near_threshold,,Ridge,0.01,true_ge_1e-4,701,0.14108655002393133,0.17793322156962385,-0.1335150750133749,0.11698362760841796,0.2794826163383184
recall_focused_near_threshold__ridge_alpha_0p1,recall_focused_near_threshold,Scheme F: recall_focused_near_threshold,,Ridge,0.1,true_top_5pct,317,0.15446741303653122,0.19587318337882106,-0.09247039767422005,0.13312821048911072,0.2989973434702303
recall_focused_near_threshold__ridge_alpha_0p1,recall_focused_near_threshold,Scheme F: recall_focused_near_threshold,,Ridge,0.1,true_top_10pct,643,0.14216236458801684,0.17945667910954763,-0.12967031316473832,0.11754321036725957,0.28374494504158343
recall_focused_near_threshold__ridge_alpha_0p1,recall_focused_near_threshold,Scheme F: recall_focused_near_threshold,,Ridge,0.1,true_ge_1e-4,701,0.14106036801645638,0.17788358546770427,-0.13288275439649122,0.11688952313665757,0.2794530750279227
recall_focused_near_threshold__ridge_alpha_1,recall_focused_near_threshold,Scheme F: recall_focused_near_threshold,,Ridge,1.0,true_top_5pct,317,0.15416818510391475,0.19531988292608943,-0.08630711781108391,0.1329815310138831,0.2980247553899017
recall_focused_near_threshold__ridge_alpha_1,recall_focused_near_threshold,Scheme F: recall_focused_near_threshold,,Ridge,1.0,true_top_10pct,643,0.1419236372814694,0.17899535617230916,-0.1238697713532313,0.11721911485387215,0.282224914536855
recall_focused_near_threshold__ridge_alpha_1,recall_focused_near_threshold,Scheme F: recall_focused_near_threshold,,Ridge,1.0,true_ge_1e-4,701,0.14082231927404493,0.17742294562650623,-0.12702302035624058,0.11620534092494195,0.27735143566394616
recall_focused_near_threshold__ridge_alpha_10,recall_focused_near_threshold,Scheme F: recall_focused_near_threshold,,Ridge,10.0,true_top_5pct,317,0.1526384265117177,0.192113320001998,-0.050932128426109946,0.13313923561476315,0.29378712115535405
recall_focused_near_threshold__ridge_alpha_10,recall_focused_near_threshold,Scheme F: recall_focused_near_threshold,,Ridge,10.0,true_top_10pct,643,0.14067219845406362,0.17636559671892826,-0.09108907362309981,0.11692539822649062,0.27682652358730675
recall_focused_near_threshold__ridge_alpha_10,recall_focused_near_threshold,Scheme F: recall_focused_near_threshold,,Ridge,10.0,true_ge_1e-4,701,0.1395219452392565,0.17474916571384844,-0.09331029723906359,0.11692539822649062,0.2730662307327081
recall_focused_near_threshold__ridge_alpha_100,recall_focused_near_threshold,Scheme F: recall_focused_near_threshold,,Ridge,100.0,true_top_5pct,317,0.15267213614911312,0.18894926256646388,-0.016600027585247812,0.1385875720422871,0.2965746301292405
recall_focused_near_threshold__ridge_alpha_100,recall_focused_near_threshold,Scheme F: recall_focused_near_threshold,,Ridge,100.0,true_top_10pct,643,0.14077198079314393,0.17398191398947835,-0.06179498787676563,0.12601588603094438,0.2776632399353906
recall_focused_near_threshold__ridge_alpha_100,recall_focused_near_threshold,Scheme F: recall_focused_near_threshold,,Ridge,100.0,true_ge_1e-4,701,0.13910300553711663,0.17199450965915475,-0.0591132077051153,0.12475813369129529,0.27523410448336616
smooth_sigmoid_tail_a1_t0p05__ridge_alpha_0p01,smooth_sigmoid_tail_a1_t0p05,Scheme E: smooth_sigmoid_tail,threshold=-4; alpha=1; temperature=0.05,Ridge,0.01,true_top_5pct,317,0.1635346794186989,0.20726250465286714,-0.22321049522913472,0.1375277722709547,0.3236602625370398
smooth_sigmoid_tail_a1_t0p05__ridge_alpha_0p01,smooth_sigmoid_tail_a1_t0p05,Scheme E: smooth_sigmoid_tail,threshold=-4; alpha=1; temperature=0.05,Ridge,0.01,true_top_10pct,643,0.1552594773564237,0.19542920414482526,-0.3397118207845844,0.12680137544696368,0.3197353864792568
smooth_sigmoid_tail_a1_t0p05__ridge_alpha_0p01,smooth_sigmoid_tail_a1_t0p05,Scheme E: smooth_sigmoid_tail,threshold=-4; alpha=1; temperature=0.05,Ridge,0.01,true_ge_1e-4,701,0.15459087898331758,0.19409005191656564,-0.3487136994905531,0.12856335685281106,0.3173996189646435
smooth_sigmoid_tail_a1_t0p05__ridge_alpha_0p1,smooth_sigmoid_tail_a1_t0p05,Scheme E: smooth_sigmoid_tail,threshold=-4; alpha=1; temperature=0.05,Ridge,0.1,true_top_5pct,317,0.1635079438555105,0.20721220399480514,-0.2226168439385383,0.13749093801140733,0.32373237161722157
smooth_sigmoid_tail_a1_t0p05__ridge_alpha_0p1,smooth_sigmoid_tail_a1_t0p05,Scheme E: smooth_sigmoid_tail,threshold=-4; alpha=1; temperature=0.05,Ridge,0.1,true_top_10pct,643,0.1552371370740564,0.19538841277421046,-0.33915261083121595,0.1267118301417196,0.3195979604595319
smooth_sigmoid_tail_a1_t0p05__ridge_alpha_0p1,smooth_sigmoid_tail_a1_t0p05,Scheme E: smooth_sigmoid_tail,threshold=-4; alpha=1; temperature=0.05,Ridge,0.1,true_ge_1e-4,701,0.15456869726125813,0.19404908427255194,-0.34814439889188664,0.12848423919190033,0.31691579427420846
smooth_sigmoid_tail_a1_t0p05__ridge_alpha_1,smooth_sigmoid_tail_a1_t0p05,Scheme E: smooth_sigmoid_tail,threshold=-4; alpha=1; temperature=0.05,Ridge,1.0,true_top_5pct,317,0.16326341301777192,0.2067463235488207,-0.21712534339895084,0.13711980496440068,0.3234862825526343
smooth_sigmoid_tail_a1_t0p05__ridge_alpha_1,smooth_sigmoid_tail_a1_t0p05,Scheme E: smooth_sigmoid_tail,threshold=-4; alpha=1; temperature=0.05,Ridge,1.0,true_top_10pct,643,0.15503400421947694,0.19501257888531823,-0.3340057868906159,0.12845878373364306,0.3171165519450965
smooth_sigmoid_tail_a1_t0p05__ridge_alpha_1,smooth_sigmoid_tail_a1_t0p05,Scheme E: smooth_sigmoid_tail,threshold=-4; alpha=1; temperature=0.05,Ridge,1.0,true_ge_1e-4,701,0.1543651786149856,0.19367076778022768,-0.34289286068929536,0.12959410598515664,0.31370662749355516
smooth_sigmoid_tail_a1_t0p05__ridge_alpha_10,smooth_sigmoid_tail_a1_t0p05,Scheme E: smooth_sigmoid_tail,threshold=-4; alpha=1; temperature=0.05,Ridge,10.0,true_top_5pct,317,0.16210631615047355,0.20411589913983957,-0.18635149912632243,0.13475959923403424,0.3178009142521316
smooth_sigmoid_tail_a1_t0p05__ridge_alpha_10,smooth_sigmoid_tail_a1_t0p05,Scheme E: smooth_sigmoid_tail,threshold=-4; alpha=1; temperature=0.05,Ridge,10.0,true_top_10pct,643,0.1542804147863181,0.1929857209051418,-0.3064199855577805,0.1312117757237825,0.31089195601983566
smooth_sigmoid_tail_a1_t0p05__ridge_alpha_10,smooth_sigmoid_tail_a1_t0p05,Scheme E: smooth_sigmoid_tail,threshold=-4; alpha=1; temperature=0.05,Ridge,10.0,true_ge_1e-4,701,0.1535666789493877,0.19158594565643003,-0.3141365982200919,0.1312117757237825,0.30836435324634204
smooth_sigmoid_tail_a1_t0p05__ridge_alpha_100,smooth_sigmoid_tail_a1_t0p05,Scheme E: smooth_sigmoid_tail,threshold=-4; alpha=1; temperature=0.05,Ridge,100.0,true_top_5pct,317,0.16342515790883025,0.2026489304348522,-0.16936030276926584,0.1447423251673423,0.3163696910736047
smooth_sigmoid_tail_a1_t0p05__ridge_alpha_100,smooth_sigmoid_tail_a1_t0p05,Scheme E: smooth_sigmoid_tail,threshold=-4; alpha=1; temperature=0.05,Ridge,100.0,true_top_10pct,643,0.1559409387255584,0.1926002895869358,-0.3012068294313217,0.13856125863440383,0.3097903979158302
smooth_sigmoid_tail_a1_t0p05__ridge_alpha_100,smooth_sigmoid_tail_a1_t0p05,Scheme E: smooth_sigmoid_tail,threshold=-4; alpha=1; temperature=0.05,Ridge,100.0,true_ge_1e-4,701,0.15474664776874394,0.19082201135013868,-0.3036774540287943,0.13562816419539336,0.3082705366439815
smooth_sigmoid_tail_a1_t0p1__ridge_alpha_0p01,smooth_sigmoid_tail_a1_t0p1,Scheme E: smooth_sigmoid_tail,threshold=-4; alpha=1; temperature=0.1,Ridge,0.01,true_top_5pct,317,0.1657574850059462,0.20872941054671415,-0.24058637721638565,0.14247603194158298,0.3251164143846514
smooth_sigmoid_tail_a1_t0p1__ridge_alpha_0p01,smooth_sigmoid_tail_a1_t0p1,Scheme E: smooth_sigmoid_tail,threshold=-4; alpha=1; temperature=0.1,Ridge,0.01,true_top_10pct,643,0.15693573128950725,0.19635228906084534,-0.35239762585902423,0.13064987047094556,0.3212906251670103
smooth_sigmoid_tail_a1_t0p1__ridge_alpha_0p01,smooth_sigmoid_tail_a1_t0p1,Scheme E: smooth_sigmoid_tail,threshold=-4; alpha=1; temperature=0.1,Ridge,0.01,true_ge_1e-4,701,0.15603214484214004,0.19479638375764163,-0.35854802991677004,0.13093609515677151,0.31822651102538924
smooth_sigmoid_tail_a1_t0p1__ridge_alpha_0p1,smooth_sigmoid_tail_a1_t0p1,Scheme E: smooth_sigmoid_tail,threshold=-4; alpha=1; temperature=0.1,Ridge,0.1,true_top_5pct,317,0.16573174858835507,0.2086822859893112,-0.24002626942572558,0.14243763114408203,0.32505335020445847
smooth_sigmoid_tail_a1_t0p1__ridge_alpha_0p1,smooth_sigmoid_tail_a1_t0p1,Scheme E: smooth_sigmoid_tail,threshold=-4; alpha=1; temperature=0.1,Ridge,0.1,true_top_10pct,643,0.1569136128443032,0.1963138871169177,-0.35186868250486625,0.13086042374936202,0.3211521628160305
smooth_sigmoid_tail_a1_t0p1__ridge_alpha_0p1,smooth_sigmoid_tail_a1_t0p1,Scheme E: smooth_sigmoid_tail,threshold=-4; alpha=1; temperature=0.1,Ridge,0.1,true_ge_1e-4,701,0.15601023947745357,0.1947577663739914,-0.35800943295567866,0.13108933048852434,0.3182275434282289
smooth_sigmoid_tail_a1_t0p1__ridge_alpha_1,smooth_sigmoid_tail_a1_t0p1,Scheme E: smooth_sigmoid_tail,threshold=-4; alpha=1; temperature=0.1,Ridge,1.0,true_top_5pct,317,0.16549046270154955,0.20824666723489915,-0.23485462879517094,0.14055261758665383,0.3245589159058051
smooth_sigmoid_tail_a1_t0p1__ridge_alpha_1,smooth_sigmoid_tail_a1_t0p1,Scheme E: smooth_sigmoid_tail,threshold=-4; alpha=1; temperature=0.1,Ridge,1.0,true_top_10pct,643,0.15671123455588365,0.19596061579830754,-0.347007623165446,0.13144363332708142,0.320737632018032
smooth_sigmoid_tail_a1_t0p1__ridge_alpha_1,smooth_sigmoid_tail_a1_t0p1,Scheme E: smooth_sigmoid_tail,threshold=-4; alpha=1; temperature=0.1,Ridge,1.0,true_ge_1e-4,701,0.15580826634594702,0.19440163543814862,-0.35304750511109484,0.13251545099332152,0.31696070648796804
smooth_sigmoid_tail_a1_t0p1__ridge_alpha_10,smooth_sigmoid_tail_a1_t0p1,Scheme E: smooth_sigmoid_tail,threshold=-4; alpha=1; temperature=0.1,Ridge,10.0,true_top_5pct,317,0.16439275012436635,0.20582902801668032,-0.20634897893261916,0.13892505963332136,0.32076704469772616
smooth_sigmoid_tail_a1_t0p1__ridge_alpha_10,smooth_sigmoid_tail_a1_t0p1,Scheme E: smooth_sigmoid_tail,threshold=-4; alpha=1; temperature=0.1,Ridge,10.0,true_top_10pct,643,0.1559758170372845,0.1940833681878579,-0.3213233307084882,0.13570897672230853,0.3125599771857902
smooth_sigmoid_tail_a1_t0p1__ridge_alpha_10,smooth_sigmoid_tail_a1_t0p1,Scheme E: smooth_sigmoid_tail,threshold=-4; alpha=1; temperature=0.1,Ridge,10.0,true_ge_1e-4,701,0.15502700184332102,0.19246404229202102,-0.32621037897787786,0.13448024743303888,0.30598005912274484
smooth_sigmoid_tail_a1_t0p1__ridge_alpha_100,smooth_sigmoid_tail_a1_t0p1,Scheme E: smooth_sigmoid_tail,threshold=-4; alpha=1; temperature=0.1,Ridge,100.0,true_top_5pct,317,0.16621791476706757,0.2049369021263968,-0.19591427159781438,0.14869429867195194,0.3197272976077369
smooth_sigmoid_tail_a1_t0p1__ridge_alpha_100,smooth_sigmoid_tail_a1_t0p1,Scheme E: smooth_sigmoid_tail,threshold=-4; alpha=1; temperature=0.1,Ridge,100.0,true_top_10pct,643,0.15790187337753664,0.19405039868245322,-0.32087445477459253,0.14333526570599098,0.31170700197550316
smooth_sigmoid_tail_a1_t0p1__ridge_alpha_100,smooth_sigmoid_tail_a1_t0p1,Scheme E: smooth_sigmoid_tail,threshold=-4; alpha=1; temperature=0.1,Ridge,100.0,true_ge_1e-4,701,0.15647382551588393,0.19205711979259843,-0.3206083523864205,0.13771078604830223,0.3088669317774029
smooth_sigmoid_tail_a1_t0p2__ridge_alpha_0p01,smooth_sigmoid_tail_a1_t0p2,Scheme E: smooth_sigmoid_tail,threshold=-4; alpha=1; temperature=0.2,Ridge,0.01,true_top_5pct,317,0.16986475142851085,0.2124311612764553,-0.2849793871372128,0.14392729674224736,0.3315971466421453
smooth_sigmoid_tail_a1_t0p2__ridge_alpha_0p01,smooth_sigmoid_tail_a1_t0p2,Scheme E: smooth_sigmoid_tail,threshold=-4; alpha=1; temperature=0.2,Ridge,0.01,true_top_10pct,643,0.16051506051287892,0.19939015521056583,-0.39456860929406035,0.13813444774969508,0.3248827699465103
smooth_sigmoid_tail_a1_t0p2__ridge_alpha_0p01,smooth_sigmoid_tail_a1_t0p2,Scheme E: smooth_sigmoid_tail,threshold=-4; alpha=1; temperature=0.2,Ridge,0.01,true_ge_1e-4,701,0.159287575615082,0.19751929506774726,-0.3967937090618272,0.13718366810715077,0.320188681616445
smooth_sigmoid_tail_a1_t0p2__ridge_alpha_0p1,smooth_sigmoid_tail_a1_t0p2,Scheme E: smooth_sigmoid_tail,threshold=-4; alpha=1; temperature=0.2,Ridge,0.1,true_top_5pct,317,0.1698452018432492,0.2123889889912288,-0.2844692441064951,0.14411499398071648,0.33147787095791476
smooth_sigmoid_tail_a1_t0p2__ridge_alpha_0p1,smooth_sigmoid_tail_a1_t0p2,Scheme E: smooth_sigmoid_tail,threshold=-4; alpha=1; temperature=0.2,Ridge,0.1,true_top_10pct,643,0.16050031462990455,0.1993555681071024,-0.39408483510495085,0.13806853231437266,0.32465512356447196
smooth_sigmoid_tail_a1_t0p2__ridge_alpha_0p1,smooth_sigmoid_tail_a1_t0p2,Scheme E: smooth_sigmoid_tail,threshold=-4; alpha=1; temperature=0.2,Ridge,0.1,true_ge_1e-4,701,0.15927244391533416,0.19748446142631296,-0.39630108761059746,0.13707678809710577,0.3200520216838143
smooth_sigmoid_tail_a1_t0p2__ridge_alpha_1,smooth_sigmoid_tail_a1_t0p2,Scheme E: smooth_sigmoid_tail,threshold=-4; alpha=1; temperature=0.2,Ridge,1.0,true_top_5pct,317,0.16966502186916296,0.21200046811012568,-0.27977421092474497,0.14456585405991884,0.3303418065361042
smooth_sigmoid_tail_a1_t0p2__ridge_alpha_1,smooth_sigmoid_tail_a1_t0p2,Scheme E: smooth_sigmoid_tail,threshold=-4; alpha=1; temperature=0.2,Ridge,1.0,true_top_10pct,643,0.1603689702993911,0.19903836569693742,-0.38965199916845816,0.13922831777142441,0.3229826894358238
smooth_sigmoid_tail_a1_t0p2__ridge_alpha_1,smooth_sigmoid_tail_a1_t0p2,Scheme E: smooth_sigmoid_tail,threshold=-4; alpha=1; temperature=0.2,Ridge,1.0,true_ge_1e-4,701,0.1591357889729527,0.19716412961124333,-0.39177499071027366,0.1391814466219441,0.32004017103635984
smooth_sigmoid_tail_a1_t0p2__ridge_alpha_10,smooth_sigmoid_tail_a1_t0p2,Scheme E: smooth_sigmoid_tail,threshold=-4; alpha=1; temperature=0.2,Ridge,10.0,true_top_5pct,317,0.1689980773277054,0.20991299131828833,-0.2546955265127713,0.14771661709470818,0.32557248656424753
smooth_sigmoid_tail_a1_t0p2__ridge_alpha_10,smooth_sigmoid_tail_a1_t0p2,Scheme E: smooth_sigmoid_tail,threshold=-4; alpha=1; temperature=0.2,Ridge,10.0,true_top_10pct,643,0.15987086202413558,0.19740425461395944,-0.3669274970970262,0.14024511416773322,0.31514513276935835
smooth_sigmoid_tail_a1_t0p2__ridge_alpha_10,smooth_sigmoid_tail_a1_t0p2,Scheme E: smooth_sigmoid_tail,threshold=-4; alpha=1; temperature=0.2,Ridge,10.0,true_ge_1e-4,701,0.15857365124529021,0.1954693103443834,-0.3679504852820423,0.13865626227465144,0.3124012711026123
smooth_sigmoid_tail_a1_t0p2__ridge_alpha_100,smooth_sigmoid_tail_a1_t0p2,Scheme E: smooth_sigmoid_tail,threshold=-4; alpha=1; temperature=0.2,Ridge,100.0,true_top_5pct,317,0.17149503904599045,0.20998828047850812,-0.25559572723622703,0.1545659846961729,0.3316517432153175
smooth_sigmoid_tail_a1_t0p2__ridge_alpha_100,smooth_sigmoid_tail_a1_t0p2,Scheme E: smooth_sigmoid_tail,threshold=-4; alpha=1; temperature=0.2,Ridge,100.0,true_top_10pct,643,0.16228884979525007,0.19801527867908691,-0.37540267643638714,0.14846173057232148,0.3154427076383477
smooth_sigmoid_tail_a1_t0p2__ridge_alpha_100,smooth_sigmoid_tail_a1_t0p2,Scheme E: smooth_sigmoid_tail,threshold=-4; alpha=1; temperature=0.2,Ridge,100.0,true_ge_1e-4,701,0.1605418209639742,0.19572171656437828,-0.37148558894746375,0.14446168399373516,0.31089320606555404
smooth_sigmoid_tail_a2_t0p05__ridge_alpha_0p01,smooth_sigmoid_tail_a2_t0p05,Scheme E: smooth_sigmoid_tail,threshold=-4; alpha=2; temperature=0.05,Ridge,0.01,true_top_5pct,317,0.15524215586755313,0.19910570069022138,-0.12882626019063181,0.12378870158045219,0.3100247584551946
smooth_sigmoid_tail_a2_t0p05__ridge_alpha_0p01,smooth_sigmoid_tail_a2_t0p05,Scheme E: smooth_sigmoid_tail,threshold=-4; alpha=2; temperature=0.05,Ridge,0.01,true_top_10pct,643,0.14686677169363618,0.18744033034094779,-0.2324194520203764,0.11604444422136506,0.3039575253946548
smooth_sigmoid_tail_a2_t0p05__ridge_alpha_0p01,smooth_sigmoid_tail_a2_t0p05,Scheme E: smooth_sigmoid_tail,threshold=-4; alpha=2; temperature=0.05,Ridge,0.01,true_ge_1e-4,701,0.146722366220154,0.18669220141867926,-0.24785915634032896,0.11672263065095967,0.30144547484430406
smooth_sigmoid_tail_a2_t0p05__ridge_alpha_0p1,smooth_sigmoid_tail_a2_t0p05,Scheme E: smooth_sigmoid_tail,threshold=-4; alpha=2; temperature=0.05,Ridge,0.1,true_top_5pct,317,0.15520231456479652,0.19904150292963874,-0.12809844140119142,0.12348546750652512,0.3095732948415858
smooth_sigmoid_tail_a2_t0p05__ridge_alpha_0p1,smooth_sigmoid_tail_a2_t0p05,Scheme E: smooth_sigmoid_tail,threshold=-4; alpha=2; temperature=0.05,Ridge,0.1,true_top_10pct,643,0.1468361806244523,0.18738800813305093,-0.23173151141796122,0.11601120817454635,0.30400594996461305
smooth_sigmoid_tail_a2_t0p05__ridge_alpha_0p1,smooth_sigmoid_tail_a2_t0p05,Scheme E: smooth_sigmoid_tail,threshold=-4; alpha=2; temperature=0.05,Ridge,0.1,true_ge_1e-4,701,0.14669213850314894,0.18664013721793246,-0.24716325442296627,0.11687559363866784,0.30140694985282
smooth_sigmoid_tail_a2_t0p05__ridge_alpha_1,smooth_sigmoid_tail_a2_t0p05,Scheme E: smooth_sigmoid_tail,threshold=-4; alpha=2; temperature=0.05,Ridge,1.0,true_top_5pct,317,0.1548301187797844,0.19844363837331172,-0.1213316401530451,0.12058992280626102,0.30684198209738517
smooth_sigmoid_tail_a2_t0p05__ridge_alpha_1,smooth_sigmoid_tail_a2_t0p05,Scheme E: smooth_sigmoid_tail,threshold=-4; alpha=2; temperature=0.05,Ridge,1.0,true_top_10pct,643,0.14654942448749664,0.18690314474313102,-0.2253655878819445,0.11547603771516313,0.3035161293815365
smooth_sigmoid_tail_a2_t0p05__ridge_alpha_1,smooth_sigmoid_tail_a2_t0p05,Scheme E: smooth_sigmoid_tail,threshold=-4; alpha=2; temperature=0.05,Ridge,1.0,true_ge_1e-4,701,0.146407001389491,0.18615672153734406,-0.24071107858850493,0.1169882550604644,0.29760451213029304
smooth_sigmoid_tail_a2_t0p05__ridge_alpha_10,smooth_sigmoid_tail_a2_t0p05,Scheme E: smooth_sigmoid_tail,threshold=-4; alpha=2; temperature=0.05,Ridge,10.0,true_top_5pct,317,0.1530417675109846,0.19489320000776875,-0.0815661522826967,0.12375243102226507,0.3040637792615652
smooth_sigmoid_tail_a2_t0p05__ridge_alpha_10,smooth_sigmoid_tail_a2_t0p05,Scheme E: smooth_sigmoid_tail,threshold=-4; alpha=2; temperature=0.05,Ridge,10.0,true_top_10pct,643,0.1451921884725551,0.18413867769979103,-0.18938512520058226,0.11935900873508798,0.2977891727132472
smooth_sigmoid_tail_a2_t0p05__ridge_alpha_10,smooth_sigmoid_tail_a2_t0p05,Scheme E: smooth_sigmoid_tail,threshold=-4; alpha=2; temperature=0.05,Ridge,10.0,true_ge_1e-4,701,0.1450095824507658,0.18335240322034005,-0.20361178052977436,0.11955803443281354,0.2915780913663433
smooth_sigmoid_tail_a2_t0p05__ridge_alpha_100,smooth_sigmoid_tail_a2_t0p05,Scheme E: smooth_sigmoid_tail,threshold=-4; alpha=2; temperature=0.05,Ridge,100.0,true_top_5pct,317,0.15201910262360693,0.19068689268378,-0.035383877796435925,0.13096774236196884,0.3021957084509489
smooth_sigmoid_tail_a2_t0p05__ridge_alpha_100,smooth_sigmoid_tail_a2_t0p05,Scheme E: smooth_sigmoid_tail,threshold=-4; alpha=2; temperature=0.05,Ridge,100.0,true_top_10pct,643,0.1453555511192447,0.18172976288892884,-0.1584694416233161,0.1244650349658607,0.29565651920713193
smooth_sigmoid_tail_a2_t0p05__ridge_alpha_100,smooth_sigmoid_tail_a2_t0p05,Scheme E: smooth_sigmoid_tail,threshold=-4; alpha=2; temperature=0.05,Ridge,100.0,true_ge_1e-4,701,0.1446268627787569,0.18055253095623391,-0.16713307833092594,0.12409088691742376,0.2932916127555232
smooth_sigmoid_tail_a2_t0p1__ridge_alpha_0p01,smooth_sigmoid_tail_a2_t0p1,Scheme E: smooth_sigmoid_tail,threshold=-4; alpha=2; temperature=0.1,Ridge,0.01,true_top_5pct,317,0.15794149575391347,0.200711729959457,-0.147110415194327,0.1274664253673392,0.3131172176089167
smooth_sigmoid_tail_a2_t0p1__ridge_alpha_0p01,smooth_sigmoid_tail_a2_t0p1,Scheme E: smooth_sigmoid_tail,threshold=-4; alpha=2; temperature=0.1,Ridge,0.01,true_top_10pct,643,0.1489377317266069,0.18835388610910095,-0.2444619787368716,0.11823418756989978,0.30674761065151973
smooth_sigmoid_tail_a2_t0p1__ridge_alpha_0p01,smooth_sigmoid_tail_a2_t0p1,Scheme E: smooth_sigmoid_tail,threshold=-4; alpha=2; temperature=0.1,Ridge,0.01,true_ge_1e-4,701,0.14841663214652914,0.1872429909012954,-0.2552330215595342,0.12120095431513356,0.30390679786468144
smooth_sigmoid_tail_a2_t0p1__ridge_alpha_0p1,smooth_sigmoid_tail_a2_t0p1,Scheme E: smooth_sigmoid_tail,threshold=-4; alpha=2; temperature=0.1,Ridge,0.1,true_top_5pct,317,0.15790791250570568,0.20065498433973156,-0.1464618802060016,0.12742253061463282,0.31291211791392176
smooth_sigmoid_tail_a2_t0p1__ridge_alpha_0p1,smooth_sigmoid_tail_a2_t0p1,Scheme E: smooth_sigmoid_tail,threshold=-4; alpha=2; temperature=0.1,Ridge,0.1,true_top_10pct,643,0.1489102422011038,0.1883074620960125,-0.2438486035560301,0.11839024898204009,0.30669818256043013
smooth_sigmoid_tail_a2_t0p1__ridge_alpha_0p1,smooth_sigmoid_tail_a2_t0p1,Scheme E: smooth_sigmoid_tail,threshold=-4; alpha=2; temperature=0.1,Ridge,0.1,true_ge_1e-4,701,0.1483897983046538,0.18719663892169885,-0.2546116329181285,0.12134367332194174,0.3038078641936197
smooth_sigmoid_tail_a2_t0p1__ridge_alpha_1,smooth_sigmoid_tail_a2_t0p1,Scheme E: smooth_sigmoid_tail,threshold=-4; alpha=2; temperature=0.1,Ridge,1.0,true_top_5pct,317,0.15760865651174602,0.2001276061510983,-0.1404433460874135,0.12816825566162704,0.3111886653549444
smooth_sigmoid_tail_a2_t0p1__ridge_alpha_1,smooth_sigmoid_tail_a2_t0p1,Scheme E: smooth_sigmoid_tail,threshold=-4; alpha=2; temperature=0.1,Ridge,1.0,true_top_10pct,643,0.1486690075045539,0.18787797597603811,-0.23818120734242565,0.1191115938935079,0.3042809463278246
smooth_sigmoid_tail_a2_t0p1__ridge_alpha_1,smooth_sigmoid_tail_a2_t0p1,Scheme E: smooth_sigmoid_tail,threshold=-4; alpha=2; temperature=0.1,Ridge,1.0,true_ge_1e-4,701,0.14815183714468136,0.18676686687303468,-0.24885749051513062,0.12143926179075759,0.30190958903209353
smooth_sigmoid_tail_a2_t0p1__ridge_alpha_10,smooth_sigmoid_tail_a2_t0p1,Scheme E: smooth_sigmoid_tail,threshold=-4; alpha=2; temperature=0.1,Ridge,10.0,true_top_5pct,317,0.15608551503808601,0.19705009792047978,-0.10563817293512456,0.1304967195094564,0.3093593880103543
smooth_sigmoid_tail_a2_t0p1__ridge_alpha_10,smooth_sigmoid_tail_a2_t0p1,Scheme E: smooth_sigmoid_tail,threshold=-4; alpha=2; temperature=0.1,Ridge,10.0,true_top_10pct,643,0.14760335988597276,0.18546685462805954,-0.2066048758165544,0.12489493072962699,0.297532953842869
smooth_sigmoid_tail_a2_t0p1__ridge_alpha_10,smooth_sigmoid_tail_a2_t0p1,Scheme E: smooth_sigmoid_tail,threshold=-4; alpha=2; temperature=0.1,Ridge,10.0,true_ge_1e-4,701,0.14705839263842735,0.18430629152053374,-0.21616790405346098,0.12641738967846328,0.2926485499736291
smooth_sigmoid_tail_a2_t0p1__ridge_alpha_100,smooth_sigmoid_tail_a2_t0p1,Scheme E: smooth_sigmoid_tail,threshold=-4; alpha=2; temperature=0.1,Ridge,100.0,true_top_5pct,317,0.1559014435991272,0.1940104742617225,-0.07179090945634292,0.1338094158572991,0.303162702900424
smooth_sigmoid_tail_a2_t0p1__ridge_alpha_100,smooth_sigmoid_tail_a2_t0p1,Scheme E: smooth_sigmoid_tail,threshold=-4; alpha=2; temperature=0.1,Ridge,100.0,true_top_10pct,643,0.14814866445727926,0.18382377710279993,-0.1853206034310968,0.13065964311055112,0.3000536746404503
smooth_sigmoid_tail_a2_t0p1__ridge_alpha_100,smooth_sigmoid_tail_a2_t0p1,Scheme E: smooth_sigmoid_tail,threshold=-4; alpha=2; temperature=0.1,Ridge,100.0,true_ge_1e-4,701,0.1470948155621363,0.1822777149481085,-0.18954360790144298,0.13015618058133027,0.2985565705498767
smooth_sigmoid_tail_a2_t0p2__ridge_alpha_0p01,smooth_sigmoid_tail_a2_t0p2,Scheme E: smooth_sigmoid_tail,threshold=-4; alpha=2; temperature=0.2,Ridge,0.01,true_top_5pct,317,0.16363782277455188,0.20599351816557446,-0.20827787899747352,0.13745015087354462,0.32492357922106685
smooth_sigmoid_tail_a2_t0p2__ridge_alpha_0p01,smooth_sigmoid_tail_a2_t0p2,Scheme E: smooth_sigmoid_tail,threshold=-4; alpha=2; temperature=0.2,Ridge,0.01,true_top_10pct,643,0.15435385643817875,0.19291153925386784,-0.3054158307914381,0.13073433491279252,0.3139430812979425
smooth_sigmoid_tail_a2_t0p2__ridge_alpha_0p01,smooth_sigmoid_tail_a2_t0p2,Scheme E: smooth_sigmoid_tail,threshold=-4; alpha=2; temperature=0.2,Ridge,0.01,true_ge_1e-4,701,0.15336921906220502,0.1912929920612201,-0.3101207848163574,0.13134754813379335,0.31119251793746106
smooth_sigmoid_tail_a2_t0p2__ridge_alpha_0p1,smooth_sigmoid_tail_a2_t0p2,Scheme E: smooth_sigmoid_tail,threshold=-4; alpha=2; temperature=0.2,Ridge,0.1,true_top_5pct,317,0.1636127706105365,0.2059465834389361,-0.20772734001087167,0.13732915331615514,0.3247935265335158
smooth_sigmoid_tail_a2_t0p2__ridge_alpha_0p1,smooth_sigmoid_tail_a2_t0p2,Scheme E: smooth_sigmoid_tail,threshold=-4; alpha=2; temperature=0.2,Ridge,0.1,true_top_10pct,643,0.15433444359361126,0.19287291244225008,-0.3048931144899416,0.13053164171948728,0.3138297149843278
smooth_sigmoid_tail_a2_t0p2__ridge_alpha_0p1,smooth_sigmoid_tail_a2_t0p2,Scheme E: smooth_sigmoid_tail,threshold=-4; alpha=2; temperature=0.2,Ridge,0.1,true_ge_1e-4,701,0.15334983993704726,0.19125433522509713,-0.3095913351307753,0.1313168486308487,0.31118620939145414
smooth_sigmoid_tail_a2_t0p2__ridge_alpha_1,smooth_sigmoid_tail_a2_t0p2,Scheme E: smooth_sigmoid_tail,threshold=-4; alpha=2; temperature=0.2,Ridge,1.0,true_top_5pct,317,0.16340392585419583,0.20551194546597057,-0.2026350462360227,0.13677291342862086,0.32224934097009206
smooth_sigmoid_tail_a2_t0p2__ridge_alpha_1,smooth_sigmoid_tail_a2_t0p2,Scheme E: smooth_sigmoid_tail,threshold=-4; alpha=2; temperature=0.2,Ridge,1.0,true_top_10pct,643,0.15416868801027114,0.19251678492195473,-0.3000787596271002,0.13150298991793408,0.31333699754926575
smooth_sigmoid_tail_a2_t0p2__ridge_alpha_1,smooth_sigmoid_tail_a2_t0p2,Scheme E: smooth_sigmoid_tail,threshold=-4; alpha=2; temperature=0.2,Ridge,1.0,true_ge_1e-4,701,0.15318181510873963,0.1908970330462088,-0.30470273742123855,0.13150298991793408,0.3106537490149046
smooth_sigmoid_tail_a2_t0p2__ridge_alpha_10,smooth_sigmoid_tail_a2_t0p2,Scheme E: smooth_sigmoid_tail,threshold=-4; alpha=2; temperature=0.2,Ridge,10.0,true_top_5pct,317,0.16227528990179935,0.20306065581396351,-0.1741167493346203,0.1402640831810027,0.3162634731037187
smooth_sigmoid_tail_a2_t0p2__ridge_alpha_10,smooth_sigmoid_tail_a2_t0p2,Scheme E: smooth_sigmoid_tail,threshold=-4; alpha=2; temperature=0.2,Ridge,10.0,true_top_10pct,643,0.15336813280831457,0.19058520983164057,-0.2741215220635158,0.133566731897107,0.3049726745626623
smooth_sigmoid_tail_a2_t0p2__ridge_alpha_10,smooth_sigmoid_tail_a2_t0p2,Scheme E: smooth_sigmoid_tail,threshold=-4; alpha=2; temperature=0.2,Ridge,10.0,true_ge_1e-4,701,0.1523453055793184,0.18891395538860714,-0.2777364932058195,0.13122382221021667,0.2974947152816685
smooth_sigmoid_tail_a2_t0p2__ridge_alpha_100,smooth_sigmoid_tail_a2_t0p2,Scheme E: smooth_sigmoid_tail,threshold=-4; alpha=2; temperature=0.2,Ridge,100.0,true_top_5pct,317,0.16380643489415278,0.20172762349940515,-0.1587518994690731,0.1447669685384798,0.3158449797740667
smooth_sigmoid_tail_a2_t0p2__ridge_alpha_100,smooth_sigmoid_tail_a2_t0p2,Scheme E: smooth_sigmoid_tail,threshold=-4; alpha=2; temperature=0.2,Ridge,100.0,true_top_10pct,643,0.15494465019544554,0.19013817326178817,-0.26815137450278304,0.14093884231895482,0.30608524995737896
smooth_sigmoid_tail_a2_t0p2__ridge_alpha_100,smooth_sigmoid_tail_a2_t0p2,Scheme E: smooth_sigmoid_tail,threshold=-4; alpha=2; temperature=0.2,Ridge,100.0,true_ge_1e-4,701,0.1534378248683192,0.18811118460127416,-0.26690034124986783,0.13831785144737863,0.3018670011952338
smooth_sigmoid_tail_a4_t0p05__ridge_alpha_0p01,smooth_sigmoid_tail_a4_t0p05,Scheme E: smooth_sigmoid_tail,threshold=-4; alpha=4; temperature=0.05,Ridge,0.01,true_top_5pct,317,0.14720897436646718,0.19156985182295905,-0.04499458790194577,0.11827797368345694,0.2938083440734578
smooth_sigmoid_tail_a4_t0p05__ridge_alpha_0p01,smooth_sigmoid_tail_a4_t0p05,Scheme E: smooth_sigmoid_tail,threshold=-4; alpha=4; temperature=0.05,Ridge,0.01,true_top_10pct,643,0.137973954908173,0.179231665409081,-0.12683919048401693,0.10838423378496298,0.29102352435008977
smooth_sigmoid_tail_a4_t0p05__ridge_alpha_0p01,smooth_sigmoid_tail_a4_t0p05,Scheme E: smooth_sigmoid_tail,threshold=-4; alpha=4; temperature=0.05,Ridge,0.01,true_ge_1e-4,701,0.13839498404253248,0.1791254830921207,-0.14875645777846858,0.10974156677420455,0.2879480649077908
smooth_sigmoid_tail_a4_t0p05__ridge_alpha_0p1,smooth_sigmoid_tail_a4_t0p05,Scheme E: smooth_sigmoid_tail,threshold=-4; alpha=4; temperature=0.05,Ridge,0.1,true_top_5pct,317,0.14715885026842285,0.19148251317662868,-0.044041957759340056,0.1182849449617076,0.2937113810159635
smooth_sigmoid_tail_a4_t0p05__ridge_alpha_0p1,smooth_sigmoid_tail_a4_t0p05,Scheme E: smooth_sigmoid_tail,threshold=-4; alpha=4; temperature=0.05,Ridge,0.1,true_top_10pct,643,0.1379309456325172,0.1791590474658666,-0.12592626957585318,0.10866486236761741,0.29090358923163
smooth_sigmoid_tail_a4_t0p05__ridge_alpha_0p1,smooth_sigmoid_tail_a4_t0p05,Scheme E: smooth_sigmoid_tail,threshold=-4; alpha=4; temperature=0.05,Ridge,0.1,true_ge_1e-4,701,0.13835109382945,0.17905395988884898,-0.14783926457069674,0.1098633029044711,0.28773902783238414
smooth_sigmoid_tail_a4_t0p05__ridge_alpha_1,smooth_sigmoid_tail_a4_t0p05,Scheme E: smooth_sigmoid_tail,threshold=-4; alpha=4; temperature=0.05,Ridge,1.0,true_top_5pct,317,0.14672345372715304,0.1906680570254631,-0.0351793417270283,0.1187127992189505,0.292758357291772
smooth_sigmoid_tail_a4_t0p05__ridge_alpha_1,smooth_sigmoid_tail_a4_t0p05,Scheme E: smooth_sigmoid_tail,threshold=-4; alpha=4; temperature=0.05,Ridge,1.0,true_top_10pct,643,0.13754477986098546,0.1784846586839305,-0.1174658210680013,0.10952740946034112,0.28985528970534463
smooth_sigmoid_tail_a4_t0p05__ridge_alpha_1,smooth_sigmoid_tail_a4_t0p05,Scheme E: smooth_sigmoid_tail,threshold=-4; alpha=4; temperature=0.05,Ridge,1.0,true_ge_1e-4,701,0.13795785781096978,0.17838852554622928,-0.13932348132955963,0.11012260886776915,0.2857632571062525
smooth_sigmoid_tail_a4_t0p05__ridge_alpha_10,smooth_sigmoid_tail_a4_t0p05,Scheme E: smooth_sigmoid_tail,threshold=-4; alpha=4; temperature=0.05,Ridge,10.0,true_top_5pct,317,0.14401032088518836,0.1857319406228346,0.017725414697786435,0.1163008988190084,0.28886092027607807
smooth_sigmoid_tail_a4_t0p05__ridge_alpha_10,smooth_sigmoid_tail_a4_t0p05,Scheme E: smooth_sigmoid_tail,threshold=-4; alpha=4; temperature=0.05,Ridge,10.0,true_top_10pct,643,0.13540836331648387,0.17453028362200704,-0.06849883098165188,0.10812391282314637,0.278543895187977
smooth_sigmoid_tail_a4_t0p05__ridge_alpha_10,smooth_sigmoid_tail_a4_t0p05,Scheme E: smooth_sigmoid_tail,threshold=-4; alpha=4; temperature=0.05,Ridge,10.0,true_ge_1e-4,701,0.1357322992031386,0.17442715421930552,-0.0892847087782842,0.10898551826233316,0.27804915314994405
smooth_sigmoid_tail_a4_t0p05__ridge_alpha_100,smooth_sigmoid_tail_a4_t0p05,Scheme E: smooth_sigmoid_tail,threshold=-4; alpha=4; temperature=0.05,Ridge,100.0,true_top_5pct,317,0.1401174670603022,0.17798512534734723,0.09795722544622443,0.11875328515131756,0.2866447024104228
smooth_sigmoid_tail_a4_t0p05__ridge_alpha_100,smooth_sigmoid_tail_a4_t0p05,Scheme E: smooth_sigmoid_tail,threshold=-4; alpha=4; temperature=0.05,Ridge,100.0,true_top_10pct,643,0.13325916118744746,0.16928385023897433,-0.00522555053274365,0.11115877412627473,0.27388159280170343
smooth_sigmoid_tail_a4_t0p05__ridge_alpha_100,smooth_sigmoid_tail_a4_t0p05,Scheme E: smooth_sigmoid_tail,threshold=-4; alpha=4; temperature=0.05,Ridge,100.0,true_ge_1e-4,701,0.13294991251036625,0.16877109454810507,-0.019786715908994612,0.11160646504192906,0.2730586787572471
smooth_sigmoid_tail_a4_t0p1__ridge_alpha_0p01,smooth_sigmoid_tail_a4_t0p1,Scheme E: smooth_sigmoid_tail,threshold=-4; alpha=4; temperature=0.1,Ridge,0.01,true_top_5pct,317,0.15030709855511742,0.19269423301836341,-0.05729736295644239,0.12212255771198288,0.29843149556319354
smooth_sigmoid_tail_a4_t0p1__ridge_alpha_0p01,smooth_sigmoid_tail_a4_t0p1,Scheme E: smooth_sigmoid_tail,threshold=-4; alpha=4; temperature=0.1,Ridge,0.01,true_top_10pct,643,0.14036520303376143,0.17958852673949935,-0.1313308706786782,0.1097623105151988,0.2906046263615636
smooth_sigmoid_tail_a4_t0p1__ridge_alpha_0p01,smooth_sigmoid_tail_a4_t0p1,Scheme E: smooth_sigmoid_tail,threshold=-4; alpha=4; temperature=0.1,Ridge,0.01,true_ge_1e-4,701,0.14015903027634616,0.1789265182432906,-0.1462058969923985,0.1109733235874133,0.2905726692618398
smooth_sigmoid_tail_a4_t0p1__ridge_alpha_0p1,smooth_sigmoid_tail_a4_t0p1,Scheme E: smooth_sigmoid_tail,threshold=-4; alpha=4; temperature=0.1,Ridge,0.1,true_top_5pct,317,0.15026293368577318,0.19262370965761147,-0.05652359284959352,0.12211266754046557,0.29813406298350137
smooth_sigmoid_tail_a4_t0p1__ridge_alpha_0p1,smooth_sigmoid_tail_a4_t0p1,Scheme E: smooth_sigmoid_tail,threshold=-4; alpha=4; temperature=0.1,Ridge,0.1,true_top_10pct,643,0.14032901749425714,0.17952989180261034,-0.1305922412543299,0.10977408292636293,0.2907521996190564
smooth_sigmoid_tail_a4_t0p1__ridge_alpha_0p1,smooth_sigmoid_tail_a4_t0p1,Scheme E: smooth_sigmoid_tail,threshold=-4; alpha=4; temperature=0.1,Ridge,0.1,true_ge_1e-4,701,0.14012300929118235,0.17886840314164004,-0.1454614455254486,0.11070257672597306,0.2904632569242427
smooth_sigmoid_tail_a4_t0p1__ridge_alpha_1,smooth_sigmoid_tail_a4_t0p1,Scheme E: smooth_sigmoid_tail,threshold=-4; alpha=4; temperature=0.1,Ridge,1.0,true_top_5pct,317,0.14986249710993665,0.19196673496769676,-0.049328989709498616,0.12084031496555081,0.2963216563266585
smooth_sigmoid_tail_a4_t0p1__ridge_alpha_1,smooth_sigmoid_tail_a4_t0p1,Scheme E: smooth_sigmoid_tail,threshold=-4; alpha=4; temperature=0.1,Ridge,1.0,true_top_10pct,643,0.13999506470119455,0.17898574198355782,-0.12374904413255483,0.10941873425804527,0.2896378511307136
smooth_sigmoid_tail_a4_t0p1__ridge_alpha_1,smooth_sigmoid_tail_a4_t0p1,Scheme E: smooth_sigmoid_tail,threshold=-4; alpha=4; temperature=0.1,Ridge,1.0,true_ge_1e-4,701,0.13979152847971393,0.17832792822099647,-0.13854957247932487,0.11013185217754229,0.2890573355596233
smooth_sigmoid_tail_a4_t0p1__ridge_alpha_10,smooth_sigmoid_tail_a4_t0p1,Scheme E: smooth_sigmoid_tail,threshold=-4; alpha=4; temperature=0.1,Ridge,10.0,true_top_5pct,317,0.14777908168421044,0.18802649290040005,-0.0066947547042766065,0.1203777203055183,0.29552883388187545
smooth_sigmoid_tail_a4_t0p1__ridge_alpha_10,smooth_sigmoid_tail_a4_t0p1,Scheme E: smooth_sigmoid_tail,threshold=-4; alpha=4; temperature=0.1,Ridge,10.0,true_top_10pct,643,0.13838887767453242,0.17582311108578896,-0.08438720159637203,0.11106549023921763,0.27675738503049807
smooth_sigmoid_tail_a4_t0p1__ridge_alpha_10,smooth_sigmoid_tail_a4_t0p1,Scheme E: smooth_sigmoid_tail,threshold=-4; alpha=4; temperature=0.1,Ridge,10.0,true_ge_1e-4,701,0.13816427251909255,0.17513126193211706,-0.09809665992892524,0.11133223672050008,0.27540812528847214
smooth_sigmoid_tail_a4_t0p1__ridge_alpha_100,smooth_sigmoid_tail_a4_t0p1,Scheme E: smooth_sigmoid_tail,threshold=-4; alpha=4; temperature=0.1,Ridge,100.0,true_top_5pct,317,0.14541404346803846,0.18249101909565077,0.051706644686005276,0.1253050215311302,0.28824912161016797
smooth_sigmoid_tail_a4_t0p1__ridge_alpha_100,smooth_sigmoid_tail_a4_t0p1,Scheme E: smooth_sigmoid_tail,threshold=-4; alpha=4; temperature=0.1,Ridge,100.0,true_top_10pct,643,0.1373344289998244,0.17214123444150164,-0.0394468524309608,0.11604797303533143,0.27773652610210586
smooth_sigmoid_tail_a4_t0p1__ridge_alpha_100,smooth_sigmoid_tail_a4_t0p1,Scheme E: smooth_sigmoid_tail,threshold=-4; alpha=4; temperature=0.1,Ridge,100.0,true_ge_1e-4,701,0.1365569717194503,0.17104518076385855,-0.047453859083732786,0.11604797303533143,0.2777335510263397
smooth_sigmoid_tail_a4_t0p2__ridge_alpha_0p01,smooth_sigmoid_tail_a4_t0p2,Scheme E: smooth_sigmoid_tail,threshold=-4; alpha=4; temperature=0.2,Ridge,0.01,true_top_5pct,317,0.15767090021682673,0.19946993714852565,-0.13296010224166044,0.12812203984741766,0.31138704076118073
smooth_sigmoid_tail_a4_t0p2__ridge_alpha_0p01,smooth_sigmoid_tail_a4_t0p2,Scheme E: smooth_sigmoid_tail,threshold=-4; alpha=4; temperature=0.2,Ridge,0.01,true_top_10pct,643,0.14786494374294448,0.18586673797382255,-0.21181358390484828,0.12046358268858404,0.2995738509384175
smooth_sigmoid_tail_a4_t0p2__ridge_alpha_0p01,smooth_sigmoid_tail_a4_t0p2,Scheme E: smooth_sigmoid_tail,threshold=-4; alpha=4; temperature=0.2,Ridge,0.01,true_ge_1e-4,701,0.1470524971340518,0.1844764643441797,-0.2184147537799035,0.12185740505768816,0.2970685998872735
smooth_sigmoid_tail_a4_t0p2__ridge_alpha_0p1,smooth_sigmoid_tail_a4_t0p2,Scheme E: smooth_sigmoid_tail,threshold=-4; alpha=4; temperature=0.2,Ridge,0.1,true_top_5pct,317,0.15764157665804823,0.19941775957701524,-0.13236745779708992,0.1280963624108158,0.3112966525776478
smooth_sigmoid_tail_a4_t0p2__ridge_alpha_0p1,smooth_sigmoid_tail_a4_t0p2,Scheme E: smooth_sigmoid_tail,threshold=-4; alpha=4; temperature=0.2,Ridge,0.1,true_top_10pct,643,0.14784290629232577,0.1858231867545929,-0.211245760134392,0.12057397869222397,0.29951827012478466
smooth_sigmoid_tail_a4_t0p2__ridge_alpha_0p1,smooth_sigmoid_tail_a4_t0p2,Scheme E: smooth_sigmoid_tail,threshold=-4; alpha=4; temperature=0.2,Ridge,0.1,true_ge_1e-4,701,0.14703070488556141,0.18443317363070913,-0.21784297509497752,0.12168664488882186,0.29700781600010373
smooth_sigmoid_tail_a4_t0p2__ridge_alpha_1,smooth_sigmoid_tail_a4_t0p2,Scheme E: smooth_sigmoid_tail,threshold=-4; alpha=4; temperature=0.2,Ridge,1.0,true_top_5pct,317,0.15737158461017478,0.19893279032283734,-0.12686648696859226,0.12790767452339313,0.310373044188134
smooth_sigmoid_tail_a4_t0p2__ridge_alpha_1,smooth_sigmoid_tail_a4_t0p2,Scheme E: smooth_sigmoid_tail,threshold=-4; alpha=4; temperature=0.2,Ridge,1.0,true_top_10pct,643,0.14764124372163087,0.18542002893629245,-0.2059956782789294,0.12100570809337885,0.298405580661839
smooth_sigmoid_tail_a4_t0p2__ridge_alpha_1,smooth_sigmoid_tail_a4_t0p2,Scheme E: smooth_sigmoid_tail,threshold=-4; alpha=4; temperature=0.2,Ridge,1.0,true_ge_1e-4,701,0.1468294165158766,0.18403144445568795,-0.21254338377248305,0.12226555307202558,0.29558810999155716
smooth_sigmoid_tail_a4_t0p2__ridge_alpha_10,smooth_sigmoid_tail_a4_t0p2,Scheme E: smooth_sigmoid_tail,threshold=-4; alpha=4; temperature=0.2,Ridge,10.0,true_top_5pct,317,0.15591137644023614,0.1960997302007816,-0.09499896048311784,0.13193743888091003,0.30647403811940654
smooth_sigmoid_tail_a4_t0p2__ridge_alpha_10,smooth_sigmoid_tail_a4_t0p2,Scheme E: smooth_sigmoid_tail,threshold=-4; alpha=4; temperature=0.2,Ridge,10.0,true_top_10pct,643,0.14653275038374694,0.18314478396405534,-0.17658029603181746,0.12523403384434006,0.2887863310682412
smooth_sigmoid_tail_a4_t0p2__ridge_alpha_10,smooth_sigmoid_tail_a4_t0p2,Scheme E: smooth_sigmoid_tail,threshold=-4; alpha=4; temperature=0.2,Ridge,10.0,true_ge_1e-4,701,0.14570657550480395,0.18171644031004344,-0.18222913483498826,0.1248002154294845,0.2857985434884056
smooth_sigmoid_tail_a4_t0p2__ridge_alpha_100,smooth_sigmoid_tail_a4_t0p2,Scheme E: smooth_sigmoid_tail,threshold=-4; alpha=4; temperature=0.2,Ridge,100.0,true_top_5pct,317,0.15607015070228092,0.19332771633375945,-0.06426053130231657,0.13503799271778494,0.30358185109750224
smooth_sigmoid_tail_a4_t0p2__ridge_alpha_100,smooth_sigmoid_tail_a4_t0p2,Scheme E: smooth_sigmoid_tail,threshold=-4; alpha=4; temperature=0.2,Ridge,100.0,true_top_10pct,643,0.14705867975042705,0.18153113367066603,-0.15593842937803304,0.13034115764465737,0.2924204330437352
smooth_sigmoid_tail_a4_t0p2__ridge_alpha_100,smooth_sigmoid_tail_a4_t0p2,Scheme E: smooth_sigmoid_tail,threshold=-4; alpha=4; temperature=0.2,Ridge,100.0,true_ge_1e-4,701,0.14573972818981515,0.17975021412238812,-0.15678340381831735,0.1294953447782068,0.29011865890643307
smooth_sigmoid_tail_a6_t0p05__ridge_alpha_0p01,smooth_sigmoid_tail_a6_t0p05,Scheme E: smooth_sigmoid_tail,threshold=-4; alpha=6; temperature=0.05,Ridge,0.01,true_top_5pct,317,0.14343566613207687,0.18811297076327013,-0.007620973444590007,0.11825962648596988,0.29266161853424316
smooth_sigmoid_tail_a6_t0p05__ridge_alpha_0p01,smooth_sigmoid_tail_a6_t0p05,Scheme E: smooth_sigmoid_tail,threshold=-4; alpha=6; temperature=0.05,Ridge,0.01,true_top_10pct,643,0.13319645174668515,0.17497454429736928,-0.07394540630704838,0.10398905868653063,0.28020882328025953
smooth_sigmoid_tail_a6_t0p05__ridge_alpha_0p01,smooth_sigmoid_tail_a6_t0p05,Scheme E: smooth_sigmoid_tail,threshold=-4; alpha=6; temperature=0.05,Ridge,0.01,true_ge_1e-4,701,0.13393507158903478,0.17519786884610086,-0.09893208745493198,0.10495507383365243,0.27941963000701175
smooth_sigmoid_tail_a6_t0p05__ridge_alpha_0p1,smooth_sigmoid_tail_a6_t0p05,Scheme E: smooth_sigmoid_tail,threshold=-4; alpha=6; temperature=0.05,Ridge,0.1,true_top_5pct,317,0.14337091834099153,0.1880066640314792,-0.006482438179389094,0.11805665685815425,0.2925004350477052
smooth_sigmoid_tail_a6_t0p05__ridge_alpha_0p1,smooth_sigmoid_tail_a6_t0p05,Scheme E: smooth_sigmoid_tail,threshold=-4; alpha=6; temperature=0.05,Ridge,0.1,true_top_10pct,643,0.13314398169555186,0.1748846066381419,-0.07284166503985023,0.10428339824372923,0.28016518638883836
smooth_sigmoid_tail_a6_t0p05__ridge_alpha_0p1,smooth_sigmoid_tail_a6_t0p05,Scheme E: smooth_sigmoid_tail,threshold=-4; alpha=6; temperature=0.05,Ridge,0.1,true_ge_1e-4,701,0.13388137424040716,0.17510973982979722,-0.09782678353740848,0.10497979465053087,0.27933811806722364
smooth_sigmoid_tail_a6_t0p05__ridge_alpha_1,smooth_sigmoid_tail_a6_t0p05,Scheme E: smooth_sigmoid_tail,threshold=-4; alpha=6; temperature=0.05,Ridge,1.0,true_top_5pct,317,0.14279204907486515,0.18701731986002346,0.004082480466410021,0.11630353720568243,0.29096151290215033
smooth_sigmoid_tail_a6_t0p05__ridge_alpha_1,smooth_sigmoid_tail_a6_t0p05,Scheme E: smooth_sigmoid_tail,threshold=-4; alpha=6; temperature=0.05,Ridge,1.0,true_top_10pct,643,0.13267495570749133,0.17405047711673544,-0.0626320211957363,0.10533441462296489,0.27975919151496587
smooth_sigmoid_tail_a6_t0p05__ridge_alpha_1,smooth_sigmoid_tail_a6_t0p05,Scheme E: smooth_sigmoid_tail,threshold=-4; alpha=6; temperature=0.05,Ridge,1.0,true_ge_1e-4,701,0.13339687024542946,0.1742908949718758,-0.08758351561429656,0.10620711505017955,0.2786548461398679
smooth_sigmoid_tail_a6_t0p05__ridge_alpha_10,smooth_sigmoid_tail_a6_t0p05,Scheme E: smooth_sigmoid_tail,threshold=-4; alpha=6; temperature=0.05,Ridge,10.0,true_top_5pct,317,0.1392967317652696,0.1810520129613296,0.06660293696254982,0.113434291156155,0.2770620627116
smooth_sigmoid_tail_a6_t0p05__ridge_alpha_10,smooth_sigmoid_tail_a6_t0p05,Scheme E: smooth_sigmoid_tail,threshold=-4; alpha=6; temperature=0.05,Ridge,10.0,true_top_10pct,643,0.12997609497727175,0.16916056174170463,-0.0037618832355013065,0.10506866501895828,0.2735366706901704
smooth_sigmoid_tail_a6_t0p05__ridge_alpha_10,smooth_sigmoid_tail_a6_t0p05,Scheme E: smooth_sigmoid_tail,threshold=-4; alpha=6; temperature=0.05,Ridge,10.0,true_ge_1e-4,701,0.13059848385212144,0.16941980053863598,-0.027641297151257183,0.10646148700933145,0.2729819812397003
smooth_sigmoid_tail_a6_t0p05__ridge_alpha_100,smooth_sigmoid_tail_a6_t0p05,Scheme E: smooth_sigmoid_tail,threshold=-4; alpha=6; temperature=0.05,Ridge,100.0,true_top_5pct,317,0.13362378373585915,0.17101877994075346,0.16718733281558218,0.11239513991962902,0.27212074052892343
smooth_sigmoid_tail_a6_t0p05__ridge_alpha_100,smooth_sigmoid_tail_a6_t0p05,Scheme E: smooth_sigmoid_tail,threshold=-4; alpha=6; temperature=0.05,Ridge,100.0,true_top_10pct,643,0.1263290082580601,0.16193401102173258,0.08016779913803251,0.10313263410989926,0.26323749766277765
smooth_sigmoid_tail_a6_t0p05__ridge_alpha_100,smooth_sigmoid_tail_a6_t0p05,Scheme E: smooth_sigmoid_tail,threshold=-4; alpha=6; temperature=0.05,Ridge,100.0,true_ge_1e-4,701,0.1262435712820409,0.16177085528938284,0.06305568652114679,0.10672831617410461,0.25998525488946145
smooth_sigmoid_tail_a6_t0p1__ridge_alpha_0p01,smooth_sigmoid_tail_a6_t0p1,Scheme E: smooth_sigmoid_tail,threshold=-4; alpha=6; temperature=0.1,Ridge,0.01,true_top_5pct,317,0.14633002835419806,0.18862181427884248,-0.013079553459341753,0.11908801816393355,0.29429244442691316
smooth_sigmoid_tail_a6_t0p1__ridge_alpha_0p01,smooth_sigmoid_tail_a6_t0p1,Scheme E: smooth_sigmoid_tail,threshold=-4; alpha=6; temperature=0.1,Ridge,0.01,true_top_10pct,643,0.13565867796705772,0.17468778826511402,-0.07042823213410143,0.10743034847011312,0.2797479115009336
smooth_sigmoid_tail_a6_t0p1__ridge_alpha_0p01,smooth_sigmoid_tail_a6_t0p1,Scheme E: smooth_sigmoid_tail,threshold=-4; alpha=6; temperature=0.1,Ridge,0.01,true_ge_1e-4,701,0.13560479684529314,0.17423152067182363,-0.0868426448883226,0.10807040710279248,0.2784313422330573
smooth_sigmoid_tail_a6_t0p1__ridge_alpha_0p1,smooth_sigmoid_tail_a6_t0p1,Scheme E: smooth_sigmoid_tail,threshold=-4; alpha=6; temperature=0.1,Ridge,0.1,true_top_5pct,317,0.1462844007905223,0.18854156243033335,-0.012217678477189908,0.11924853051930207,0.29413273690928127
smooth_sigmoid_tail_a6_t0p1__ridge_alpha_0p1,smooth_sigmoid_tail_a6_t0p1,Scheme E: smooth_sigmoid_tail,threshold=-4; alpha=6; temperature=0.1,Ridge,0.1,true_top_10pct,643,0.13561851857906512,0.17462013674499877,-0.06959930098248668,0.1072446142569432,0.2797175272637479
smooth_sigmoid_tail_a6_t0p1__ridge_alpha_0p1,smooth_sigmoid_tail_a6_t0p1,Scheme E: smooth_sigmoid_tail,threshold=-4; alpha=6; temperature=0.1,Ridge,0.1,true_ge_1e-4,701,0.13556398489616647,0.17416472889824747,-0.08600952085375657,0.10805252626544704,0.27815852583328526
smooth_sigmoid_tail_a6_t0p1__ridge_alpha_1,smooth_sigmoid_tail_a6_t0p1,Scheme E: smooth_sigmoid_tail,threshold=-4; alpha=6; temperature=0.1,Ridge,1.0,true_top_5pct,317,0.14585234045719558,0.18779432782582786,-0.00421026364028898,0.12115348689071537,0.2926907172494469
smooth_sigmoid_tail_a6_t0p1__ridge_alpha_1,smooth_sigmoid_tail_a6_t0p1,Scheme E: smooth_sigmoid_tail,threshold=-4; alpha=6; temperature=0.1,Ridge,1.0,true_top_10pct,643,0.13523753069991107,0.1739922332480502,-0.061920946509122166,0.10669921396001714,0.2794856627898937
smooth_sigmoid_tail_a6_t0p1__ridge_alpha_1,smooth_sigmoid_tail_a6_t0p1,Scheme E: smooth_sigmoid_tail,threshold=-4; alpha=6; temperature=0.1,Ridge,1.0,true_ge_1e-4,701,0.13518120264589362,0.17354348089648755,-0.07827571676715683,0.1073872900652777,0.2759428272402378
smooth_sigmoid_tail_a6_t0p1__ridge_alpha_10,smooth_sigmoid_tail_a6_t0p1,Scheme E: smooth_sigmoid_tail,threshold=-4; alpha=6; temperature=0.1,Ridge,10.0,true_top_5pct,317,0.14346590802555848,0.1832960484946176,0.043321707718526836,0.11737963368222726,0.28958444636286773
smooth_sigmoid_tail_a6_t0p1__ridge_alpha_10,smooth_sigmoid_tail_a6_t0p1,Scheme E: smooth_sigmoid_tail,threshold=-4; alpha=6; temperature=0.1,Ridge,10.0,true_top_10pct,643,0.13329232023387147,0.17031226780214073,-0.017476356586082487,0.10712297638888524,0.2680059115894796
smooth_sigmoid_tail_a6_t0p1__ridge_alpha_10,smooth_sigmoid_tail_a6_t0p1,Scheme E: smooth_sigmoid_tail,threshold=-4; alpha=6; temperature=0.1,Ridge,10.0,true_ge_1e-4,701,0.13316664988937446,0.16984066902630027,-0.03275332115806018,0.10758774915855529,0.26769481986167953
smooth_sigmoid_tail_a6_t0p1__ridge_alpha_100,smooth_sigmoid_tail_a6_t0p1,Scheme E: smooth_sigmoid_tail,threshold=-4; alpha=6; temperature=0.1,Ridge,100.0,true_top_5pct,317,0.13985698591934928,0.17631636148132188,0.11479278583042929,0.12095714241037125,0.2847898300174905
smooth_sigmoid_tail_a6_t0p1__ridge_alpha_100,smooth_sigmoid_tail_a6_t0p1,Scheme E: smooth_sigmoid_tail,threshold=-4; alpha=6; temperature=0.1,Ridge,100.0,true_top_10pct,643,0.13106970595061213,0.1653498300762942,0.04095282952365631,0.11060123424755153,0.2645317239422063
smooth_sigmoid_tail_a6_t0p1__ridge_alpha_100,smooth_sigmoid_tail_a6_t0p1,Scheme E: smooth_sigmoid_tail,threshold=-4; alpha=6; temperature=0.1,Ridge,100.0,true_ge_1e-4,701,0.13040978354032376,0.16446430300331086,0.031596134880254034,0.11060123424755153,0.26450368299814997
smooth_sigmoid_tail_a6_t0p2__ridge_alpha_0p01,smooth_sigmoid_tail_a6_t0p2,Scheme E: smooth_sigmoid_tail,threshold=-4; alpha=6; temperature=0.2,Ridge,0.01,true_top_5pct,317,0.1547624397337456,0.19614781197273237,-0.09553599278627534,0.12788377938880302,0.30358673918432044
smooth_sigmoid_tail_a6_t0p2__ridge_alpha_0p01,smooth_sigmoid_tail_a6_t0p2,Scheme E: smooth_sigmoid_tail,threshold=-4; alpha=6; temperature=0.2,Ridge,0.01,true_top_10pct,643,0.14440249528709825,0.18202327551330266,-0.16221456282968338,0.11807050135352393,0.29386096508904375
smooth_sigmoid_tail_a6_t0p2__ridge_alpha_0p01,smooth_sigmoid_tail_a6_t0p2,Scheme E: smooth_sigmoid_tail,threshold=-4; alpha=6; temperature=0.2,Ridge,0.01,true_ge_1e-4,701,0.1436539233556156,0.18072751934506215,-0.1693965050049211,0.11957687227438685,0.28905614142959113
smooth_sigmoid_tail_a6_t0p2__ridge_alpha_0p1,smooth_sigmoid_tail_a6_t0p2,Scheme E: smooth_sigmoid_tail,threshold=-4; alpha=6; temperature=0.2,Ridge,0.1,true_top_5pct,317,0.15473195808726878,0.1960927489367757,-0.09492099667615483,0.12785154835455037,0.30366385416036945
smooth_sigmoid_tail_a6_t0p2__ridge_alpha_0p1,smooth_sigmoid_tail_a6_t0p2,Scheme E: smooth_sigmoid_tail,threshold=-4; alpha=6; temperature=0.2,Ridge,0.1,true_top_10pct,643,0.14437847639831042,0.18197677025977185,-0.16162076867637776,0.11770421386946062,0.2935303406969337
smooth_sigmoid_tail_a6_t0p2__ridge_alpha_0p1,smooth_sigmoid_tail_a6_t0p2,Scheme E: smooth_sigmoid_tail,threshold=-4; alpha=6; temperature=0.2,Ridge,0.1,true_ge_1e-4,701,0.14362993867387192,0.18068147311176008,-0.1688006970733389,0.11952405421017342,0.2886829471589927
smooth_sigmoid_tail_a6_t0p2__ridge_alpha_1,smooth_sigmoid_tail_a6_t0p2,Scheme E: smooth_sigmoid_tail,threshold=-4; alpha=6; temperature=0.2,Ridge,1.0,true_top_5pct,317,0.1544441060338863,0.1955803385753982,-0.08920619255758333,0.12827427439883765,0.30428335226108666
smooth_sigmoid_tail_a6_t0p2__ridge_alpha_1,smooth_sigmoid_tail_a6_t0p2,Scheme E: smooth_sigmoid_tail,threshold=-4; alpha=6; temperature=0.2,Ridge,1.0,true_top_10pct,643,0.14415665861926014,0.18154563785876557,-0.15612315381471675,0.11856427680987824,0.2903640595554145
smooth_sigmoid_tail_a6_t0p2__ridge_alpha_1,smooth_sigmoid_tail_a6_t0p2,Scheme E: smooth_sigmoid_tail,threshold=-4; alpha=6; temperature=0.2,Ridge,1.0,true_ge_1e-4,701,0.14340639954335083,0.18025354235875707,-0.1632708167714796,0.1200781825228896,0.2867864225823089
smooth_sigmoid_tail_a6_t0p2__ridge_alpha_10,smooth_sigmoid_tail_a6_t0p2,Scheme E: smooth_sigmoid_tail,threshold=-4; alpha=6; temperature=0.2,Ridge,10.0,true_top_5pct,317,0.15284501295990732,0.19254782293109263,-0.05569129319283106,0.12990129473880607,0.2979982088765447
smooth_sigmoid_tail_a6_t0p2__ridge_alpha_10,smooth_sigmoid_tail_a6_t0p2,Scheme E: smooth_sigmoid_tail,threshold=-4; alpha=6; temperature=0.2,Ridge,10.0,true_top_10pct,643,0.14288123430480063,0.17907465666850209,-0.12486581029695842,0.11975212741719554,0.28219325875702106
smooth_sigmoid_tail_a6_t0p2__ridge_alpha_10,smooth_sigmoid_tail_a6_t0p2,Scheme E: smooth_sigmoid_tail,threshold=-4; alpha=6; temperature=0.2,Ridge,10.0,true_ge_1e-4,701,0.1421234674833254,0.17775077028743258,-0.13119167249537433,0.11955364309273131,0.2791043022457145
smooth_sigmoid_tail_a6_t0p2__ridge_alpha_100,smooth_sigmoid_tail_a6_t0p2,Scheme E: smooth_sigmoid_tail,threshold=-4; alpha=6; temperature=0.2,Ridge,100.0,true_top_5pct,317,0.1521652796854195,0.18904317809867877,-0.017610862544032324,0.1340327197178821,0.30023675099239006
smooth_sigmoid_tail_a6_t0p2__ridge_alpha_100,smooth_sigmoid_tail_a6_t0p2,Scheme E: smooth_sigmoid_tail,threshold=-4; alpha=6; temperature=0.2,Ridge,100.0,true_top_10pct,643,0.14284059867425627,0.17682656041659628,-0.09680004835149503,0.1264759908260884,0.2839843678651518
smooth_sigmoid_tail_a6_t0p2__ridge_alpha_100,smooth_sigmoid_tail_a6_t0p2,Scheme E: smooth_sigmoid_tail,threshold=-4; alpha=6; temperature=0.2,Ridge,100.0,true_ge_1e-4,701,0.1415780561344263,0.17515412352818152,-0.09838336922974511,0.12568363600006904,0.28287086897487734
