model_id,scheme_id,scheme_name,scheme_params,regressor,ridge_alpha,k,n_selected,true_ge_1e4_hits,true_ge_1e4_hit_rate,base_prevalence_true_ge_1e4,enrichment,mean_true_log10_cond,median_true_log10_cond
baseline_unweighted__ridge_alpha_0p01,baseline_unweighted,Scheme A: baseline_unweighted,,Ridge,0.01,10,10,10,1.0,0.11180223285486443,8.944365192582026,-3.1428347741694607,-3.1506262056909997
baseline_unweighted__ridge_alpha_0p01,baseline_unweighted,Scheme A: baseline_unweighted,,Ridge,0.01,25,25,25,1.0,0.11180223285486443,8.944365192582026,-3.3476604653676834,-3.312471038785365
baseline_unweighted__ridge_alpha_0p01,baseline_unweighted,Scheme A: baseline_unweighted,,Ridge,0.01,50,50,48,0.96,0.11180223285486443,8.586590584878744,-3.5512250283739437,-3.5927496807922594
baseline_unweighted__ridge_alpha_0p01,baseline_unweighted,Scheme A: baseline_unweighted,,Ridge,0.01,100,100,94,0.94,0.11180223285486443,8.407703281027104,-3.630253060661078,-3.6893079857591733
baseline_unweighted__ridge_alpha_0p01,baseline_unweighted,Scheme A: baseline_unweighted,,Ridge,0.01,200,200,171,0.855,0.11180223285486443,7.647432239657632,-3.754258404621827,-3.772113295386327
baseline_unweighted__ridge_alpha_0p1,baseline_unweighted,Scheme A: baseline_unweighted,,Ridge,0.1,10,10,10,1.0,0.11180223285486443,8.944365192582026,-3.1428347741694607,-3.1506262056909997
baseline_unweighted__ridge_alpha_0p1,baseline_unweighted,Scheme A: baseline_unweighted,,Ridge,0.1,25,25,25,1.0,0.11180223285486443,8.944365192582026,-3.3476604653676834,-3.312471038785365
baseline_unweighted__ridge_alpha_0p1,baseline_unweighted,Scheme A: baseline_unweighted,,Ridge,0.1,50,50,48,0.96,0.11180223285486443,8.586590584878744,-3.5512250283739437,-3.5927496807922594
baseline_unweighted__ridge_alpha_0p1,baseline_unweighted,Scheme A: baseline_unweighted,,Ridge,0.1,100,100,94,0.94,0.11180223285486443,8.407703281027104,-3.630253060661078,-3.6893079857591733
baseline_unweighted__ridge_alpha_0p1,baseline_unweighted,Scheme A: baseline_unweighted,,Ridge,0.1,200,200,171,0.855,0.11180223285486443,7.647432239657632,-3.754258404621827,-3.772113295386327
baseline_unweighted__ridge_alpha_1,baseline_unweighted,Scheme A: baseline_unweighted,,Ridge,1.0,10,10,10,1.0,0.11180223285486443,8.944365192582026,-3.14283477416946,-3.1506262056909997
baseline_unweighted__ridge_alpha_1,baseline_unweighted,Scheme A: baseline_unweighted,,Ridge,1.0,25,25,25,1.0,0.11180223285486443,8.944365192582026,-3.3476604653676834,-3.312471038785365
baseline_unweighted__ridge_alpha_1,baseline_unweighted,Scheme A: baseline_unweighted,,Ridge,1.0,50,50,47,0.94,0.11180223285486443,8.407703281027104,-3.5547142610603872,-3.5927496807922594
baseline_unweighted__ridge_alpha_1,baseline_unweighted,Scheme A: baseline_unweighted,,Ridge,1.0,100,100,94,0.94,0.11180223285486443,8.407703281027104,-3.6329973829327797,-3.6893079857591733
baseline_unweighted__ridge_alpha_1,baseline_unweighted,Scheme A: baseline_unweighted,,Ridge,1.0,200,200,171,0.855,0.11180223285486443,7.647432239657632,-3.7554677339375178,-3.772113295386327
baseline_unweighted__ridge_alpha_10,baseline_unweighted,Scheme A: baseline_unweighted,,Ridge,10.0,10,10,10,1.0,0.11180223285486443,8.944365192582026,-3.1428347741694607,-3.1506262056909997
baseline_unweighted__ridge_alpha_10,baseline_unweighted,Scheme A: baseline_unweighted,,Ridge,10.0,25,25,25,1.0,0.11180223285486443,8.944365192582026,-3.3485445431366445,-3.312471038785365
baseline_unweighted__ridge_alpha_10,baseline_unweighted,Scheme A: baseline_unweighted,,Ridge,10.0,50,50,47,0.94,0.11180223285486443,8.407703281027104,-3.5159952968207824,-3.5598962785205837
baseline_unweighted__ridge_alpha_10,baseline_unweighted,Scheme A: baseline_unweighted,,Ridge,10.0,100,100,95,0.95,0.11180223285486443,8.497146932952925,-3.624209090709799,-3.688246138944246
baseline_unweighted__ridge_alpha_10,baseline_unweighted,Scheme A: baseline_unweighted,,Ridge,10.0,200,200,173,0.865,0.11180223285486443,7.736875891583453,-3.7524604032470985,-3.772113295386327
baseline_unweighted__ridge_alpha_100,baseline_unweighted,Scheme A: baseline_unweighted,,Ridge,100.0,10,10,10,1.0,0.11180223285486443,8.944365192582026,-3.1428347741694607,-3.1506262056909997
baseline_unweighted__ridge_alpha_100,baseline_unweighted,Scheme A: baseline_unweighted,,Ridge,100.0,25,25,25,1.0,0.11180223285486443,8.944365192582026,-3.3469089908584944,-3.312471038785365
baseline_unweighted__ridge_alpha_100,baseline_unweighted,Scheme A: baseline_unweighted,,Ridge,100.0,50,50,47,0.94,0.11180223285486443,8.407703281027104,-3.4984860394313086,-3.5598962785205837
baseline_unweighted__ridge_alpha_100,baseline_unweighted,Scheme A: baseline_unweighted,,Ridge,100.0,100,100,94,0.94,0.11180223285486443,8.407703281027104,-3.6265145558412204,-3.688246138944246
baseline_unweighted__ridge_alpha_100,baseline_unweighted,Scheme A: baseline_unweighted,,Ridge,100.0,200,200,175,0.875,0.11180223285486443,7.826319543509273,-3.7523935842260046,-3.7734020068302323
inverse_frequency_bins__ridge_alpha_0p01,inverse_frequency_bins,Scheme B: inverse_frequency_bins,q=5,Ridge,0.01,10,10,10,1.0,0.11180223285486443,8.944365192582026,-3.14283477416946,-3.1506262056909997
inverse_frequency_bins__ridge_alpha_0p01,inverse_frequency_bins,Scheme B: inverse_frequency_bins,q=5,Ridge,0.01,25,25,25,1.0,0.11180223285486443,8.944365192582026,-3.347660465367684,-3.312471038785365
inverse_frequency_bins__ridge_alpha_0p01,inverse_frequency_bins,Scheme B: inverse_frequency_bins,q=5,Ridge,0.01,50,50,48,0.96,0.11180223285486443,8.586590584878744,-3.5512250283739437,-3.5927496807922594
inverse_frequency_bins__ridge_alpha_0p01,inverse_frequency_bins,Scheme B: inverse_frequency_bins,q=5,Ridge,0.01,100,100,94,0.94,0.11180223285486443,8.407703281027104,-3.630253060661078,-3.6893079857591733
inverse_frequency_bins__ridge_alpha_0p01,inverse_frequency_bins,Scheme B: inverse_frequency_bins,q=5,Ridge,0.01,200,200,171,0.855,0.11180223285486443,7.647432239657632,-3.754258404621827,-3.772113295386327
inverse_frequency_bins__ridge_alpha_0p1,inverse_frequency_bins,Scheme B: inverse_frequency_bins,q=5,Ridge,0.1,10,10,10,1.0,0.11180223285486443,8.944365192582026,-3.14283477416946,-3.1506262056909997
inverse_frequency_bins__ridge_alpha_0p1,inverse_frequency_bins,Scheme B: inverse_frequency_bins,q=5,Ridge,0.1,25,25,25,1.0,0.11180223285486443,8.944365192582026,-3.347660465367684,-3.312471038785365
inverse_frequency_bins__ridge_alpha_0p1,inverse_frequency_bins,Scheme B: inverse_frequency_bins,q=5,Ridge,0.1,50,50,48,0.96,0.11180223285486443,8.586590584878744,-3.5512250283739437,-3.5927496807922594
inverse_frequency_bins__ridge_alpha_0p1,inverse_frequency_bins,Scheme B: inverse_frequency_bins,q=5,Ridge,0.1,100,100,94,0.94,0.11180223285486443,8.407703281027104,-3.630253060661078,-3.6893079857591733
inverse_frequency_bins__ridge_alpha_0p1,inverse_frequency_bins,Scheme B: inverse_frequency_bins,q=5,Ridge,0.1,200,200,171,0.855,0.11180223285486443,7.647432239657632,-3.754258404621827,-3.772113295386327
inverse_frequency_bins__ridge_alpha_1,inverse_frequency_bins,Scheme B: inverse_frequency_bins,q=5,Ridge,1.0,10,10,10,1.0,0.11180223285486443,8.944365192582026,-3.14283477416946,-3.1506262056909997
inverse_frequency_bins__ridge_alpha_1,inverse_frequency_bins,Scheme B: inverse_frequency_bins,q=5,Ridge,1.0,25,25,25,1.0,0.11180223285486443,8.944365192582026,-3.3476604653676834,-3.312471038785365
inverse_frequency_bins__ridge_alpha_1,inverse_frequency_bins,Scheme B: inverse_frequency_bins,q=5,Ridge,1.0,50,50,48,0.96,0.11180223285486443,8.586590584878744,-3.5512250283739437,-3.5927496807922594
inverse_frequency_bins__ridge_alpha_1,inverse_frequency_bins,Scheme B: inverse_frequency_bins,q=5,Ridge,1.0,100,100,94,0.94,0.11180223285486443,8.407703281027104,-3.6329973829327797,-3.6893079857591733
inverse_frequency_bins__ridge_alpha_1,inverse_frequency_bins,Scheme B: inverse_frequency_bins,q=5,Ridge,1.0,200,200,171,0.855,0.11180223285486443,7.647432239657632,-3.7554677339375178,-3.772113295386327
inverse_frequency_bins__ridge_alpha_10,inverse_frequency_bins,Scheme B: inverse_frequency_bins,q=5,Ridge,10.0,10,10,10,1.0,0.11180223285486443,8.944365192582026,-3.14283477416946,-3.1506262056909997
inverse_frequency_bins__ridge_alpha_10,inverse_frequency_bins,Scheme B: inverse_frequency_bins,q=5,Ridge,10.0,25,25,25,1.0,0.11180223285486443,8.944365192582026,-3.348544543136644,-3.312471038785365
inverse_frequency_bins__ridge_alpha_10,inverse_frequency_bins,Scheme B: inverse_frequency_bins,q=5,Ridge,10.0,50,50,47,0.94,0.11180223285486443,8.407703281027104,-3.5159952968207824,-3.5598962785205837
inverse_frequency_bins__ridge_alpha_10,inverse_frequency_bins,Scheme B: inverse_frequency_bins,q=5,Ridge,10.0,100,100,95,0.95,0.11180223285486443,8.497146932952925,-3.624209090709799,-3.688246138944246
inverse_frequency_bins__ridge_alpha_10,inverse_frequency_bins,Scheme B: inverse_frequency_bins,q=5,Ridge,10.0,200,200,173,0.865,0.11180223285486443,7.736875891583453,-3.7524604032470985,-3.772113295386327
inverse_frequency_bins__ridge_alpha_100,inverse_frequency_bins,Scheme B: inverse_frequency_bins,q=5,Ridge,100.0,10,10,10,1.0,0.11180223285486443,8.944365192582026,-3.1428347741694607,-3.1506262056909997
inverse_frequency_bins__ridge_alpha_100,inverse_frequency_bins,Scheme B: inverse_frequency_bins,q=5,Ridge,100.0,25,25,25,1.0,0.11180223285486443,8.944365192582026,-3.3469089908584944,-3.312471038785365
inverse_frequency_bins__ridge_alpha_100,inverse_frequency_bins,Scheme B: inverse_frequency_bins,q=5,Ridge,100.0,50,50,47,0.94,0.11180223285486443,8.407703281027104,-3.4984860394313086,-3.5598962785205837
inverse_frequency_bins__ridge_alpha_100,inverse_frequency_bins,Scheme B: inverse_frequency_bins,q=5,Ridge,100.0,100,100,94,0.94,0.11180223285486443,8.407703281027104,-3.6265145558412204,-3.688246138944246
inverse_frequency_bins__ridge_alpha_100,inverse_frequency_bins,Scheme B: inverse_frequency_bins,q=5,Ridge,100.0,200,200,176,0.88,0.11180223285486443,7.871041369472183,-3.750692571197514,-3.7734020068302323
high_tail_step__ridge_alpha_0p01,high_tail_step,Scheme C: high_tail_step,,Ridge,0.01,10,10,10,1.0,0.11180223285486443,8.944365192582026,-3.1428347741694607,-3.1506262056909997
high_tail_step__ridge_alpha_0p01,high_tail_step,Scheme C: high_tail_step,,Ridge,0.01,25,25,25,1.0,0.11180223285486443,8.944365192582026,-3.334509105433098,-3.312471038785365
high_tail_step__ridge_alpha_0p01,high_tail_step,Scheme C: high_tail_step,,Ridge,0.01,50,50,48,0.96,0.11180223285486443,8.586590584878744,-3.5252504532844573,-3.5528530478812814
high_tail_step__ridge_alpha_0p01,high_tail_step,Scheme C: high_tail_step,,Ridge,0.01,100,100,95,0.95,0.11180223285486443,8.497146932952925,-3.633620987053332,-3.718966632752272
high_tail_step__ridge_alpha_0p01,high_tail_step,Scheme C: high_tail_step,,Ridge,0.01,200,200,174,0.87,0.11180223285486443,7.781597717546362,-3.750759145585007,-3.772113295386327
high_tail_step__ridge_alpha_0p1,high_tail_step,Scheme C: high_tail_step,,Ridge,0.1,10,10,10,1.0,0.11180223285486443,8.944365192582026,-3.1428347741694607,-3.1506262056909997
high_tail_step__ridge_alpha_0p1,high_tail_step,Scheme C: high_tail_step,,Ridge,0.1,25,25,25,1.0,0.11180223285486443,8.944365192582026,-3.334509105433098,-3.312471038785365
high_tail_step__ridge_alpha_0p1,high_tail_step,Scheme C: high_tail_step,,Ridge,0.1,50,50,48,0.96,0.11180223285486443,8.586590584878744,-3.5252504532844573,-3.5528530478812814
high_tail_step__ridge_alpha_0p1,high_tail_step,Scheme C: high_tail_step,,Ridge,0.1,100,100,95,0.95,0.11180223285486443,8.497146932952925,-3.633620987053332,-3.718966632752272
high_tail_step__ridge_alpha_0p1,high_tail_step,Scheme C: high_tail_step,,Ridge,0.1,200,200,174,0.87,0.11180223285486443,7.781597717546362,-3.750759145585007,-3.772113295386327
high_tail_step__ridge_alpha_1,high_tail_step,Scheme C: high_tail_step,,Ridge,1.0,10,10,10,1.0,0.11180223285486443,8.944365192582026,-3.1428347741694607,-3.1506262056909997
high_tail_step__ridge_alpha_1,high_tail_step,Scheme C: high_tail_step,,Ridge,1.0,25,25,25,1.0,0.11180223285486443,8.944365192582026,-3.3345091054330975,-3.312471038785365
high_tail_step__ridge_alpha_1,high_tail_step,Scheme C: high_tail_step,,Ridge,1.0,50,50,48,0.96,0.11180223285486443,8.586590584878744,-3.525250453284457,-3.5528530478812814
high_tail_step__ridge_alpha_1,high_tail_step,Scheme C: high_tail_step,,Ridge,1.0,100,100,95,0.95,0.11180223285486443,8.497146932952925,-3.633620987053332,-3.718966632752272
high_tail_step__ridge_alpha_1,high_tail_step,Scheme C: high_tail_step,,Ridge,1.0,200,200,173,0.865,0.11180223285486443,7.736875891583453,-3.752044816411767,-3.772113295386327
high_tail_step__ridge_alpha_10,high_tail_step,Scheme C: high_tail_step,,Ridge,10.0,10,10,10,1.0,0.11180223285486443,8.944365192582026,-3.1428347741694607,-3.1506262056909997
high_tail_step__ridge_alpha_10,high_tail_step,Scheme C: high_tail_step,,Ridge,10.0,25,25,25,1.0,0.11180223285486443,8.944365192582026,-3.3345091054330975,-3.312471038785365
high_tail_step__ridge_alpha_10,high_tail_step,Scheme C: high_tail_step,,Ridge,10.0,50,50,48,0.96,0.11180223285486443,8.586590584878744,-3.488752106144959,-3.5474530158360644
high_tail_step__ridge_alpha_10,high_tail_step,Scheme C: high_tail_step,,Ridge,10.0,100,100,95,0.95,0.11180223285486443,8.497146932952925,-3.6273702313311302,-3.6991057637908638
high_tail_step__ridge_alpha_10,high_tail_step,Scheme C: high_tail_step,,Ridge,10.0,200,200,175,0.875,0.11180223285486443,7.826319543509273,-3.751221029136732,-3.772113295386327
high_tail_step__ridge_alpha_100,high_tail_step,Scheme C: high_tail_step,,Ridge,100.0,10,10,10,1.0,0.11180223285486443,8.944365192582026,-3.1428347741694607,-3.1506262056909997
high_tail_step__ridge_alpha_100,high_tail_step,Scheme C: high_tail_step,,Ridge,100.0,25,25,25,1.0,0.11180223285486443,8.944365192582026,-3.2488637817867048,-3.20690839982342
high_tail_step__ridge_alpha_100,high_tail_step,Scheme C: high_tail_step,,Ridge,100.0,50,50,48,0.96,0.11180223285486443,8.586590584878744,-3.4815520105962126,-3.549750891680639
high_tail_step__ridge_alpha_100,high_tail_step,Scheme C: high_tail_step,,Ridge,100.0,100,100,96,0.96,0.11180223285486443,8.586590584878744,-3.613071457735891,-3.661548075655676
high_tail_step__ridge_alpha_100,high_tail_step,Scheme C: high_tail_step,,Ridge,100.0,200,200,178,0.89,0.11180223285486443,7.960485021398004,-3.7432381248338347,-3.7708321870040264
aggressive_high_tail_step__ridge_alpha_0p01,aggressive_high_tail_step,Scheme D: aggressive_high_tail_step,,Ridge,0.01,10,10,10,1.0,0.11180223285486443,8.944365192582026,-3.1428347741694607,-3.1506262056909997
aggressive_high_tail_step__ridge_alpha_0p01,aggressive_high_tail_step,Scheme D: aggressive_high_tail_step,,Ridge,0.01,25,25,25,1.0,0.11180223285486443,8.944365192582026,-3.3343179850433313,-3.312471038785365
aggressive_high_tail_step__ridge_alpha_0p01,aggressive_high_tail_step,Scheme D: aggressive_high_tail_step,,Ridge,0.01,50,50,48,0.96,0.11180223285486443,8.586590584878744,-3.511092388401528,-3.549750891680639
aggressive_high_tail_step__ridge_alpha_0p01,aggressive_high_tail_step,Scheme D: aggressive_high_tail_step,,Ridge,0.01,100,100,96,0.96,0.11180223285486443,8.586590584878744,-3.631181075600099,-3.718966632752272
aggressive_high_tail_step__ridge_alpha_0p01,aggressive_high_tail_step,Scheme D: aggressive_high_tail_step,,Ridge,0.01,200,200,173,0.865,0.11180223285486443,7.736875891583453,-3.753696366898862,-3.772113295386327
aggressive_high_tail_step__ridge_alpha_0p1,aggressive_high_tail_step,Scheme D: aggressive_high_tail_step,,Ridge,0.1,10,10,10,1.0,0.11180223285486443,8.944365192582026,-3.1428347741694607,-3.1506262056909997
aggressive_high_tail_step__ridge_alpha_0p1,aggressive_high_tail_step,Scheme D: aggressive_high_tail_step,,Ridge,0.1,25,25,25,1.0,0.11180223285486443,8.944365192582026,-3.3343179850433313,-3.312471038785365
aggressive_high_tail_step__ridge_alpha_0p1,aggressive_high_tail_step,Scheme D: aggressive_high_tail_step,,Ridge,0.1,50,50,49,0.98,0.11180223285486443,8.765477888730386,-3.505827559706036,-3.549750891680639
aggressive_high_tail_step__ridge_alpha_0p1,aggressive_high_tail_step,Scheme D: aggressive_high_tail_step,,Ridge,0.1,100,100,96,0.96,0.11180223285486443,8.586590584878744,-3.631181075600099,-3.718966632752272
aggressive_high_tail_step__ridge_alpha_0p1,aggressive_high_tail_step,Scheme D: aggressive_high_tail_step,,Ridge,0.1,200,200,173,0.865,0.11180223285486443,7.736875891583453,-3.753696366898862,-3.772113295386327
aggressive_high_tail_step__ridge_alpha_1,aggressive_high_tail_step,Scheme D: aggressive_high_tail_step,,Ridge,1.0,10,10,10,1.0,0.11180223285486443,8.944365192582026,-3.1428347741694607,-3.1506262056909997
aggressive_high_tail_step__ridge_alpha_1,aggressive_high_tail_step,Scheme D: aggressive_high_tail_step,,Ridge,1.0,25,25,25,1.0,0.11180223285486443,8.944365192582026,-3.3292233320322806,-3.312471038785365
aggressive_high_tail_step__ridge_alpha_1,aggressive_high_tail_step,Scheme D: aggressive_high_tail_step,,Ridge,1.0,50,50,48,0.96,0.11180223285486443,8.586590584878744,-3.511092388401528,-3.549750891680639
aggressive_high_tail_step__ridge_alpha_1,aggressive_high_tail_step,Scheme D: aggressive_high_tail_step,,Ridge,1.0,100,100,96,0.96,0.11180223285486443,8.586590584878744,-3.6311810756000993,-3.718966632752272
aggressive_high_tail_step__ridge_alpha_1,aggressive_high_tail_step,Scheme D: aggressive_high_tail_step,,Ridge,1.0,200,200,173,0.865,0.11180223285486443,7.736875891583453,-3.7529980569317174,-3.772113295386327
aggressive_high_tail_step__ridge_alpha_10,aggressive_high_tail_step,Scheme D: aggressive_high_tail_step,,Ridge,10.0,10,10,10,1.0,0.11180223285486443,8.944365192582026,-3.1428347741694607,-3.1506262056909997
aggressive_high_tail_step__ridge_alpha_10,aggressive_high_tail_step,Scheme D: aggressive_high_tail_step,,Ridge,10.0,25,25,25,1.0,0.11180223285486443,8.944365192582026,-3.3368399155005233,-3.312471038785365
aggressive_high_tail_step__ridge_alpha_10,aggressive_high_tail_step,Scheme D: aggressive_high_tail_step,,Ridge,10.0,50,50,50,1.0,0.11180223285486443,8.944365192582026,-3.453647574618928,-3.5398861442715357
aggressive_high_tail_step__ridge_alpha_10,aggressive_high_tail_step,Scheme D: aggressive_high_tail_step,,Ridge,10.0,100,100,96,0.96,0.11180223285486443,8.586590584878744,-3.6313220958538794,-3.709965388637482
aggressive_high_tail_step__ridge_alpha_10,aggressive_high_tail_step,Scheme D: aggressive_high_tail_step,,Ridge,10.0,200,200,174,0.87,0.11180223285486443,7.781597717546362,-3.7517518981224884,-3.772113295386327
aggressive_high_tail_step__ridge_alpha_100,aggressive_high_tail_step,Scheme D: aggressive_high_tail_step,,Ridge,100.0,10,10,10,1.0,0.11180223285486443,8.944365192582026,-3.1428347741694607,-3.1506262056909997
aggressive_high_tail_step__ridge_alpha_100,aggressive_high_tail_step,Scheme D: aggressive_high_tail_step,,Ridge,100.0,25,25,25,1.0,0.11180223285486443,8.944365192582026,-3.245918875031407,-3.20690839982342
aggressive_high_tail_step__ridge_alpha_100,aggressive_high_tail_step,Scheme D: aggressive_high_tail_step,,Ridge,100.0,50,50,48,0.96,0.11180223285486443,8.586590584878744,-3.48010099725324,-3.549750891680639
aggressive_high_tail_step__ridge_alpha_100,aggressive_high_tail_step,Scheme D: aggressive_high_tail_step,,Ridge,100.0,100,100,96,0.96,0.11180223285486443,8.586590584878744,-3.6102332727778075,-3.661548075655676
aggressive_high_tail_step__ridge_alpha_100,aggressive_high_tail_step,Scheme D: aggressive_high_tail_step,,Ridge,100.0,200,200,178,0.89,0.11180223285486443,7.960485021398004,-3.7456621135375947,-3.772113295386327
recall_focused_near_threshold__ridge_alpha_0p01,recall_focused_near_threshold,Scheme F: recall_focused_near_threshold,,Ridge,0.01,10,10,10,1.0,0.11180223285486443,8.944365192582026,-3.1428347741694607,-3.1506262056909997
recall_focused_near_threshold__ridge_alpha_0p01,recall_focused_near_threshold,Scheme F: recall_focused_near_threshold,,Ridge,0.01,25,25,25,1.0,0.11180223285486443,8.944365192582026,-3.334509105433098,-3.312471038785365
recall_focused_near_threshold__ridge_alpha_0p01,recall_focused_near_threshold,Scheme F: recall_focused_near_threshold,,Ridge,0.01,50,50,49,0.98,0.11180223285486443,8.765477888730386,-3.4726590947534093,-3.5398861442715357
recall_focused_near_threshold__ridge_alpha_0p01,recall_focused_near_threshold,Scheme F: recall_focused_near_threshold,,Ridge,0.01,100,100,97,0.97,0.11180223285486443,8.676034236804565,-3.619741136368187,-3.702307009595429
recall_focused_near_threshold__ridge_alpha_0p01,recall_focused_near_threshold,Scheme F: recall_focused_near_threshold,,Ridge,0.01,200,200,172,0.86,0.11180223285486443,7.692154065620542,-3.7514751828476647,-3.772113295386327
recall_focused_near_threshold__ridge_alpha_0p1,recall_focused_near_threshold,Scheme F: recall_focused_near_threshold,,Ridge,0.1,10,10,10,1.0,0.11180223285486443,8.944365192582026,-3.1428347741694607,-3.1506262056909997
recall_focused_near_threshold__ridge_alpha_0p1,recall_focused_near_threshold,Scheme F: recall_focused_near_threshold,,Ridge,0.1,25,25,25,1.0,0.11180223285486443,8.944365192582026,-3.334509105433098,-3.312471038785365
recall_focused_near_threshold__ridge_alpha_0p1,recall_focused_near_threshold,Scheme F: recall_focused_near_threshold,,Ridge,0.1,50,50,49,0.98,0.11180223285486443,8.765477888730386,-3.4726590947534093,-3.5398861442715357
recall_focused_near_threshold__ridge_alpha_0p1,recall_focused_near_threshold,Scheme F: recall_focused_near_threshold,,Ridge,0.1,100,100,97,0.97,0.11180223285486443,8.676034236804565,-3.6164197527675284,-3.6914473847488107
recall_focused_near_threshold__ridge_alpha_0p1,recall_focused_near_threshold,Scheme F: recall_focused_near_threshold,,Ridge,0.1,200,200,172,0.86,0.11180223285486443,7.692154065620542,-3.7514751828476642,-3.772113295386327
recall_focused_near_threshold__ridge_alpha_1,recall_focused_near_threshold,Scheme F: recall_focused_near_threshold,,Ridge,1.0,10,10,10,1.0,0.11180223285486443,8.944365192582026,-3.1428347741694607,-3.1506262056909997
recall_focused_near_threshold__ridge_alpha_1,recall_focused_near_threshold,Scheme F: recall_focused_near_threshold,,Ridge,1.0,25,25,25,1.0,0.11180223285486443,8.944365192582026,-3.334509105433098,-3.312471038785365
recall_focused_near_threshold__ridge_alpha_1,recall_focused_near_threshold,Scheme F: recall_focused_near_threshold,,Ridge,1.0,50,50,49,0.98,0.11180223285486443,8.765477888730386,-3.471568687755416,-3.5398861442715357
recall_focused_near_threshold__ridge_alpha_1,recall_focused_near_threshold,Scheme F: recall_focused_near_threshold,,Ridge,1.0,100,100,97,0.97,0.11180223285486443,8.676034236804565,-3.6164197527675275,-3.6914473847488107
recall_focused_near_threshold__ridge_alpha_1,recall_focused_near_threshold,Scheme F: recall_focused_near_threshold,,Ridge,1.0,200,200,172,0.86,0.11180223285486443,7.692154065620542,-3.7513397171563936,-3.772113295386327
recall_focused_near_threshold__ridge_alpha_10,recall_focused_near_threshold,Scheme F: recall_focused_near_threshold,,Ridge,10.0,10,10,10,1.0,0.11180223285486443,8.944365192582026,-3.1428347741694607,-3.1506262056909997
recall_focused_near_threshold__ridge_alpha_10,recall_focused_near_threshold,Scheme F: recall_focused_near_threshold,,Ridge,10.0,25,25,25,1.0,0.11180223285486443,8.944365192582026,-3.3345091054330975,-3.312471038785365
recall_focused_near_threshold__ridge_alpha_10,recall_focused_near_threshold,Scheme F: recall_focused_near_threshold,,Ridge,10.0,50,50,49,0.98,0.11180223285486443,8.765477888730386,-3.4502181344816334,-3.5323975662867095
recall_focused_near_threshold__ridge_alpha_10,recall_focused_near_threshold,Scheme F: recall_focused_near_threshold,,Ridge,10.0,100,100,96,0.96,0.11180223285486443,8.586590584878744,-3.625585589025608,-3.6914473847488107
recall_focused_near_threshold__ridge_alpha_10,recall_focused_near_threshold,Scheme F: recall_focused_near_threshold,,Ridge,10.0,200,200,173,0.865,0.11180223285486443,7.736875891583453,-3.75344245110773,-3.772113295386327
recall_focused_near_threshold__ridge_alpha_100,recall_focused_near_threshold,Scheme F: recall_focused_near_threshold,,Ridge,100.0,10,10,10,1.0,0.11180223285486443,8.944365192582026,-3.1428347741694607,-3.1506262056909997
recall_focused_near_threshold__ridge_alpha_100,recall_focused_near_threshold,Scheme F: recall_focused_near_threshold,,Ridge,100.0,25,25,25,1.0,0.11180223285486443,8.944365192582026,-3.2445057565377375,-3.20690839982342
recall_focused_near_threshold__ridge_alpha_100,recall_focused_near_threshold,Scheme F: recall_focused_near_threshold,,Ridge,100.0,50,50,49,0.98,0.11180223285486443,8.765477888730386,-3.458391940377806,-3.5398861442715357
recall_focused_near_threshold__ridge_alpha_100,recall_focused_near_threshold,Scheme F: recall_focused_near_threshold,,Ridge,100.0,100,100,96,0.96,0.11180223285486443,8.586590584878744,-3.610463577296988,-3.676896193896657
recall_focused_near_threshold__ridge_alpha_100,recall_focused_near_threshold,Scheme F: recall_focused_near_threshold,,Ridge,100.0,200,200,177,0.885,0.11180223285486443,7.915763195435093,-3.7458960957151373,-3.772113295386327
smooth_sigmoid_tail_a1_t0p05__ridge_alpha_0p01,smooth_sigmoid_tail_a1_t0p05,Scheme E: smooth_sigmoid_tail,threshold=-4; alpha=1; temperature=0.05,Ridge,0.01,10,10,10,1.0,0.11180223285486443,8.944365192582026,-3.1428347741694607,-3.1506262056909997
smooth_sigmoid_tail_a1_t0p05__ridge_alpha_0p01,smooth_sigmoid_tail_a1_t0p05,Scheme E: smooth_sigmoid_tail,threshold=-4; alpha=1; temperature=0.05,Ridge,0.01,25,25,25,1.0,0.11180223285486443,8.944365192582026,-3.3368039013132846,-3.312471038785365
smooth_sigmoid_tail_a1_t0p05__ridge_alpha_0p01,smooth_sigmoid_tail_a1_t0p05,Scheme E: smooth_sigmoid_tail,threshold=-4; alpha=1; temperature=0.05,Ridge,0.01,50,50,48,0.96,0.11180223285486443,8.586590584878744,-3.5334710067628903,-3.5598962785205837
smooth_sigmoid_tail_a1_t0p05__ridge_alpha_0p01,smooth_sigmoid_tail_a1_t0p05,Scheme E: smooth_sigmoid_tail,threshold=-4; alpha=1; temperature=0.05,Ridge,0.01,100,100,95,0.95,0.11180223285486443,8.497146932952925,-3.631047075904005,-3.709965388637482
smooth_sigmoid_tail_a1_t0p05__ridge_alpha_0p01,smooth_sigmoid_tail_a1_t0p05,Scheme E: smooth_sigmoid_tail,threshold=-4; alpha=1; temperature=0.05,Ridge,0.01,200,200,174,0.87,0.11180223285486443,7.781597717546362,-3.750871188741263,-3.772113295386327
smooth_sigmoid_tail_a1_t0p05__ridge_alpha_0p1,smooth_sigmoid_tail_a1_t0p05,Scheme E: smooth_sigmoid_tail,threshold=-4; alpha=1; temperature=0.05,Ridge,0.1,10,10,10,1.0,0.11180223285486443,8.944365192582026,-3.1428347741694607,-3.1506262056909997
smooth_sigmoid_tail_a1_t0p05__ridge_alpha_0p1,smooth_sigmoid_tail_a1_t0p05,Scheme E: smooth_sigmoid_tail,threshold=-4; alpha=1; temperature=0.05,Ridge,0.1,25,25,25,1.0,0.11180223285486443,8.944365192582026,-3.336803901313285,-3.312471038785365
smooth_sigmoid_tail_a1_t0p05__ridge_alpha_0p1,smooth_sigmoid_tail_a1_t0p05,Scheme E: smooth_sigmoid_tail,threshold=-4; alpha=1; temperature=0.05,Ridge,0.1,50,50,48,0.96,0.11180223285486443,8.586590584878744,-3.5334710067628907,-3.5598962785205837
smooth_sigmoid_tail_a1_t0p05__ridge_alpha_0p1,smooth_sigmoid_tail_a1_t0p05,Scheme E: smooth_sigmoid_tail,threshold=-4; alpha=1; temperature=0.05,Ridge,0.1,100,100,95,0.95,0.11180223285486443,8.497146932952925,-3.6310470759040054,-3.709965388637482
smooth_sigmoid_tail_a1_t0p05__ridge_alpha_0p1,smooth_sigmoid_tail_a1_t0p05,Scheme E: smooth_sigmoid_tail,threshold=-4; alpha=1; temperature=0.05,Ridge,0.1,200,200,174,0.87,0.11180223285486443,7.781597717546362,-3.750871188741263,-3.772113295386327
smooth_sigmoid_tail_a1_t0p05__ridge_alpha_1,smooth_sigmoid_tail_a1_t0p05,Scheme E: smooth_sigmoid_tail,threshold=-4; alpha=1; temperature=0.05,Ridge,1.0,10,10,10,1.0,0.11180223285486443,8.944365192582026,-3.1428347741694607,-3.1506262056909997
smooth_sigmoid_tail_a1_t0p05__ridge_alpha_1,smooth_sigmoid_tail_a1_t0p05,Scheme E: smooth_sigmoid_tail,threshold=-4; alpha=1; temperature=0.05,Ridge,1.0,25,25,25,1.0,0.11180223285486443,8.944365192582026,-3.336803901313285,-3.312471038785365
smooth_sigmoid_tail_a1_t0p05__ridge_alpha_1,smooth_sigmoid_tail_a1_t0p05,Scheme E: smooth_sigmoid_tail,threshold=-4; alpha=1; temperature=0.05,Ridge,1.0,50,50,48,0.96,0.11180223285486443,8.586590584878744,-3.5334710067628907,-3.5598962785205837
smooth_sigmoid_tail_a1_t0p05__ridge_alpha_1,smooth_sigmoid_tail_a1_t0p05,Scheme E: smooth_sigmoid_tail,threshold=-4; alpha=1; temperature=0.05,Ridge,1.0,100,100,95,0.95,0.11180223285486443,8.497146932952925,-3.631047075904005,-3.709965388637482
smooth_sigmoid_tail_a1_t0p05__ridge_alpha_1,smooth_sigmoid_tail_a1_t0p05,Scheme E: smooth_sigmoid_tail,threshold=-4; alpha=1; temperature=0.05,Ridge,1.0,200,200,174,0.87,0.11180223285486443,7.781597717546362,-3.750619983260624,-3.772113295386327
smooth_sigmoid_tail_a1_t0p05__ridge_alpha_10,smooth_sigmoid_tail_a1_t0p05,Scheme E: smooth_sigmoid_tail,threshold=-4; alpha=1; temperature=0.05,Ridge,10.0,10,10,10,1.0,0.11180223285486443,8.944365192582026,-3.1428347741694607,-3.1506262056909997
smooth_sigmoid_tail_a1_t0p05__ridge_alpha_10,smooth_sigmoid_tail_a1_t0p05,Scheme E: smooth_sigmoid_tail,threshold=-4; alpha=1; temperature=0.05,Ridge,10.0,25,25,25,1.0,0.11180223285486443,8.944365192582026,-3.3345091054330975,-3.312471038785365
smooth_sigmoid_tail_a1_t0p05__ridge_alpha_10,smooth_sigmoid_tail_a1_t0p05,Scheme E: smooth_sigmoid_tail,threshold=-4; alpha=1; temperature=0.05,Ridge,10.0,50,50,48,0.96,0.11180223285486443,8.586590584878744,-3.4995063596498484,-3.5474530158360644
smooth_sigmoid_tail_a1_t0p05__ridge_alpha_10,smooth_sigmoid_tail_a1_t0p05,Scheme E: smooth_sigmoid_tail,threshold=-4; alpha=1; temperature=0.05,Ridge,10.0,100,100,95,0.95,0.11180223285486443,8.497146932952925,-3.6237879388527774,-3.688246138944246
smooth_sigmoid_tail_a1_t0p05__ridge_alpha_10,smooth_sigmoid_tail_a1_t0p05,Scheme E: smooth_sigmoid_tail,threshold=-4; alpha=1; temperature=0.05,Ridge,10.0,200,200,174,0.87,0.11180223285486443,7.781597717546362,-3.7519665895236107,-3.772113295386327
smooth_sigmoid_tail_a1_t0p05__ridge_alpha_100,smooth_sigmoid_tail_a1_t0p05,Scheme E: smooth_sigmoid_tail,threshold=-4; alpha=1; temperature=0.05,Ridge,100.0,10,10,10,1.0,0.11180223285486443,8.944365192582026,-3.1428347741694607,-3.1506262056909997
smooth_sigmoid_tail_a1_t0p05__ridge_alpha_100,smooth_sigmoid_tail_a1_t0p05,Scheme E: smooth_sigmoid_tail,threshold=-4; alpha=1; temperature=0.05,Ridge,100.0,25,25,25,1.0,0.11180223285486443,8.944365192582026,-3.2480828961986052,-3.20690839982342
smooth_sigmoid_tail_a1_t0p05__ridge_alpha_100,smooth_sigmoid_tail_a1_t0p05,Scheme E: smooth_sigmoid_tail,threshold=-4; alpha=1; temperature=0.05,Ridge,100.0,50,50,47,0.94,0.11180223285486443,8.407703281027104,-3.497599391857977,-3.5528530478812814
smooth_sigmoid_tail_a1_t0p05__ridge_alpha_100,smooth_sigmoid_tail_a1_t0p05,Scheme E: smooth_sigmoid_tail,threshold=-4; alpha=1; temperature=0.05,Ridge,100.0,100,100,96,0.96,0.11180223285486443,8.586590584878744,-3.615046299279007,-3.6645432575002697
smooth_sigmoid_tail_a1_t0p05__ridge_alpha_100,smooth_sigmoid_tail_a1_t0p05,Scheme E: smooth_sigmoid_tail,threshold=-4; alpha=1; temperature=0.05,Ridge,100.0,200,200,178,0.89,0.11180223285486443,7.960485021398004,-3.744498987053185,-3.772113295386327
smooth_sigmoid_tail_a1_t0p1__ridge_alpha_0p01,smooth_sigmoid_tail_a1_t0p1,Scheme E: smooth_sigmoid_tail,threshold=-4; alpha=1; temperature=0.1,Ridge,0.01,10,10,10,1.0,0.11180223285486443,8.944365192582026,-3.1428347741694607,-3.1506262056909997
smooth_sigmoid_tail_a1_t0p1__ridge_alpha_0p01,smooth_sigmoid_tail_a1_t0p1,Scheme E: smooth_sigmoid_tail,threshold=-4; alpha=1; temperature=0.1,Ridge,0.01,25,25,25,1.0,0.11180223285486443,8.944365192582026,-3.334509105433098,-3.312471038785365
smooth_sigmoid_tail_a1_t0p1__ridge_alpha_0p01,smooth_sigmoid_tail_a1_t0p1,Scheme E: smooth_sigmoid_tail,threshold=-4; alpha=1; temperature=0.1,Ridge,0.01,50,50,48,0.96,0.11180223285486443,8.586590584878744,-3.5334710067628907,-3.5598962785205837
smooth_sigmoid_tail_a1_t0p1__ridge_alpha_0p01,smooth_sigmoid_tail_a1_t0p1,Scheme E: smooth_sigmoid_tail,threshold=-4; alpha=1; temperature=0.1,Ridge,0.01,100,100,95,0.95,0.11180223285486443,8.497146932952925,-3.631047075904005,-3.709965388637482
smooth_sigmoid_tail_a1_t0p1__ridge_alpha_0p01,smooth_sigmoid_tail_a1_t0p1,Scheme E: smooth_sigmoid_tail,threshold=-4; alpha=1; temperature=0.1,Ridge,0.01,200,200,173,0.865,0.11180223285486443,7.736875891583453,-3.7522151038433655,-3.772113295386327
smooth_sigmoid_tail_a1_t0p1__ridge_alpha_0p1,smooth_sigmoid_tail_a1_t0p1,Scheme E: smooth_sigmoid_tail,threshold=-4; alpha=1; temperature=0.1,Ridge,0.1,10,10,10,1.0,0.11180223285486443,8.944365192582026,-3.1428347741694607,-3.1506262056909997
smooth_sigmoid_tail_a1_t0p1__ridge_alpha_0p1,smooth_sigmoid_tail_a1_t0p1,Scheme E: smooth_sigmoid_tail,threshold=-4; alpha=1; temperature=0.1,Ridge,0.1,25,25,25,1.0,0.11180223285486443,8.944365192582026,-3.334509105433098,-3.312471038785365
smooth_sigmoid_tail_a1_t0p1__ridge_alpha_0p1,smooth_sigmoid_tail_a1_t0p1,Scheme E: smooth_sigmoid_tail,threshold=-4; alpha=1; temperature=0.1,Ridge,0.1,50,50,48,0.96,0.11180223285486443,8.586590584878744,-3.5334710067628907,-3.5598962785205837
smooth_sigmoid_tail_a1_t0p1__ridge_alpha_0p1,smooth_sigmoid_tail_a1_t0p1,Scheme E: smooth_sigmoid_tail,threshold=-4; alpha=1; temperature=0.1,Ridge,0.1,100,100,95,0.95,0.11180223285486443,8.497146932952925,-3.631047075904005,-3.709965388637482
smooth_sigmoid_tail_a1_t0p1__ridge_alpha_0p1,smooth_sigmoid_tail_a1_t0p1,Scheme E: smooth_sigmoid_tail,threshold=-4; alpha=1; temperature=0.1,Ridge,0.1,200,200,173,0.865,0.11180223285486443,7.736875891583453,-3.7522151038433655,-3.772113295386327
smooth_sigmoid_tail_a1_t0p1__ridge_alpha_1,smooth_sigmoid_tail_a1_t0p1,Scheme E: smooth_sigmoid_tail,threshold=-4; alpha=1; temperature=0.1,Ridge,1.0,10,10,10,1.0,0.11180223285486443,8.944365192582026,-3.1428347741694607,-3.1506262056909997
smooth_sigmoid_tail_a1_t0p1__ridge_alpha_1,smooth_sigmoid_tail_a1_t0p1,Scheme E: smooth_sigmoid_tail,threshold=-4; alpha=1; temperature=0.1,Ridge,1.0,25,25,25,1.0,0.11180223285486443,8.944365192582026,-3.334509105433098,-3.312471038785365
smooth_sigmoid_tail_a1_t0p1__ridge_alpha_1,smooth_sigmoid_tail_a1_t0p1,Scheme E: smooth_sigmoid_tail,threshold=-4; alpha=1; temperature=0.1,Ridge,1.0,50,50,48,0.96,0.11180223285486443,8.586590584878744,-3.5334710067628907,-3.5598962785205837
smooth_sigmoid_tail_a1_t0p1__ridge_alpha_1,smooth_sigmoid_tail_a1_t0p1,Scheme E: smooth_sigmoid_tail,threshold=-4; alpha=1; temperature=0.1,Ridge,1.0,100,100,95,0.95,0.11180223285486443,8.497146932952925,-3.6310470759040046,-3.709965388637482
smooth_sigmoid_tail_a1_t0p1__ridge_alpha_1,smooth_sigmoid_tail_a1_t0p1,Scheme E: smooth_sigmoid_tail,threshold=-4; alpha=1; temperature=0.1,Ridge,1.0,200,200,173,0.865,0.11180223285486443,7.736875891583453,-3.751041276229764,-3.772113295386327
smooth_sigmoid_tail_a1_t0p1__ridge_alpha_10,smooth_sigmoid_tail_a1_t0p1,Scheme E: smooth_sigmoid_tail,threshold=-4; alpha=1; temperature=0.1,Ridge,10.0,10,10,10,1.0,0.11180223285486443,8.944365192582026,-3.1428347741694607,-3.1506262056909997
smooth_sigmoid_tail_a1_t0p1__ridge_alpha_10,smooth_sigmoid_tail_a1_t0p1,Scheme E: smooth_sigmoid_tail,threshold=-4; alpha=1; temperature=0.1,Ridge,10.0,25,25,25,1.0,0.11180223285486443,8.944365192582026,-3.3441865178876777,-3.312471038785365
smooth_sigmoid_tail_a1_t0p1__ridge_alpha_10,smooth_sigmoid_tail_a1_t0p1,Scheme E: smooth_sigmoid_tail,threshold=-4; alpha=1; temperature=0.1,Ridge,10.0,50,50,48,0.96,0.11180223285486443,8.586590584878744,-3.499506359649848,-3.5474530158360644
smooth_sigmoid_tail_a1_t0p1__ridge_alpha_10,smooth_sigmoid_tail_a1_t0p1,Scheme E: smooth_sigmoid_tail,threshold=-4; alpha=1; temperature=0.1,Ridge,10.0,100,100,95,0.95,0.11180223285486443,8.497146932952925,-3.62511629102732,-3.688246138944246
smooth_sigmoid_tail_a1_t0p1__ridge_alpha_10,smooth_sigmoid_tail_a1_t0p1,Scheme E: smooth_sigmoid_tail,threshold=-4; alpha=1; temperature=0.1,Ridge,10.0,200,200,174,0.87,0.11180223285486443,7.781597717546362,-3.7507567792083796,-3.772113295386327
smooth_sigmoid_tail_a1_t0p1__ridge_alpha_100,smooth_sigmoid_tail_a1_t0p1,Scheme E: smooth_sigmoid_tail,threshold=-4; alpha=1; temperature=0.1,Ridge,100.0,10,10,10,1.0,0.11180223285486443,8.944365192582026,-3.1428347741694607,-3.1506262056909997
smooth_sigmoid_tail_a1_t0p1__ridge_alpha_100,smooth_sigmoid_tail_a1_t0p1,Scheme E: smooth_sigmoid_tail,threshold=-4; alpha=1; temperature=0.1,Ridge,100.0,25,25,25,1.0,0.11180223285486443,8.944365192582026,-3.2488637817867048,-3.20690839982342
smooth_sigmoid_tail_a1_t0p1__ridge_alpha_100,smooth_sigmoid_tail_a1_t0p1,Scheme E: smooth_sigmoid_tail,threshold=-4; alpha=1; temperature=0.1,Ridge,100.0,50,50,47,0.94,0.11180223285486443,8.407703281027104,-3.497599391857977,-3.5528530478812814
smooth_sigmoid_tail_a1_t0p1__ridge_alpha_100,smooth_sigmoid_tail_a1_t0p1,Scheme E: smooth_sigmoid_tail,threshold=-4; alpha=1; temperature=0.1,Ridge,100.0,100,100,95,0.95,0.11180223285486443,8.497146932952925,-3.618801265376365,-3.676896193896657
smooth_sigmoid_tail_a1_t0p1__ridge_alpha_100,smooth_sigmoid_tail_a1_t0p1,Scheme E: smooth_sigmoid_tail,threshold=-4; alpha=1; temperature=0.1,Ridge,100.0,200,200,177,0.885,0.11180223285486443,7.915763195435093,-3.7448647035084366,-3.772113295386327
smooth_sigmoid_tail_a1_t0p2__ridge_alpha_0p01,smooth_sigmoid_tail_a1_t0p2,Scheme E: smooth_sigmoid_tail,threshold=-4; alpha=1; temperature=0.2,Ridge,0.01,10,10,10,1.0,0.11180223285486443,8.944365192582026,-3.1428347741694607,-3.1506262056909997
smooth_sigmoid_tail_a1_t0p2__ridge_alpha_0p01,smooth_sigmoid_tail_a1_t0p2,Scheme E: smooth_sigmoid_tail,threshold=-4; alpha=1; temperature=0.2,Ridge,0.01,25,25,25,1.0,0.11180223285486443,8.944365192582026,-3.3345091054330975,-3.312471038785365
smooth_sigmoid_tail_a1_t0p2__ridge_alpha_0p01,smooth_sigmoid_tail_a1_t0p2,Scheme E: smooth_sigmoid_tail,threshold=-4; alpha=1; temperature=0.2,Ridge,0.01,50,50,48,0.96,0.11180223285486443,8.586590584878744,-3.5334710067628903,-3.5598962785205837
smooth_sigmoid_tail_a1_t0p2__ridge_alpha_0p01,smooth_sigmoid_tail_a1_t0p2,Scheme E: smooth_sigmoid_tail,threshold=-4; alpha=1; temperature=0.2,Ridge,0.01,100,100,95,0.95,0.11180223285486443,8.497146932952925,-3.6307160246624246,-3.709965388637482
smooth_sigmoid_tail_a1_t0p2__ridge_alpha_0p01,smooth_sigmoid_tail_a1_t0p2,Scheme E: smooth_sigmoid_tail,threshold=-4; alpha=1; temperature=0.2,Ridge,0.01,200,200,173,0.865,0.11180223285486443,7.736875891583453,-3.752215103843365,-3.772113295386327
smooth_sigmoid_tail_a1_t0p2__ridge_alpha_0p1,smooth_sigmoid_tail_a1_t0p2,Scheme E: smooth_sigmoid_tail,threshold=-4; alpha=1; temperature=0.2,Ridge,0.1,10,10,10,1.0,0.11180223285486443,8.944365192582026,-3.14283477416946,-3.1506262056909997
smooth_sigmoid_tail_a1_t0p2__ridge_alpha_0p1,smooth_sigmoid_tail_a1_t0p2,Scheme E: smooth_sigmoid_tail,threshold=-4; alpha=1; temperature=0.2,Ridge,0.1,25,25,25,1.0,0.11180223285486443,8.944365192582026,-3.3345091054330975,-3.312471038785365
smooth_sigmoid_tail_a1_t0p2__ridge_alpha_0p1,smooth_sigmoid_tail_a1_t0p2,Scheme E: smooth_sigmoid_tail,threshold=-4; alpha=1; temperature=0.2,Ridge,0.1,50,50,48,0.96,0.11180223285486443,8.586590584878744,-3.5334710067628907,-3.5598962785205837
smooth_sigmoid_tail_a1_t0p2__ridge_alpha_0p1,smooth_sigmoid_tail_a1_t0p2,Scheme E: smooth_sigmoid_tail,threshold=-4; alpha=1; temperature=0.2,Ridge,0.1,100,100,95,0.95,0.11180223285486443,8.497146932952925,-3.6307160246624246,-3.709965388637482
smooth_sigmoid_tail_a1_t0p2__ridge_alpha_0p1,smooth_sigmoid_tail_a1_t0p2,Scheme E: smooth_sigmoid_tail,threshold=-4; alpha=1; temperature=0.2,Ridge,0.1,200,200,173,0.865,0.11180223285486443,7.736875891583453,-3.752215103843365,-3.772113295386327
smooth_sigmoid_tail_a1_t0p2__ridge_alpha_1,smooth_sigmoid_tail_a1_t0p2,Scheme E: smooth_sigmoid_tail,threshold=-4; alpha=1; temperature=0.2,Ridge,1.0,10,10,10,1.0,0.11180223285486443,8.944365192582026,-3.1428347741694607,-3.1506262056909997
smooth_sigmoid_tail_a1_t0p2__ridge_alpha_1,smooth_sigmoid_tail_a1_t0p2,Scheme E: smooth_sigmoid_tail,threshold=-4; alpha=1; temperature=0.2,Ridge,1.0,25,25,25,1.0,0.11180223285486443,8.944365192582026,-3.3345091054330975,-3.312471038785365
smooth_sigmoid_tail_a1_t0p2__ridge_alpha_1,smooth_sigmoid_tail_a1_t0p2,Scheme E: smooth_sigmoid_tail,threshold=-4; alpha=1; temperature=0.2,Ridge,1.0,50,50,48,0.96,0.11180223285486443,8.586590584878744,-3.5334710067628903,-3.5598962785205837
smooth_sigmoid_tail_a1_t0p2__ridge_alpha_1,smooth_sigmoid_tail_a1_t0p2,Scheme E: smooth_sigmoid_tail,threshold=-4; alpha=1; temperature=0.2,Ridge,1.0,100,100,95,0.95,0.11180223285486443,8.497146932952925,-3.630716024662425,-3.709965388637482
smooth_sigmoid_tail_a1_t0p2__ridge_alpha_1,smooth_sigmoid_tail_a1_t0p2,Scheme E: smooth_sigmoid_tail,threshold=-4; alpha=1; temperature=0.2,Ridge,1.0,200,200,173,0.865,0.11180223285486443,7.736875891583453,-3.750548731614856,-3.772113295386327
smooth_sigmoid_tail_a1_t0p2__ridge_alpha_10,smooth_sigmoid_tail_a1_t0p2,Scheme E: smooth_sigmoid_tail,threshold=-4; alpha=1; temperature=0.2,Ridge,10.0,10,10,10,1.0,0.11180223285486443,8.944365192582026,-3.1428347741694607,-3.1506262056909997
smooth_sigmoid_tail_a1_t0p2__ridge_alpha_10,smooth_sigmoid_tail_a1_t0p2,Scheme E: smooth_sigmoid_tail,threshold=-4; alpha=1; temperature=0.2,Ridge,10.0,25,25,25,1.0,0.11180223285486443,8.944365192582026,-3.3441865178876777,-3.312471038785365
smooth_sigmoid_tail_a1_t0p2__ridge_alpha_10,smooth_sigmoid_tail_a1_t0p2,Scheme E: smooth_sigmoid_tail,threshold=-4; alpha=1; temperature=0.2,Ridge,10.0,50,50,48,0.96,0.11180223285486443,8.586590584878744,-3.4995063596498484,-3.5474530158360644
smooth_sigmoid_tail_a1_t0p2__ridge_alpha_10,smooth_sigmoid_tail_a1_t0p2,Scheme E: smooth_sigmoid_tail,threshold=-4; alpha=1; temperature=0.2,Ridge,10.0,100,100,95,0.95,0.11180223285486443,8.497146932952925,-3.6233724430749032,-3.688246138944246
smooth_sigmoid_tail_a1_t0p2__ridge_alpha_10,smooth_sigmoid_tail_a1_t0p2,Scheme E: smooth_sigmoid_tail,threshold=-4; alpha=1; temperature=0.2,Ridge,10.0,200,200,172,0.86,0.11180223285486443,7.692154065620542,-3.7542363710884654,-3.772113295386327
smooth_sigmoid_tail_a1_t0p2__ridge_alpha_100,smooth_sigmoid_tail_a1_t0p2,Scheme E: smooth_sigmoid_tail,threshold=-4; alpha=1; temperature=0.2,Ridge,100.0,10,10,10,1.0,0.11180223285486443,8.944365192582026,-3.1428347741694607,-3.1506262056909997
smooth_sigmoid_tail_a1_t0p2__ridge_alpha_100,smooth_sigmoid_tail_a1_t0p2,Scheme E: smooth_sigmoid_tail,threshold=-4; alpha=1; temperature=0.2,Ridge,100.0,25,25,25,1.0,0.11180223285486443,8.944365192582026,-3.2488637817867048,-3.20690839982342
smooth_sigmoid_tail_a1_t0p2__ridge_alpha_100,smooth_sigmoid_tail_a1_t0p2,Scheme E: smooth_sigmoid_tail,threshold=-4; alpha=1; temperature=0.2,Ridge,100.0,50,50,48,0.96,0.11180223285486443,8.586590584878744,-3.487257962383925,-3.5528530478812814
smooth_sigmoid_tail_a1_t0p2__ridge_alpha_100,smooth_sigmoid_tail_a1_t0p2,Scheme E: smooth_sigmoid_tail,threshold=-4; alpha=1; temperature=0.2,Ridge,100.0,100,100,95,0.95,0.11180223285486443,8.497146932952925,-3.6227566933057016,-3.688246138944246
smooth_sigmoid_tail_a1_t0p2__ridge_alpha_100,smooth_sigmoid_tail_a1_t0p2,Scheme E: smooth_sigmoid_tail,threshold=-4; alpha=1; temperature=0.2,Ridge,100.0,200,200,176,0.88,0.11180223285486443,7.871041369472183,-3.7439879154957008,-3.7708321870040264
smooth_sigmoid_tail_a2_t0p05__ridge_alpha_0p01,smooth_sigmoid_tail_a2_t0p05,Scheme E: smooth_sigmoid_tail,threshold=-4; alpha=2; temperature=0.05,Ridge,0.01,10,10,10,1.0,0.11180223285486443,8.944365192582026,-3.1428347741694607,-3.1506262056909997
smooth_sigmoid_tail_a2_t0p05__ridge_alpha_0p01,smooth_sigmoid_tail_a2_t0p05,Scheme E: smooth_sigmoid_tail,threshold=-4; alpha=2; temperature=0.05,Ridge,0.01,25,25,25,1.0,0.11180223285486443,8.944365192582026,-3.337860431041026,-3.312471038785365
smooth_sigmoid_tail_a2_t0p05__ridge_alpha_0p01,smooth_sigmoid_tail_a2_t0p05,Scheme E: smooth_sigmoid_tail,threshold=-4; alpha=2; temperature=0.05,Ridge,0.01,50,50,48,0.96,0.11180223285486443,8.586590584878744,-3.5247807870913483,-3.5528530478812814
smooth_sigmoid_tail_a2_t0p05__ridge_alpha_0p01,smooth_sigmoid_tail_a2_t0p05,Scheme E: smooth_sigmoid_tail,threshold=-4; alpha=2; temperature=0.05,Ridge,0.01,100,100,93,0.93,0.11180223285486443,8.318259629101284,-3.6480778905268005,-3.718966632752272
smooth_sigmoid_tail_a2_t0p05__ridge_alpha_0p01,smooth_sigmoid_tail_a2_t0p05,Scheme E: smooth_sigmoid_tail,threshold=-4; alpha=2; temperature=0.05,Ridge,0.01,200,200,171,0.855,0.11180223285486443,7.647432239657632,-3.7547078911415888,-3.772113295386327
smooth_sigmoid_tail_a2_t0p05__ridge_alpha_0p1,smooth_sigmoid_tail_a2_t0p05,Scheme E: smooth_sigmoid_tail,threshold=-4; alpha=2; temperature=0.05,Ridge,0.1,10,10,10,1.0,0.11180223285486443,8.944365192582026,-3.1428347741694607,-3.1506262056909997
smooth_sigmoid_tail_a2_t0p05__ridge_alpha_0p1,smooth_sigmoid_tail_a2_t0p05,Scheme E: smooth_sigmoid_tail,threshold=-4; alpha=2; temperature=0.05,Ridge,0.1,25,25,25,1.0,0.11180223285486443,8.944365192582026,-3.3455167517266178,-3.312471038785365
smooth_sigmoid_tail_a2_t0p05__ridge_alpha_0p1,smooth_sigmoid_tail_a2_t0p05,Scheme E: smooth_sigmoid_tail,threshold=-4; alpha=2; temperature=0.05,Ridge,0.1,50,50,48,0.96,0.11180223285486443,8.586590584878744,-3.5247807870913483,-3.5528530478812814
smooth_sigmoid_tail_a2_t0p05__ridge_alpha_0p1,smooth_sigmoid_tail_a2_t0p05,Scheme E: smooth_sigmoid_tail,threshold=-4; alpha=2; temperature=0.05,Ridge,0.1,100,100,93,0.93,0.11180223285486443,8.318259629101284,-3.647607924900038,-3.718966632752272
smooth_sigmoid_tail_a2_t0p05__ridge_alpha_0p1,smooth_sigmoid_tail_a2_t0p05,Scheme E: smooth_sigmoid_tail,threshold=-4; alpha=2; temperature=0.05,Ridge,0.1,200,200,171,0.855,0.11180223285486443,7.647432239657632,-3.7547078911415896,-3.772113295386327
smooth_sigmoid_tail_a2_t0p05__ridge_alpha_1,smooth_sigmoid_tail_a2_t0p05,Scheme E: smooth_sigmoid_tail,threshold=-4; alpha=2; temperature=0.05,Ridge,1.0,10,10,10,1.0,0.11180223285486443,8.944365192582026,-3.1428347741694607,-3.1506262056909997
smooth_sigmoid_tail_a2_t0p05__ridge_alpha_1,smooth_sigmoid_tail_a2_t0p05,Scheme E: smooth_sigmoid_tail,threshold=-4; alpha=2; temperature=0.05,Ridge,1.0,25,25,25,1.0,0.11180223285486443,8.944365192582026,-3.3380912886481413,-3.312471038785365
smooth_sigmoid_tail_a2_t0p05__ridge_alpha_1,smooth_sigmoid_tail_a2_t0p05,Scheme E: smooth_sigmoid_tail,threshold=-4; alpha=2; temperature=0.05,Ridge,1.0,50,50,48,0.96,0.11180223285486443,8.586590584878744,-3.5247807870913483,-3.5528530478812814
smooth_sigmoid_tail_a2_t0p05__ridge_alpha_1,smooth_sigmoid_tail_a2_t0p05,Scheme E: smooth_sigmoid_tail,threshold=-4; alpha=2; temperature=0.05,Ridge,1.0,100,100,94,0.94,0.11180223285486443,8.407703281027104,-3.645822124305444,-3.718966632752272
smooth_sigmoid_tail_a2_t0p05__ridge_alpha_1,smooth_sigmoid_tail_a2_t0p05,Scheme E: smooth_sigmoid_tail,threshold=-4; alpha=2; temperature=0.05,Ridge,1.0,200,200,172,0.86,0.11180223285486443,7.692154065620542,-3.7541537685038735,-3.772113295386327
smooth_sigmoid_tail_a2_t0p05__ridge_alpha_10,smooth_sigmoid_tail_a2_t0p05,Scheme E: smooth_sigmoid_tail,threshold=-4; alpha=2; temperature=0.05,Ridge,10.0,10,10,10,1.0,0.11180223285486443,8.944365192582026,-3.1428347741694607,-3.1506262056909997
smooth_sigmoid_tail_a2_t0p05__ridge_alpha_10,smooth_sigmoid_tail_a2_t0p05,Scheme E: smooth_sigmoid_tail,threshold=-4; alpha=2; temperature=0.05,Ridge,10.0,25,25,25,1.0,0.11180223285486443,8.944365192582026,-3.331709248302234,-3.312471038785365
smooth_sigmoid_tail_a2_t0p05__ridge_alpha_10,smooth_sigmoid_tail_a2_t0p05,Scheme E: smooth_sigmoid_tail,threshold=-4; alpha=2; temperature=0.05,Ridge,10.0,50,50,48,0.96,0.11180223285486443,8.586590584878744,-3.4890423463230786,-3.5474530158360644
smooth_sigmoid_tail_a2_t0p05__ridge_alpha_10,smooth_sigmoid_tail_a2_t0p05,Scheme E: smooth_sigmoid_tail,threshold=-4; alpha=2; temperature=0.05,Ridge,10.0,100,100,95,0.95,0.11180223285486443,8.497146932952925,-3.627676670274809,-3.6991057637908638
smooth_sigmoid_tail_a2_t0p05__ridge_alpha_10,smooth_sigmoid_tail_a2_t0p05,Scheme E: smooth_sigmoid_tail,threshold=-4; alpha=2; temperature=0.05,Ridge,10.0,200,200,174,0.87,0.11180223285486443,7.781597717546362,-3.7533721942357503,-3.772113295386327
smooth_sigmoid_tail_a2_t0p05__ridge_alpha_100,smooth_sigmoid_tail_a2_t0p05,Scheme E: smooth_sigmoid_tail,threshold=-4; alpha=2; temperature=0.05,Ridge,100.0,10,10,10,1.0,0.11180223285486443,8.944365192582026,-3.1428347741694607,-3.1506262056909997
smooth_sigmoid_tail_a2_t0p05__ridge_alpha_100,smooth_sigmoid_tail_a2_t0p05,Scheme E: smooth_sigmoid_tail,threshold=-4; alpha=2; temperature=0.05,Ridge,100.0,25,25,25,1.0,0.11180223285486443,8.944365192582026,-3.2488637817867048,-3.20690839982342
smooth_sigmoid_tail_a2_t0p05__ridge_alpha_100,smooth_sigmoid_tail_a2_t0p05,Scheme E: smooth_sigmoid_tail,threshold=-4; alpha=2; temperature=0.05,Ridge,100.0,50,50,47,0.94,0.11180223285486443,8.407703281027104,-3.4963677508446507,-3.549750891680639
smooth_sigmoid_tail_a2_t0p05__ridge_alpha_100,smooth_sigmoid_tail_a2_t0p05,Scheme E: smooth_sigmoid_tail,threshold=-4; alpha=2; temperature=0.05,Ridge,100.0,100,100,96,0.96,0.11180223285486443,8.586590584878744,-3.614148202553105,-3.6645432575002697
smooth_sigmoid_tail_a2_t0p05__ridge_alpha_100,smooth_sigmoid_tail_a2_t0p05,Scheme E: smooth_sigmoid_tail,threshold=-4; alpha=2; temperature=0.05,Ridge,100.0,200,200,178,0.89,0.11180223285486443,7.960485021398004,-3.7457075700385714,-3.772113295386327
smooth_sigmoid_tail_a2_t0p1__ridge_alpha_0p01,smooth_sigmoid_tail_a2_t0p1,Scheme E: smooth_sigmoid_tail,threshold=-4; alpha=2; temperature=0.1,Ridge,0.01,10,10,10,1.0,0.11180223285486443,8.944365192582026,-3.1428347741694607,-3.1506262056909997
smooth_sigmoid_tail_a2_t0p1__ridge_alpha_0p01,smooth_sigmoid_tail_a2_t0p1,Scheme E: smooth_sigmoid_tail,threshold=-4; alpha=2; temperature=0.1,Ridge,0.01,25,25,25,1.0,0.11180223285486443,8.944365192582026,-3.336803901313285,-3.312471038785365
smooth_sigmoid_tail_a2_t0p1__ridge_alpha_0p01,smooth_sigmoid_tail_a2_t0p1,Scheme E: smooth_sigmoid_tail,threshold=-4; alpha=2; temperature=0.1,Ridge,0.01,50,50,48,0.96,0.11180223285486443,8.586590584878744,-3.516387380093402,-3.549750891680639
smooth_sigmoid_tail_a2_t0p1__ridge_alpha_0p01,smooth_sigmoid_tail_a2_t0p1,Scheme E: smooth_sigmoid_tail,threshold=-4; alpha=2; temperature=0.1,Ridge,0.01,100,100,95,0.95,0.11180223285486443,8.497146932952925,-3.63208117186134,-3.714466010694877
smooth_sigmoid_tail_a2_t0p1__ridge_alpha_0p01,smooth_sigmoid_tail_a2_t0p1,Scheme E: smooth_sigmoid_tail,threshold=-4; alpha=2; temperature=0.1,Ridge,0.01,200,200,172,0.86,0.11180223285486443,7.692154065620542,-3.753273312208595,-3.772113295386327
smooth_sigmoid_tail_a2_t0p1__ridge_alpha_0p1,smooth_sigmoid_tail_a2_t0p1,Scheme E: smooth_sigmoid_tail,threshold=-4; alpha=2; temperature=0.1,Ridge,0.1,10,10,10,1.0,0.11180223285486443,8.944365192582026,-3.1428347741694607,-3.1506262056909997
smooth_sigmoid_tail_a2_t0p1__ridge_alpha_0p1,smooth_sigmoid_tail_a2_t0p1,Scheme E: smooth_sigmoid_tail,threshold=-4; alpha=2; temperature=0.1,Ridge,0.1,25,25,25,1.0,0.11180223285486443,8.944365192582026,-3.336803901313285,-3.312471038785365
smooth_sigmoid_tail_a2_t0p1__ridge_alpha_0p1,smooth_sigmoid_tail_a2_t0p1,Scheme E: smooth_sigmoid_tail,threshold=-4; alpha=2; temperature=0.1,Ridge,0.1,50,50,48,0.96,0.11180223285486443,8.586590584878744,-3.495696747089917,-3.5474530158360644
smooth_sigmoid_tail_a2_t0p1__ridge_alpha_0p1,smooth_sigmoid_tail_a2_t0p1,Scheme E: smooth_sigmoid_tail,threshold=-4; alpha=2; temperature=0.1,Ridge,0.1,100,100,95,0.95,0.11180223285486443,8.497146932952925,-3.6320811718613397,-3.714466010694877
smooth_sigmoid_tail_a2_t0p1__ridge_alpha_0p1,smooth_sigmoid_tail_a2_t0p1,Scheme E: smooth_sigmoid_tail,threshold=-4; alpha=2; temperature=0.1,Ridge,0.1,200,200,172,0.86,0.11180223285486443,7.692154065620542,-3.753273312208595,-3.772113295386327
smooth_sigmoid_tail_a2_t0p1__ridge_alpha_1,smooth_sigmoid_tail_a2_t0p1,Scheme E: smooth_sigmoid_tail,threshold=-4; alpha=2; temperature=0.1,Ridge,1.0,10,10,10,1.0,0.11180223285486443,8.944365192582026,-3.1428347741694607,-3.1506262056909997
smooth_sigmoid_tail_a2_t0p1__ridge_alpha_1,smooth_sigmoid_tail_a2_t0p1,Scheme E: smooth_sigmoid_tail,threshold=-4; alpha=2; temperature=0.1,Ridge,1.0,25,25,25,1.0,0.11180223285486443,8.944365192582026,-3.334509105433098,-3.312471038785365
smooth_sigmoid_tail_a2_t0p1__ridge_alpha_1,smooth_sigmoid_tail_a2_t0p1,Scheme E: smooth_sigmoid_tail,threshold=-4; alpha=2; temperature=0.1,Ridge,1.0,50,50,48,0.96,0.11180223285486443,8.586590584878744,-3.4890423463230786,-3.5474530158360644
smooth_sigmoid_tail_a2_t0p1__ridge_alpha_1,smooth_sigmoid_tail_a2_t0p1,Scheme E: smooth_sigmoid_tail,threshold=-4; alpha=2; temperature=0.1,Ridge,1.0,100,100,95,0.95,0.11180223285486443,8.497146932952925,-3.6320811718613397,-3.714466010694877
smooth_sigmoid_tail_a2_t0p1__ridge_alpha_1,smooth_sigmoid_tail_a2_t0p1,Scheme E: smooth_sigmoid_tail,threshold=-4; alpha=2; temperature=0.1,Ridge,1.0,200,200,171,0.855,0.11180223285486443,7.647432239657632,-3.7545589830353547,-3.772113295386327
smooth_sigmoid_tail_a2_t0p1__ridge_alpha_10,smooth_sigmoid_tail_a2_t0p1,Scheme E: smooth_sigmoid_tail,threshold=-4; alpha=2; temperature=0.1,Ridge,10.0,10,10,10,1.0,0.11180223285486443,8.944365192582026,-3.1428347741694607,-3.1506262056909997
smooth_sigmoid_tail_a2_t0p1__ridge_alpha_10,smooth_sigmoid_tail_a2_t0p1,Scheme E: smooth_sigmoid_tail,threshold=-4; alpha=2; temperature=0.1,Ridge,10.0,25,25,25,1.0,0.11180223285486443,8.944365192582026,-3.3345091054330975,-3.312471038785365
smooth_sigmoid_tail_a2_t0p1__ridge_alpha_10,smooth_sigmoid_tail_a2_t0p1,Scheme E: smooth_sigmoid_tail,threshold=-4; alpha=2; temperature=0.1,Ridge,10.0,50,50,48,0.96,0.11180223285486443,8.586590584878744,-3.4890423463230786,-3.5474530158360644
smooth_sigmoid_tail_a2_t0p1__ridge_alpha_10,smooth_sigmoid_tail_a2_t0p1,Scheme E: smooth_sigmoid_tail,threshold=-4; alpha=2; temperature=0.1,Ridge,10.0,100,100,95,0.95,0.11180223285486443,8.497146932952925,-3.6254410169664983,-3.6991057637908638
smooth_sigmoid_tail_a2_t0p1__ridge_alpha_10,smooth_sigmoid_tail_a2_t0p1,Scheme E: smooth_sigmoid_tail,threshold=-4; alpha=2; temperature=0.1,Ridge,10.0,200,200,173,0.865,0.11180223285486443,7.736875891583453,-3.7533125334563495,-3.772113295386327
smooth_sigmoid_tail_a2_t0p1__ridge_alpha_100,smooth_sigmoid_tail_a2_t0p1,Scheme E: smooth_sigmoid_tail,threshold=-4; alpha=2; temperature=0.1,Ridge,100.0,10,10,10,1.0,0.11180223285486443,8.944365192582026,-3.1428347741694607,-3.1506262056909997
smooth_sigmoid_tail_a2_t0p1__ridge_alpha_100,smooth_sigmoid_tail_a2_t0p1,Scheme E: smooth_sigmoid_tail,threshold=-4; alpha=2; temperature=0.1,Ridge,100.0,25,25,25,1.0,0.11180223285486443,8.944365192582026,-3.2488637817867048,-3.20690839982342
smooth_sigmoid_tail_a2_t0p1__ridge_alpha_100,smooth_sigmoid_tail_a2_t0p1,Scheme E: smooth_sigmoid_tail,threshold=-4; alpha=2; temperature=0.1,Ridge,100.0,50,50,47,0.94,0.11180223285486443,8.407703281027104,-3.4963677508446507,-3.549750891680639
smooth_sigmoid_tail_a2_t0p1__ridge_alpha_100,smooth_sigmoid_tail_a2_t0p1,Scheme E: smooth_sigmoid_tail,threshold=-4; alpha=2; temperature=0.1,Ridge,100.0,100,100,96,0.96,0.11180223285486443,8.586590584878744,-3.612069072836375,-3.6645432575002697
smooth_sigmoid_tail_a2_t0p1__ridge_alpha_100,smooth_sigmoid_tail_a2_t0p1,Scheme E: smooth_sigmoid_tail,threshold=-4; alpha=2; temperature=0.1,Ridge,100.0,200,200,178,0.89,0.11180223285486443,7.960485021398004,-3.7445983262904896,-3.772113295386327
smooth_sigmoid_tail_a2_t0p2__ridge_alpha_0p01,smooth_sigmoid_tail_a2_t0p2,Scheme E: smooth_sigmoid_tail,threshold=-4; alpha=2; temperature=0.2,Ridge,0.01,10,10,10,1.0,0.11180223285486443,8.944365192582026,-3.1428347741694607,-3.1506262056909997
smooth_sigmoid_tail_a2_t0p2__ridge_alpha_0p01,smooth_sigmoid_tail_a2_t0p2,Scheme E: smooth_sigmoid_tail,threshold=-4; alpha=2; temperature=0.2,Ridge,0.01,25,25,25,1.0,0.11180223285486443,8.944365192582026,-3.334509105433098,-3.312471038785365
smooth_sigmoid_tail_a2_t0p2__ridge_alpha_0p01,smooth_sigmoid_tail_a2_t0p2,Scheme E: smooth_sigmoid_tail,threshold=-4; alpha=2; temperature=0.2,Ridge,0.01,50,50,48,0.96,0.11180223285486443,8.586590584878744,-3.525077599764945,-3.5528530478812814
smooth_sigmoid_tail_a2_t0p2__ridge_alpha_0p01,smooth_sigmoid_tail_a2_t0p2,Scheme E: smooth_sigmoid_tail,threshold=-4; alpha=2; temperature=0.2,Ridge,0.01,100,100,95,0.95,0.11180223285486443,8.497146932952925,-3.6352287320630476,-3.718966632752272
smooth_sigmoid_tail_a2_t0p2__ridge_alpha_0p01,smooth_sigmoid_tail_a2_t0p2,Scheme E: smooth_sigmoid_tail,threshold=-4; alpha=2; temperature=0.2,Ridge,0.01,200,200,173,0.865,0.11180223285486443,7.736875891583453,-3.7510412762297642,-3.772113295386327
smooth_sigmoid_tail_a2_t0p2__ridge_alpha_0p1,smooth_sigmoid_tail_a2_t0p2,Scheme E: smooth_sigmoid_tail,threshold=-4; alpha=2; temperature=0.2,Ridge,0.1,10,10,10,1.0,0.11180223285486443,8.944365192582026,-3.1428347741694607,-3.1506262056909997
smooth_sigmoid_tail_a2_t0p2__ridge_alpha_0p1,smooth_sigmoid_tail_a2_t0p2,Scheme E: smooth_sigmoid_tail,threshold=-4; alpha=2; temperature=0.2,Ridge,0.1,25,25,25,1.0,0.11180223285486443,8.944365192582026,-3.334509105433098,-3.312471038785365
smooth_sigmoid_tail_a2_t0p2__ridge_alpha_0p1,smooth_sigmoid_tail_a2_t0p2,Scheme E: smooth_sigmoid_tail,threshold=-4; alpha=2; temperature=0.2,Ridge,0.1,50,50,48,0.96,0.11180223285486443,8.586590584878744,-3.525077599764945,-3.5528530478812814
smooth_sigmoid_tail_a2_t0p2__ridge_alpha_0p1,smooth_sigmoid_tail_a2_t0p2,Scheme E: smooth_sigmoid_tail,threshold=-4; alpha=2; temperature=0.2,Ridge,0.1,100,100,95,0.95,0.11180223285486443,8.497146932952925,-3.6352287320630476,-3.718966632752272
smooth_sigmoid_tail_a2_t0p2__ridge_alpha_0p1,smooth_sigmoid_tail_a2_t0p2,Scheme E: smooth_sigmoid_tail,threshold=-4; alpha=2; temperature=0.2,Ridge,0.1,200,200,173,0.865,0.11180223285486443,7.736875891583453,-3.7510412762297642,-3.772113295386327
smooth_sigmoid_tail_a2_t0p2__ridge_alpha_1,smooth_sigmoid_tail_a2_t0p2,Scheme E: smooth_sigmoid_tail,threshold=-4; alpha=2; temperature=0.2,Ridge,1.0,10,10,10,1.0,0.11180223285486443,8.944365192582026,-3.1428347741694607,-3.1506262056909997
smooth_sigmoid_tail_a2_t0p2__ridge_alpha_1,smooth_sigmoid_tail_a2_t0p2,Scheme E: smooth_sigmoid_tail,threshold=-4; alpha=2; temperature=0.2,Ridge,1.0,25,25,25,1.0,0.11180223285486443,8.944365192582026,-3.334509105433098,-3.312471038785365
smooth_sigmoid_tail_a2_t0p2__ridge_alpha_1,smooth_sigmoid_tail_a2_t0p2,Scheme E: smooth_sigmoid_tail,threshold=-4; alpha=2; temperature=0.2,Ridge,1.0,50,50,48,0.96,0.11180223285486443,8.586590584878744,-3.5334710067628907,-3.5598962785205837
smooth_sigmoid_tail_a2_t0p2__ridge_alpha_1,smooth_sigmoid_tail_a2_t0p2,Scheme E: smooth_sigmoid_tail,threshold=-4; alpha=2; temperature=0.2,Ridge,1.0,100,100,95,0.95,0.11180223285486443,8.497146932952925,-3.631711687228943,-3.714466010694877
smooth_sigmoid_tail_a2_t0p2__ridge_alpha_1,smooth_sigmoid_tail_a2_t0p2,Scheme E: smooth_sigmoid_tail,threshold=-4; alpha=2; temperature=0.2,Ridge,1.0,200,200,173,0.865,0.11180223285486443,7.736875891583453,-3.7512109068321284,-3.772113295386327
smooth_sigmoid_tail_a2_t0p2__ridge_alpha_10,smooth_sigmoid_tail_a2_t0p2,Scheme E: smooth_sigmoid_tail,threshold=-4; alpha=2; temperature=0.2,Ridge,10.0,10,10,10,1.0,0.11180223285486443,8.944365192582026,-3.1428347741694607,-3.1506262056909997
smooth_sigmoid_tail_a2_t0p2__ridge_alpha_10,smooth_sigmoid_tail_a2_t0p2,Scheme E: smooth_sigmoid_tail,threshold=-4; alpha=2; temperature=0.2,Ridge,10.0,25,25,25,1.0,0.11180223285486443,8.944365192582026,-3.3345091054330975,-3.312471038785365
smooth_sigmoid_tail_a2_t0p2__ridge_alpha_10,smooth_sigmoid_tail_a2_t0p2,Scheme E: smooth_sigmoid_tail,threshold=-4; alpha=2; temperature=0.2,Ridge,10.0,50,50,48,0.96,0.11180223285486443,8.586590584878744,-3.4926455768764186,-3.5474530158360644
smooth_sigmoid_tail_a2_t0p2__ridge_alpha_10,smooth_sigmoid_tail_a2_t0p2,Scheme E: smooth_sigmoid_tail,threshold=-4; alpha=2; temperature=0.2,Ridge,10.0,100,100,95,0.95,0.11180223285486443,8.497146932952925,-3.6241854924716783,-3.688246138944246
smooth_sigmoid_tail_a2_t0p2__ridge_alpha_10,smooth_sigmoid_tail_a2_t0p2,Scheme E: smooth_sigmoid_tail,threshold=-4; alpha=2; temperature=0.2,Ridge,10.0,200,200,173,0.865,0.11180223285486443,7.736875891583453,-3.7523778875000096,-3.772113295386327
smooth_sigmoid_tail_a2_t0p2__ridge_alpha_100,smooth_sigmoid_tail_a2_t0p2,Scheme E: smooth_sigmoid_tail,threshold=-4; alpha=2; temperature=0.2,Ridge,100.0,10,10,10,1.0,0.11180223285486443,8.944365192582026,-3.1428347741694607,-3.1506262056909997
smooth_sigmoid_tail_a2_t0p2__ridge_alpha_100,smooth_sigmoid_tail_a2_t0p2,Scheme E: smooth_sigmoid_tail,threshold=-4; alpha=2; temperature=0.2,Ridge,100.0,25,25,25,1.0,0.11180223285486443,8.944365192582026,-3.2488637817867048,-3.20690839982342
smooth_sigmoid_tail_a2_t0p2__ridge_alpha_100,smooth_sigmoid_tail_a2_t0p2,Scheme E: smooth_sigmoid_tail,threshold=-4; alpha=2; temperature=0.2,Ridge,100.0,50,50,48,0.96,0.11180223285486443,8.586590584878744,-3.4815520105962134,-3.549750891680639
smooth_sigmoid_tail_a2_t0p2__ridge_alpha_100,smooth_sigmoid_tail_a2_t0p2,Scheme E: smooth_sigmoid_tail,threshold=-4; alpha=2; temperature=0.2,Ridge,100.0,100,100,96,0.96,0.11180223285486443,8.586590584878744,-3.614099566176186,-3.6645432575002697
smooth_sigmoid_tail_a2_t0p2__ridge_alpha_100,smooth_sigmoid_tail_a2_t0p2,Scheme E: smooth_sigmoid_tail,threshold=-4; alpha=2; temperature=0.2,Ridge,100.0,200,200,177,0.885,0.11180223285486443,7.915763195435093,-3.7430692504889533,-3.7708321870040264
smooth_sigmoid_tail_a4_t0p05__ridge_alpha_0p01,smooth_sigmoid_tail_a4_t0p05,Scheme E: smooth_sigmoid_tail,threshold=-4; alpha=4; temperature=0.05,Ridge,0.01,10,10,10,1.0,0.11180223285486443,8.944365192582026,-3.1428347741694607,-3.1506262056909997
smooth_sigmoid_tail_a4_t0p05__ridge_alpha_0p01,smooth_sigmoid_tail_a4_t0p05,Scheme E: smooth_sigmoid_tail,threshold=-4; alpha=4; temperature=0.05,Ridge,0.01,25,25,25,1.0,0.11180223285486443,8.944365192582026,-3.3401912411084513,-3.312471038785365
smooth_sigmoid_tail_a4_t0p05__ridge_alpha_0p01,smooth_sigmoid_tail_a4_t0p05,Scheme E: smooth_sigmoid_tail,threshold=-4; alpha=4; temperature=0.05,Ridge,0.01,50,50,48,0.96,0.11180223285486443,8.586590584878744,-3.4814937185147183,-3.5398861442715357
smooth_sigmoid_tail_a4_t0p05__ridge_alpha_0p01,smooth_sigmoid_tail_a4_t0p05,Scheme E: smooth_sigmoid_tail,threshold=-4; alpha=4; temperature=0.05,Ridge,0.01,100,100,93,0.93,0.11180223285486443,8.318259629101284,-3.6543448211834457,-3.7270373353220783
smooth_sigmoid_tail_a4_t0p05__ridge_alpha_0p01,smooth_sigmoid_tail_a4_t0p05,Scheme E: smooth_sigmoid_tail,threshold=-4; alpha=4; temperature=0.05,Ridge,0.01,200,200,173,0.865,0.11180223285486443,7.736875891583453,-3.755718899387048,-3.772113295386327
smooth_sigmoid_tail_a4_t0p05__ridge_alpha_0p1,smooth_sigmoid_tail_a4_t0p05,Scheme E: smooth_sigmoid_tail,threshold=-4; alpha=4; temperature=0.05,Ridge,0.1,10,10,10,1.0,0.11180223285486443,8.944365192582026,-3.1428347741694607,-3.1506262056909997
smooth_sigmoid_tail_a4_t0p05__ridge_alpha_0p1,smooth_sigmoid_tail_a4_t0p05,Scheme E: smooth_sigmoid_tail,threshold=-4; alpha=4; temperature=0.05,Ridge,0.1,25,25,25,1.0,0.11180223285486443,8.944365192582026,-3.3401912411084522,-3.312471038785365
smooth_sigmoid_tail_a4_t0p05__ridge_alpha_0p1,smooth_sigmoid_tail_a4_t0p05,Scheme E: smooth_sigmoid_tail,threshold=-4; alpha=4; temperature=0.05,Ridge,0.1,50,50,48,0.96,0.11180223285486443,8.586590584878744,-3.4782845297938807,-3.5398861442715357
smooth_sigmoid_tail_a4_t0p05__ridge_alpha_0p1,smooth_sigmoid_tail_a4_t0p05,Scheme E: smooth_sigmoid_tail,threshold=-4; alpha=4; temperature=0.05,Ridge,0.1,100,100,93,0.93,0.11180223285486443,8.318259629101284,-3.6543448211834457,-3.7270373353220783
smooth_sigmoid_tail_a4_t0p05__ridge_alpha_0p1,smooth_sigmoid_tail_a4_t0p05,Scheme E: smooth_sigmoid_tail,threshold=-4; alpha=4; temperature=0.05,Ridge,0.1,200,200,173,0.865,0.11180223285486443,7.736875891583453,-3.755718899387048,-3.772113295386327
smooth_sigmoid_tail_a4_t0p05__ridge_alpha_1,smooth_sigmoid_tail_a4_t0p05,Scheme E: smooth_sigmoid_tail,threshold=-4; alpha=4; temperature=0.05,Ridge,1.0,10,10,10,1.0,0.11180223285486443,8.944365192582026,-3.1428347741694607,-3.1506262056909997
smooth_sigmoid_tail_a4_t0p05__ridge_alpha_1,smooth_sigmoid_tail_a4_t0p05,Scheme E: smooth_sigmoid_tail,threshold=-4; alpha=4; temperature=0.05,Ridge,1.0,25,25,25,1.0,0.11180223285486443,8.944365192582026,-3.3302798617600216,-3.312471038785365
smooth_sigmoid_tail_a4_t0p05__ridge_alpha_1,smooth_sigmoid_tail_a4_t0p05,Scheme E: smooth_sigmoid_tail,threshold=-4; alpha=4; temperature=0.05,Ridge,1.0,50,50,48,0.96,0.11180223285486443,8.586590584878744,-3.4782845297938807,-3.5398861442715357
smooth_sigmoid_tail_a4_t0p05__ridge_alpha_1,smooth_sigmoid_tail_a4_t0p05,Scheme E: smooth_sigmoid_tail,threshold=-4; alpha=4; temperature=0.05,Ridge,1.0,100,100,94,0.94,0.11180223285486443,8.407703281027104,-3.6497343473863157,-3.7270373353220783
smooth_sigmoid_tail_a4_t0p05__ridge_alpha_1,smooth_sigmoid_tail_a4_t0p05,Scheme E: smooth_sigmoid_tail,threshold=-4; alpha=4; temperature=0.05,Ridge,1.0,200,200,173,0.865,0.11180223285486443,7.736875891583453,-3.7558698733138316,-3.772113295386327
smooth_sigmoid_tail_a4_t0p05__ridge_alpha_10,smooth_sigmoid_tail_a4_t0p05,Scheme E: smooth_sigmoid_tail,threshold=-4; alpha=4; temperature=0.05,Ridge,10.0,10,10,10,1.0,0.11180223285486443,8.944365192582026,-3.1428347741694607,-3.1506262056909997
smooth_sigmoid_tail_a4_t0p05__ridge_alpha_10,smooth_sigmoid_tail_a4_t0p05,Scheme E: smooth_sigmoid_tail,threshold=-4; alpha=4; temperature=0.05,Ridge,10.0,25,25,25,1.0,0.11180223285486443,8.944365192582026,-3.269886474709418,-3.2652001704111533
smooth_sigmoid_tail_a4_t0p05__ridge_alpha_10,smooth_sigmoid_tail_a4_t0p05,Scheme E: smooth_sigmoid_tail,threshold=-4; alpha=4; temperature=0.05,Ridge,10.0,50,50,49,0.98,0.11180223285486443,8.765477888730386,-3.4699850628344633,-3.5398861442715357
smooth_sigmoid_tail_a4_t0p05__ridge_alpha_10,smooth_sigmoid_tail_a4_t0p05,Scheme E: smooth_sigmoid_tail,threshold=-4; alpha=4; temperature=0.05,Ridge,10.0,100,100,96,0.96,0.11180223285486443,8.586590584878744,-3.6255052178222833,-3.709965388637482
smooth_sigmoid_tail_a4_t0p05__ridge_alpha_10,smooth_sigmoid_tail_a4_t0p05,Scheme E: smooth_sigmoid_tail,threshold=-4; alpha=4; temperature=0.05,Ridge,10.0,200,200,175,0.875,0.11180223285486443,7.826319543509273,-3.7535152959414564,-3.772113295386327
smooth_sigmoid_tail_a4_t0p05__ridge_alpha_100,smooth_sigmoid_tail_a4_t0p05,Scheme E: smooth_sigmoid_tail,threshold=-4; alpha=4; temperature=0.05,Ridge,100.0,10,10,10,1.0,0.11180223285486443,8.944365192582026,-3.1428347741694607,-3.1506262056909997
smooth_sigmoid_tail_a4_t0p05__ridge_alpha_100,smooth_sigmoid_tail_a4_t0p05,Scheme E: smooth_sigmoid_tail,threshold=-4; alpha=4; temperature=0.05,Ridge,100.0,25,25,25,1.0,0.11180223285486443,8.944365192582026,-3.242378496192142,-3.20690839982342
smooth_sigmoid_tail_a4_t0p05__ridge_alpha_100,smooth_sigmoid_tail_a4_t0p05,Scheme E: smooth_sigmoid_tail,threshold=-4; alpha=4; temperature=0.05,Ridge,100.0,50,50,48,0.96,0.11180223285486443,8.586590584878744,-3.473753394718853,-3.5474530158360644
smooth_sigmoid_tail_a4_t0p05__ridge_alpha_100,smooth_sigmoid_tail_a4_t0p05,Scheme E: smooth_sigmoid_tail,threshold=-4; alpha=4; temperature=0.05,Ridge,100.0,100,100,96,0.96,0.11180223285486443,8.586590584878744,-3.6114764974539657,-3.6645432575002697
smooth_sigmoid_tail_a4_t0p05__ridge_alpha_100,smooth_sigmoid_tail_a4_t0p05,Scheme E: smooth_sigmoid_tail,threshold=-4; alpha=4; temperature=0.05,Ridge,100.0,200,200,174,0.87,0.11180223285486443,7.781597717546362,-3.755109296198533,-3.7734020068302323
smooth_sigmoid_tail_a4_t0p1__ridge_alpha_0p01,smooth_sigmoid_tail_a4_t0p1,Scheme E: smooth_sigmoid_tail,threshold=-4; alpha=4; temperature=0.1,Ridge,0.01,10,10,10,1.0,0.11180223285486443,8.944365192582026,-3.1428347741694607,-3.1506262056909997
smooth_sigmoid_tail_a4_t0p1__ridge_alpha_0p01,smooth_sigmoid_tail_a4_t0p1,Scheme E: smooth_sigmoid_tail,threshold=-4; alpha=4; temperature=0.1,Ridge,0.01,25,25,25,1.0,0.11180223285486443,8.944365192582026,-3.3380912886481413,-3.312471038785365
smooth_sigmoid_tail_a4_t0p1__ridge_alpha_0p01,smooth_sigmoid_tail_a4_t0p1,Scheme E: smooth_sigmoid_tail,threshold=-4; alpha=4; temperature=0.1,Ridge,0.01,50,50,49,0.98,0.11180223285486443,8.765477888730386,-3.4723285941266453,-3.5398861442715357
smooth_sigmoid_tail_a4_t0p1__ridge_alpha_0p01,smooth_sigmoid_tail_a4_t0p1,Scheme E: smooth_sigmoid_tail,threshold=-4; alpha=4; temperature=0.1,Ridge,0.01,100,100,94,0.94,0.11180223285486443,8.407703281027104,-3.633994520218778,-3.714466010694877
smooth_sigmoid_tail_a4_t0p1__ridge_alpha_0p01,smooth_sigmoid_tail_a4_t0p1,Scheme E: smooth_sigmoid_tail,threshold=-4; alpha=4; temperature=0.1,Ridge,0.01,200,200,173,0.865,0.11180223285486443,7.736875891583453,-3.753087848221282,-3.772113295386327
smooth_sigmoid_tail_a4_t0p1__ridge_alpha_0p1,smooth_sigmoid_tail_a4_t0p1,Scheme E: smooth_sigmoid_tail,threshold=-4; alpha=4; temperature=0.1,Ridge,0.1,10,10,10,1.0,0.11180223285486443,8.944365192582026,-3.1428347741694607,-3.1506262056909997
smooth_sigmoid_tail_a4_t0p1__ridge_alpha_0p1,smooth_sigmoid_tail_a4_t0p1,Scheme E: smooth_sigmoid_tail,threshold=-4; alpha=4; temperature=0.1,Ridge,0.1,25,25,25,1.0,0.11180223285486443,8.944365192582026,-3.3380912886481413,-3.312471038785365
smooth_sigmoid_tail_a4_t0p1__ridge_alpha_0p1,smooth_sigmoid_tail_a4_t0p1,Scheme E: smooth_sigmoid_tail,threshold=-4; alpha=4; temperature=0.1,Ridge,0.1,50,50,49,0.98,0.11180223285486443,8.765477888730386,-3.4723285941266453,-3.5398861442715357
smooth_sigmoid_tail_a4_t0p1__ridge_alpha_0p1,smooth_sigmoid_tail_a4_t0p1,Scheme E: smooth_sigmoid_tail,threshold=-4; alpha=4; temperature=0.1,Ridge,0.1,100,100,94,0.94,0.11180223285486443,8.407703281027104,-3.633994520218778,-3.714466010694877
smooth_sigmoid_tail_a4_t0p1__ridge_alpha_0p1,smooth_sigmoid_tail_a4_t0p1,Scheme E: smooth_sigmoid_tail,threshold=-4; alpha=4; temperature=0.1,Ridge,0.1,200,200,173,0.865,0.11180223285486443,7.736875891583453,-3.753087848221282,-3.772113295386327
smooth_sigmoid_tail_a4_t0p1__ridge_alpha_1,smooth_sigmoid_tail_a4_t0p1,Scheme E: smooth_sigmoid_tail,threshold=-4; alpha=4; temperature=0.1,Ridge,1.0,10,10,10,1.0,0.11180223285486443,8.944365192582026,-3.1428347741694607,-3.1506262056909997
smooth_sigmoid_tail_a4_t0p1__ridge_alpha_1,smooth_sigmoid_tail_a4_t0p1,Scheme E: smooth_sigmoid_tail,threshold=-4; alpha=4; temperature=0.1,Ridge,1.0,25,25,25,1.0,0.11180223285486443,8.944365192582026,-3.3380912886481404,-3.312471038785365
smooth_sigmoid_tail_a4_t0p1__ridge_alpha_1,smooth_sigmoid_tail_a4_t0p1,Scheme E: smooth_sigmoid_tail,threshold=-4; alpha=4; temperature=0.1,Ridge,1.0,50,50,49,0.98,0.11180223285486443,8.765477888730386,-3.472328594126645,-3.5398861442715357
smooth_sigmoid_tail_a4_t0p1__ridge_alpha_1,smooth_sigmoid_tail_a4_t0p1,Scheme E: smooth_sigmoid_tail,threshold=-4; alpha=4; temperature=0.1,Ridge,1.0,100,100,94,0.94,0.11180223285486443,8.407703281027104,-3.633994520218778,-3.714466010694877
smooth_sigmoid_tail_a4_t0p1__ridge_alpha_1,smooth_sigmoid_tail_a4_t0p1,Scheme E: smooth_sigmoid_tail,threshold=-4; alpha=4; temperature=0.1,Ridge,1.0,200,200,173,0.865,0.11180223285486443,7.736875891583453,-3.7539127263914054,-3.772113295386327
smooth_sigmoid_tail_a4_t0p1__ridge_alpha_10,smooth_sigmoid_tail_a4_t0p1,Scheme E: smooth_sigmoid_tail,threshold=-4; alpha=4; temperature=0.1,Ridge,10.0,10,10,10,1.0,0.11180223285486443,8.944365192582026,-3.1428347741694607,-3.1506262056909997
smooth_sigmoid_tail_a4_t0p1__ridge_alpha_10,smooth_sigmoid_tail_a4_t0p1,Scheme E: smooth_sigmoid_tail,threshold=-4; alpha=4; temperature=0.1,Ridge,10.0,25,25,25,1.0,0.11180223285486443,8.944365192582026,-3.2683838318237237,-3.2652001704111533
smooth_sigmoid_tail_a4_t0p1__ridge_alpha_10,smooth_sigmoid_tail_a4_t0p1,Scheme E: smooth_sigmoid_tail,threshold=-4; alpha=4; temperature=0.1,Ridge,10.0,50,50,49,0.98,0.11180223285486443,8.765477888730386,-3.470669344845086,-3.5398861442715357
smooth_sigmoid_tail_a4_t0p1__ridge_alpha_10,smooth_sigmoid_tail_a4_t0p1,Scheme E: smooth_sigmoid_tail,threshold=-4; alpha=4; temperature=0.1,Ridge,10.0,100,100,96,0.96,0.11180223285486443,8.586590584878744,-3.621868703254587,-3.688246138944246
smooth_sigmoid_tail_a4_t0p1__ridge_alpha_10,smooth_sigmoid_tail_a4_t0p1,Scheme E: smooth_sigmoid_tail,threshold=-4; alpha=4; temperature=0.1,Ridge,10.0,200,200,174,0.87,0.11180223285486443,7.781597717546362,-3.7540337816175384,-3.772113295386327
smooth_sigmoid_tail_a4_t0p1__ridge_alpha_100,smooth_sigmoid_tail_a4_t0p1,Scheme E: smooth_sigmoid_tail,threshold=-4; alpha=4; temperature=0.1,Ridge,100.0,10,10,10,1.0,0.11180223285486443,8.944365192582026,-3.1428347741694607,-3.1506262056909997
smooth_sigmoid_tail_a4_t0p1__ridge_alpha_100,smooth_sigmoid_tail_a4_t0p1,Scheme E: smooth_sigmoid_tail,threshold=-4; alpha=4; temperature=0.1,Ridge,100.0,25,25,25,1.0,0.11180223285486443,8.944365192582026,-3.2459188750314074,-3.20690839982342
smooth_sigmoid_tail_a4_t0p1__ridge_alpha_100,smooth_sigmoid_tail_a4_t0p1,Scheme E: smooth_sigmoid_tail,threshold=-4; alpha=4; temperature=0.1,Ridge,100.0,50,50,48,0.96,0.11180223285486443,8.586590584878744,-3.479314047705841,-3.5474530158360644
smooth_sigmoid_tail_a4_t0p1__ridge_alpha_100,smooth_sigmoid_tail_a4_t0p1,Scheme E: smooth_sigmoid_tail,threshold=-4; alpha=4; temperature=0.1,Ridge,100.0,100,100,96,0.96,0.11180223285486443,8.586590584878744,-3.611632175226232,-3.6645432575002697
smooth_sigmoid_tail_a4_t0p1__ridge_alpha_100,smooth_sigmoid_tail_a4_t0p1,Scheme E: smooth_sigmoid_tail,threshold=-4; alpha=4; temperature=0.1,Ridge,100.0,200,200,176,0.88,0.11180223285486443,7.871041369472183,-3.7521623293424806,-3.772113295386327
smooth_sigmoid_tail_a4_t0p2__ridge_alpha_0p01,smooth_sigmoid_tail_a4_t0p2,Scheme E: smooth_sigmoid_tail,threshold=-4; alpha=4; temperature=0.2,Ridge,0.01,10,10,10,1.0,0.11180223285486443,8.944365192582026,-3.1428347741694607,-3.1506262056909997
smooth_sigmoid_tail_a4_t0p2__ridge_alpha_0p01,smooth_sigmoid_tail_a4_t0p2,Scheme E: smooth_sigmoid_tail,threshold=-4; alpha=4; temperature=0.2,Ridge,0.01,25,25,25,1.0,0.11180223285486443,8.944365192582026,-3.334509105433098,-3.312471038785365
smooth_sigmoid_tail_a4_t0p2__ridge_alpha_0p01,smooth_sigmoid_tail_a4_t0p2,Scheme E: smooth_sigmoid_tail,threshold=-4; alpha=4; temperature=0.2,Ridge,0.01,50,50,49,0.98,0.11180223285486443,8.765477888730386,-3.469217736436089,-3.5398861442715357
smooth_sigmoid_tail_a4_t0p2__ridge_alpha_0p01,smooth_sigmoid_tail_a4_t0p2,Scheme E: smooth_sigmoid_tail,threshold=-4; alpha=4; temperature=0.2,Ridge,0.01,100,100,95,0.95,0.11180223285486443,8.497146932952925,-3.6339340715934094,-3.714466010694877
smooth_sigmoid_tail_a4_t0p2__ridge_alpha_0p01,smooth_sigmoid_tail_a4_t0p2,Scheme E: smooth_sigmoid_tail,threshold=-4; alpha=4; temperature=0.2,Ridge,0.01,200,200,171,0.855,0.11180223285486443,7.647432239657632,-3.753435294970566,-3.772113295386327
smooth_sigmoid_tail_a4_t0p2__ridge_alpha_0p1,smooth_sigmoid_tail_a4_t0p2,Scheme E: smooth_sigmoid_tail,threshold=-4; alpha=4; temperature=0.2,Ridge,0.1,10,10,10,1.0,0.11180223285486443,8.944365192582026,-3.1428347741694607,-3.1506262056909997
smooth_sigmoid_tail_a4_t0p2__ridge_alpha_0p1,smooth_sigmoid_tail_a4_t0p2,Scheme E: smooth_sigmoid_tail,threshold=-4; alpha=4; temperature=0.2,Ridge,0.1,25,25,25,1.0,0.11180223285486443,8.944365192582026,-3.334509105433098,-3.312471038785365
smooth_sigmoid_tail_a4_t0p2__ridge_alpha_0p1,smooth_sigmoid_tail_a4_t0p2,Scheme E: smooth_sigmoid_tail,threshold=-4; alpha=4; temperature=0.2,Ridge,0.1,50,50,49,0.98,0.11180223285486443,8.765477888730386,-3.4692177364360886,-3.5398861442715357
smooth_sigmoid_tail_a4_t0p2__ridge_alpha_0p1,smooth_sigmoid_tail_a4_t0p2,Scheme E: smooth_sigmoid_tail,threshold=-4; alpha=4; temperature=0.2,Ridge,0.1,100,100,95,0.95,0.11180223285486443,8.497146932952925,-3.633934071593409,-3.714466010694877
smooth_sigmoid_tail_a4_t0p2__ridge_alpha_0p1,smooth_sigmoid_tail_a4_t0p2,Scheme E: smooth_sigmoid_tail,threshold=-4; alpha=4; temperature=0.2,Ridge,0.1,200,200,171,0.855,0.11180223285486443,7.647432239657632,-3.753435294970566,-3.772113295386327
smooth_sigmoid_tail_a4_t0p2__ridge_alpha_1,smooth_sigmoid_tail_a4_t0p2,Scheme E: smooth_sigmoid_tail,threshold=-4; alpha=4; temperature=0.2,Ridge,1.0,10,10,10,1.0,0.11180223285486443,8.944365192582026,-3.1428347741694607,-3.1506262056909997
smooth_sigmoid_tail_a4_t0p2__ridge_alpha_1,smooth_sigmoid_tail_a4_t0p2,Scheme E: smooth_sigmoid_tail,threshold=-4; alpha=4; temperature=0.2,Ridge,1.0,25,25,25,1.0,0.11180223285486443,8.944365192582026,-3.3345091054330975,-3.312471038785365
smooth_sigmoid_tail_a4_t0p2__ridge_alpha_1,smooth_sigmoid_tail_a4_t0p2,Scheme E: smooth_sigmoid_tail,threshold=-4; alpha=4; temperature=0.2,Ridge,1.0,50,50,49,0.98,0.11180223285486443,8.765477888730386,-3.467485631153552,-3.5398861442715357
smooth_sigmoid_tail_a4_t0p2__ridge_alpha_1,smooth_sigmoid_tail_a4_t0p2,Scheme E: smooth_sigmoid_tail,threshold=-4; alpha=4; temperature=0.2,Ridge,1.0,100,100,96,0.96,0.11180223285486443,8.586590584878744,-3.630002239833491,-3.709965388637482
smooth_sigmoid_tail_a4_t0p2__ridge_alpha_1,smooth_sigmoid_tail_a4_t0p2,Scheme E: smooth_sigmoid_tail,threshold=-4; alpha=4; temperature=0.2,Ridge,1.0,200,200,172,0.86,0.11180223285486443,7.692154065620542,-3.7524532307875944,-3.772113295386327
smooth_sigmoid_tail_a4_t0p2__ridge_alpha_10,smooth_sigmoid_tail_a4_t0p2,Scheme E: smooth_sigmoid_tail,threshold=-4; alpha=4; temperature=0.2,Ridge,10.0,10,10,10,1.0,0.11180223285486443,8.944365192582026,-3.1428347741694607,-3.1506262056909997
smooth_sigmoid_tail_a4_t0p2__ridge_alpha_10,smooth_sigmoid_tail_a4_t0p2,Scheme E: smooth_sigmoid_tail,threshold=-4; alpha=4; temperature=0.2,Ridge,10.0,25,25,25,1.0,0.11180223285486443,8.944365192582026,-3.3345091054330975,-3.312471038785365
smooth_sigmoid_tail_a4_t0p2__ridge_alpha_10,smooth_sigmoid_tail_a4_t0p2,Scheme E: smooth_sigmoid_tail,threshold=-4; alpha=4; temperature=0.2,Ridge,10.0,50,50,49,0.98,0.11180223285486443,8.765477888730386,-3.4471333468864054,-3.5323975662867095
smooth_sigmoid_tail_a4_t0p2__ridge_alpha_10,smooth_sigmoid_tail_a4_t0p2,Scheme E: smooth_sigmoid_tail,threshold=-4; alpha=4; temperature=0.2,Ridge,10.0,100,100,96,0.96,0.11180223285486443,8.586590584878744,-3.6188428011326232,-3.688246138944246
smooth_sigmoid_tail_a4_t0p2__ridge_alpha_10,smooth_sigmoid_tail_a4_t0p2,Scheme E: smooth_sigmoid_tail,threshold=-4; alpha=4; temperature=0.2,Ridge,10.0,200,200,172,0.86,0.11180223285486443,7.692154065620542,-3.7535907127761123,-3.772113295386327
smooth_sigmoid_tail_a4_t0p2__ridge_alpha_100,smooth_sigmoid_tail_a4_t0p2,Scheme E: smooth_sigmoid_tail,threshold=-4; alpha=4; temperature=0.2,Ridge,100.0,10,10,10,1.0,0.11180223285486443,8.944365192582026,-3.1428347741694607,-3.1506262056909997
smooth_sigmoid_tail_a4_t0p2__ridge_alpha_100,smooth_sigmoid_tail_a4_t0p2,Scheme E: smooth_sigmoid_tail,threshold=-4; alpha=4; temperature=0.2,Ridge,100.0,25,25,25,1.0,0.11180223285486443,8.944365192582026,-3.2488637817867043,-3.20690839982342
smooth_sigmoid_tail_a4_t0p2__ridge_alpha_100,smooth_sigmoid_tail_a4_t0p2,Scheme E: smooth_sigmoid_tail,threshold=-4; alpha=4; temperature=0.2,Ridge,100.0,50,50,48,0.96,0.11180223285486443,8.586590584878744,-3.48058681238575,-3.549750891680639
smooth_sigmoid_tail_a4_t0p2__ridge_alpha_100,smooth_sigmoid_tail_a4_t0p2,Scheme E: smooth_sigmoid_tail,threshold=-4; alpha=4; temperature=0.2,Ridge,100.0,100,100,96,0.96,0.11180223285486443,8.586590584878744,-3.611893841723057,-3.6645432575002697
smooth_sigmoid_tail_a4_t0p2__ridge_alpha_100,smooth_sigmoid_tail_a4_t0p2,Scheme E: smooth_sigmoid_tail,threshold=-4; alpha=4; temperature=0.2,Ridge,100.0,200,200,177,0.885,0.11180223285486443,7.915763195435093,-3.7442884541646198,-3.772113295386327
smooth_sigmoid_tail_a6_t0p05__ridge_alpha_0p01,smooth_sigmoid_tail_a6_t0p05,Scheme E: smooth_sigmoid_tail,threshold=-4; alpha=6; temperature=0.05,Ridge,0.01,10,10,10,1.0,0.11180223285486443,8.944365192582026,-3.1428347741694607,-3.1506262056909997
smooth_sigmoid_tail_a6_t0p05__ridge_alpha_0p01,smooth_sigmoid_tail_a6_t0p05,Scheme E: smooth_sigmoid_tail,threshold=-4; alpha=6; temperature=0.05,Ridge,0.01,25,25,25,1.0,0.11180223285486443,8.944365192582026,-3.3843286975784177,-3.431798275933005
smooth_sigmoid_tail_a6_t0p05__ridge_alpha_0p01,smooth_sigmoid_tail_a6_t0p05,Scheme E: smooth_sigmoid_tail,threshold=-4; alpha=6; temperature=0.05,Ridge,0.01,50,50,49,0.98,0.11180223285486443,8.765477888730386,-3.4723965414585805,-3.5398861442715357
smooth_sigmoid_tail_a6_t0p05__ridge_alpha_0p01,smooth_sigmoid_tail_a6_t0p05,Scheme E: smooth_sigmoid_tail,threshold=-4; alpha=6; temperature=0.05,Ridge,0.01,100,100,93,0.93,0.11180223285486443,8.318259629101284,-3.652188153875607,-3.718966632752272
smooth_sigmoid_tail_a6_t0p05__ridge_alpha_0p01,smooth_sigmoid_tail_a6_t0p05,Scheme E: smooth_sigmoid_tail,threshold=-4; alpha=6; temperature=0.05,Ridge,0.01,200,200,173,0.865,0.11180223285486443,7.736875891583453,-3.756680193625737,-3.774698412119372
smooth_sigmoid_tail_a6_t0p05__ridge_alpha_0p1,smooth_sigmoid_tail_a6_t0p05,Scheme E: smooth_sigmoid_tail,threshold=-4; alpha=6; temperature=0.05,Ridge,0.1,10,10,10,1.0,0.11180223285486443,8.944365192582026,-3.1428347741694607,-3.1506262056909997
smooth_sigmoid_tail_a6_t0p05__ridge_alpha_0p1,smooth_sigmoid_tail_a6_t0p05,Scheme E: smooth_sigmoid_tail,threshold=-4; alpha=6; temperature=0.05,Ridge,0.1,25,25,25,1.0,0.11180223285486443,8.944365192582026,-3.3843286975784177,-3.431798275933005
smooth_sigmoid_tail_a6_t0p05__ridge_alpha_0p1,smooth_sigmoid_tail_a6_t0p05,Scheme E: smooth_sigmoid_tail,threshold=-4; alpha=6; temperature=0.05,Ridge,0.1,50,50,49,0.98,0.11180223285486443,8.765477888730386,-3.472396541458581,-3.5398861442715357
smooth_sigmoid_tail_a6_t0p05__ridge_alpha_0p1,smooth_sigmoid_tail_a6_t0p05,Scheme E: smooth_sigmoid_tail,threshold=-4; alpha=6; temperature=0.05,Ridge,0.1,100,100,93,0.93,0.11180223285486443,8.318259629101284,-3.652188153875607,-3.718966632752272
smooth_sigmoid_tail_a6_t0p05__ridge_alpha_0p1,smooth_sigmoid_tail_a6_t0p05,Scheme E: smooth_sigmoid_tail,threshold=-4; alpha=6; temperature=0.05,Ridge,0.1,200,200,173,0.865,0.11180223285486443,7.736875891583453,-3.756680193625737,-3.774698412119372
smooth_sigmoid_tail_a6_t0p05__ridge_alpha_1,smooth_sigmoid_tail_a6_t0p05,Scheme E: smooth_sigmoid_tail,threshold=-4; alpha=6; temperature=0.05,Ridge,1.0,10,10,10,1.0,0.11180223285486443,8.944365192582026,-3.1428347741694607,-3.1506262056909997
smooth_sigmoid_tail_a6_t0p05__ridge_alpha_1,smooth_sigmoid_tail_a6_t0p05,Scheme E: smooth_sigmoid_tail,threshold=-4; alpha=6; temperature=0.05,Ridge,1.0,25,25,25,1.0,0.11180223285486443,8.944365192582026,-3.3843286975784177,-3.431798275933005
smooth_sigmoid_tail_a6_t0p05__ridge_alpha_1,smooth_sigmoid_tail_a6_t0p05,Scheme E: smooth_sigmoid_tail,threshold=-4; alpha=6; temperature=0.05,Ridge,1.0,50,50,49,0.98,0.11180223285486443,8.765477888730386,-3.4723965414585805,-3.5398861442715357
smooth_sigmoid_tail_a6_t0p05__ridge_alpha_1,smooth_sigmoid_tail_a6_t0p05,Scheme E: smooth_sigmoid_tail,threshold=-4; alpha=6; temperature=0.05,Ridge,1.0,100,100,93,0.93,0.11180223285486443,8.318259629101284,-3.6521881538756067,-3.718966632752272
smooth_sigmoid_tail_a6_t0p05__ridge_alpha_1,smooth_sigmoid_tail_a6_t0p05,Scheme E: smooth_sigmoid_tail,threshold=-4; alpha=6; temperature=0.05,Ridge,1.0,200,200,173,0.865,0.11180223285486443,7.736875891583453,-3.7566927819068434,-3.774698412119372
smooth_sigmoid_tail_a6_t0p05__ridge_alpha_10,smooth_sigmoid_tail_a6_t0p05,Scheme E: smooth_sigmoid_tail,threshold=-4; alpha=6; temperature=0.05,Ridge,10.0,10,10,10,1.0,0.11180223285486443,8.944365192582026,-3.1428347741694607,-3.1506262056909997
smooth_sigmoid_tail_a6_t0p05__ridge_alpha_10,smooth_sigmoid_tail_a6_t0p05,Scheme E: smooth_sigmoid_tail,threshold=-4; alpha=6; temperature=0.05,Ridge,10.0,25,25,25,1.0,0.11180223285486443,8.944365192582026,-3.269886474709419,-3.2652001704111533
smooth_sigmoid_tail_a6_t0p05__ridge_alpha_10,smooth_sigmoid_tail_a6_t0p05,Scheme E: smooth_sigmoid_tail,threshold=-4; alpha=6; temperature=0.05,Ridge,10.0,50,50,49,0.98,0.11180223285486443,8.765477888730386,-3.4667758741136265,-3.5398861442715357
smooth_sigmoid_tail_a6_t0p05__ridge_alpha_10,smooth_sigmoid_tail_a6_t0p05,Scheme E: smooth_sigmoid_tail,threshold=-4; alpha=6; temperature=0.05,Ridge,10.0,100,100,97,0.97,0.11180223285486443,8.676034236804565,-3.6234762344449023,-3.709965388637482
smooth_sigmoid_tail_a6_t0p05__ridge_alpha_10,smooth_sigmoid_tail_a6_t0p05,Scheme E: smooth_sigmoid_tail,threshold=-4; alpha=6; temperature=0.05,Ridge,10.0,200,200,175,0.875,0.11180223285486443,7.826319543509273,-3.7516661023655273,-3.772113295386327
smooth_sigmoid_tail_a6_t0p05__ridge_alpha_100,smooth_sigmoid_tail_a6_t0p05,Scheme E: smooth_sigmoid_tail,threshold=-4; alpha=6; temperature=0.05,Ridge,100.0,10,10,10,1.0,0.11180223285486443,8.944365192582026,-3.1428347741694607,-3.1506262056909997
smooth_sigmoid_tail_a6_t0p05__ridge_alpha_100,smooth_sigmoid_tail_a6_t0p05,Scheme E: smooth_sigmoid_tail,threshold=-4; alpha=6; temperature=0.05,Ridge,100.0,25,25,25,1.0,0.11180223285486443,8.944365192582026,-3.242378496192142,-3.20690839982342
smooth_sigmoid_tail_a6_t0p05__ridge_alpha_100,smooth_sigmoid_tail_a6_t0p05,Scheme E: smooth_sigmoid_tail,threshold=-4; alpha=6; temperature=0.05,Ridge,100.0,50,50,48,0.96,0.11180223285486443,8.586590584878744,-3.4737533947188526,-3.5474530158360644
smooth_sigmoid_tail_a6_t0p05__ridge_alpha_100,smooth_sigmoid_tail_a6_t0p05,Scheme E: smooth_sigmoid_tail,threshold=-4; alpha=6; temperature=0.05,Ridge,100.0,100,100,96,0.96,0.11180223285486443,8.586590584878744,-3.6135532145192526,-3.676896193896657
smooth_sigmoid_tail_a6_t0p05__ridge_alpha_100,smooth_sigmoid_tail_a6_t0p05,Scheme E: smooth_sigmoid_tail,threshold=-4; alpha=6; temperature=0.05,Ridge,100.0,200,200,175,0.875,0.11180223285486443,7.826319543509273,-3.75450339249864,-3.772113295386327
smooth_sigmoid_tail_a6_t0p1__ridge_alpha_0p01,smooth_sigmoid_tail_a6_t0p1,Scheme E: smooth_sigmoid_tail,threshold=-4; alpha=6; temperature=0.1,Ridge,0.01,10,10,10,1.0,0.11180223285486443,8.944365192582026,-3.1428347741694607,-3.1506262056909997
smooth_sigmoid_tail_a6_t0p1__ridge_alpha_0p01,smooth_sigmoid_tail_a6_t0p1,Scheme E: smooth_sigmoid_tail,threshold=-4; alpha=6; temperature=0.1,Ridge,0.01,25,25,25,1.0,0.11180223285486443,8.944365192582026,-3.3432219558464307,-3.312471038785365
smooth_sigmoid_tail_a6_t0p1__ridge_alpha_0p01,smooth_sigmoid_tail_a6_t0p1,Scheme E: smooth_sigmoid_tail,threshold=-4; alpha=6; temperature=0.1,Ridge,0.01,50,50,49,0.98,0.11180223285486443,8.765477888730386,-3.4675357804848552,-3.5398861442715357
smooth_sigmoid_tail_a6_t0p1__ridge_alpha_0p01,smooth_sigmoid_tail_a6_t0p1,Scheme E: smooth_sigmoid_tail,threshold=-4; alpha=6; temperature=0.1,Ridge,0.01,100,100,95,0.95,0.11180223285486443,8.497146932952925,-3.6313922576530877,-3.714466010694877
smooth_sigmoid_tail_a6_t0p1__ridge_alpha_0p01,smooth_sigmoid_tail_a6_t0p1,Scheme E: smooth_sigmoid_tail,threshold=-4; alpha=6; temperature=0.1,Ridge,0.01,200,200,174,0.87,0.11180223285486443,7.781597717546362,-3.7547715348964674,-3.772113295386327
smooth_sigmoid_tail_a6_t0p1__ridge_alpha_0p1,smooth_sigmoid_tail_a6_t0p1,Scheme E: smooth_sigmoid_tail,threshold=-4; alpha=6; temperature=0.1,Ridge,0.1,10,10,10,1.0,0.11180223285486443,8.944365192582026,-3.1428347741694607,-3.1506262056909997
smooth_sigmoid_tail_a6_t0p1__ridge_alpha_0p1,smooth_sigmoid_tail_a6_t0p1,Scheme E: smooth_sigmoid_tail,threshold=-4; alpha=6; temperature=0.1,Ridge,0.1,25,25,25,1.0,0.11180223285486443,8.944365192582026,-3.3432219558464307,-3.312471038785365
smooth_sigmoid_tail_a6_t0p1__ridge_alpha_0p1,smooth_sigmoid_tail_a6_t0p1,Scheme E: smooth_sigmoid_tail,threshold=-4; alpha=6; temperature=0.1,Ridge,0.1,50,50,49,0.98,0.11180223285486443,8.765477888730386,-3.4675357804848543,-3.5398861442715357
smooth_sigmoid_tail_a6_t0p1__ridge_alpha_0p1,smooth_sigmoid_tail_a6_t0p1,Scheme E: smooth_sigmoid_tail,threshold=-4; alpha=6; temperature=0.1,Ridge,0.1,100,100,95,0.95,0.11180223285486443,8.497146932952925,-3.6313922576530877,-3.714466010694877
smooth_sigmoid_tail_a6_t0p1__ridge_alpha_0p1,smooth_sigmoid_tail_a6_t0p1,Scheme E: smooth_sigmoid_tail,threshold=-4; alpha=6; temperature=0.1,Ridge,0.1,200,200,174,0.87,0.11180223285486443,7.781597717546362,-3.7547715348964674,-3.772113295386327
smooth_sigmoid_tail_a6_t0p1__ridge_alpha_1,smooth_sigmoid_tail_a6_t0p1,Scheme E: smooth_sigmoid_tail,threshold=-4; alpha=6; temperature=0.1,Ridge,1.0,10,10,10,1.0,0.11180223285486443,8.944365192582026,-3.1428347741694607,-3.1506262056909997
smooth_sigmoid_tail_a6_t0p1__ridge_alpha_1,smooth_sigmoid_tail_a6_t0p1,Scheme E: smooth_sigmoid_tail,threshold=-4; alpha=6; temperature=0.1,Ridge,1.0,25,25,25,1.0,0.11180223285486443,8.944365192582026,-3.3432219558464307,-3.312471038785365
smooth_sigmoid_tail_a6_t0p1__ridge_alpha_1,smooth_sigmoid_tail_a6_t0p1,Scheme E: smooth_sigmoid_tail,threshold=-4; alpha=6; temperature=0.1,Ridge,1.0,50,50,49,0.98,0.11180223285486443,8.765477888730386,-3.4675357804848552,-3.5398861442715357
smooth_sigmoid_tail_a6_t0p1__ridge_alpha_1,smooth_sigmoid_tail_a6_t0p1,Scheme E: smooth_sigmoid_tail,threshold=-4; alpha=6; temperature=0.1,Ridge,1.0,100,100,96,0.96,0.11180223285486443,8.586590584878744,-3.627207640894922,-3.709965388637482
smooth_sigmoid_tail_a6_t0p1__ridge_alpha_1,smooth_sigmoid_tail_a6_t0p1,Scheme E: smooth_sigmoid_tail,threshold=-4; alpha=6; temperature=0.1,Ridge,1.0,200,200,174,0.87,0.11180223285486443,7.781597717546362,-3.7558558189167623,-3.7734020068302323
smooth_sigmoid_tail_a6_t0p1__ridge_alpha_10,smooth_sigmoid_tail_a6_t0p1,Scheme E: smooth_sigmoid_tail,threshold=-4; alpha=6; temperature=0.1,Ridge,10.0,10,10,10,1.0,0.11180223285486443,8.944365192582026,-3.1428347741694607,-3.1506262056909997
smooth_sigmoid_tail_a6_t0p1__ridge_alpha_10,smooth_sigmoid_tail_a6_t0p1,Scheme E: smooth_sigmoid_tail,threshold=-4; alpha=6; temperature=0.1,Ridge,10.0,25,25,25,1.0,0.11180223285486443,8.944365192582026,-3.2663042914943747,-3.2652001704111533
smooth_sigmoid_tail_a6_t0p1__ridge_alpha_10,smooth_sigmoid_tail_a6_t0p1,Scheme E: smooth_sigmoid_tail,threshold=-4; alpha=6; temperature=0.1,Ridge,10.0,50,50,49,0.98,0.11180223285486443,8.765477888730386,-3.466775874113626,-3.5398861442715357
smooth_sigmoid_tail_a6_t0p1__ridge_alpha_10,smooth_sigmoid_tail_a6_t0p1,Scheme E: smooth_sigmoid_tail,threshold=-4; alpha=6; temperature=0.1,Ridge,10.0,100,100,96,0.96,0.11180223285486443,8.586590584878744,-3.6239313386231853,-3.6991057637908638
smooth_sigmoid_tail_a6_t0p1__ridge_alpha_10,smooth_sigmoid_tail_a6_t0p1,Scheme E: smooth_sigmoid_tail,threshold=-4; alpha=6; temperature=0.1,Ridge,10.0,200,200,176,0.88,0.11180223285486443,7.871041369472183,-3.7516319745043223,-3.772113295386327
smooth_sigmoid_tail_a6_t0p1__ridge_alpha_100,smooth_sigmoid_tail_a6_t0p1,Scheme E: smooth_sigmoid_tail,threshold=-4; alpha=6; temperature=0.1,Ridge,100.0,10,10,10,1.0,0.11180223285486443,8.944365192582026,-3.1428347741694607,-3.1506262056909997
smooth_sigmoid_tail_a6_t0p1__ridge_alpha_100,smooth_sigmoid_tail_a6_t0p1,Scheme E: smooth_sigmoid_tail,threshold=-4; alpha=6; temperature=0.1,Ridge,100.0,25,25,25,1.0,0.11180223285486443,8.944365192582026,-3.2459188750314074,-3.20690839982342
smooth_sigmoid_tail_a6_t0p1__ridge_alpha_100,smooth_sigmoid_tail_a6_t0p1,Scheme E: smooth_sigmoid_tail,threshold=-4; alpha=6; temperature=0.1,Ridge,100.0,50,50,48,0.96,0.11180223285486443,8.586590584878744,-3.4714893880521114,-3.5398861442715357
smooth_sigmoid_tail_a6_t0p1__ridge_alpha_100,smooth_sigmoid_tail_a6_t0p1,Scheme E: smooth_sigmoid_tail,threshold=-4; alpha=6; temperature=0.1,Ridge,100.0,100,100,96,0.96,0.11180223285486443,8.586590584878744,-3.6137939289198426,-3.676896193896657
smooth_sigmoid_tail_a6_t0p1__ridge_alpha_100,smooth_sigmoid_tail_a6_t0p1,Scheme E: smooth_sigmoid_tail,threshold=-4; alpha=6; temperature=0.1,Ridge,100.0,200,200,174,0.87,0.11180223285486443,7.781597717546362,-3.754003620179658,-3.772113295386327
smooth_sigmoid_tail_a6_t0p2__ridge_alpha_0p01,smooth_sigmoid_tail_a6_t0p2,Scheme E: smooth_sigmoid_tail,threshold=-4; alpha=6; temperature=0.2,Ridge,0.01,10,10,10,1.0,0.11180223285486443,8.944365192582026,-3.1428347741694607,-3.1506262056909997
smooth_sigmoid_tail_a6_t0p2__ridge_alpha_0p01,smooth_sigmoid_tail_a6_t0p2,Scheme E: smooth_sigmoid_tail,threshold=-4; alpha=6; temperature=0.2,Ridge,0.01,25,25,25,1.0,0.11180223285486443,8.944365192582026,-3.334509105433098,-3.312471038785365
smooth_sigmoid_tail_a6_t0p2__ridge_alpha_0p01,smooth_sigmoid_tail_a6_t0p2,Scheme E: smooth_sigmoid_tail,threshold=-4; alpha=6; temperature=0.2,Ridge,0.01,50,50,49,0.98,0.11180223285486443,8.765477888730386,-3.4685826045136987,-3.5398861442715357
smooth_sigmoid_tail_a6_t0p2__ridge_alpha_0p01,smooth_sigmoid_tail_a6_t0p2,Scheme E: smooth_sigmoid_tail,threshold=-4; alpha=6; temperature=0.2,Ridge,0.01,100,100,96,0.96,0.11180223285486443,8.586590584878744,-3.6271114780145455,-3.709965388637482
smooth_sigmoid_tail_a6_t0p2__ridge_alpha_0p01,smooth_sigmoid_tail_a6_t0p2,Scheme E: smooth_sigmoid_tail,threshold=-4; alpha=6; temperature=0.2,Ridge,0.01,200,200,172,0.86,0.11180223285486443,7.692154065620542,-3.7511539756795047,-3.772113295386327
smooth_sigmoid_tail_a6_t0p2__ridge_alpha_0p1,smooth_sigmoid_tail_a6_t0p2,Scheme E: smooth_sigmoid_tail,threshold=-4; alpha=6; temperature=0.2,Ridge,0.1,10,10,10,1.0,0.11180223285486443,8.944365192582026,-3.1428347741694607,-3.1506262056909997
smooth_sigmoid_tail_a6_t0p2__ridge_alpha_0p1,smooth_sigmoid_tail_a6_t0p2,Scheme E: smooth_sigmoid_tail,threshold=-4; alpha=6; temperature=0.2,Ridge,0.1,25,25,25,1.0,0.11180223285486443,8.944365192582026,-3.3345091054330975,-3.312471038785365
smooth_sigmoid_tail_a6_t0p2__ridge_alpha_0p1,smooth_sigmoid_tail_a6_t0p2,Scheme E: smooth_sigmoid_tail,threshold=-4; alpha=6; temperature=0.2,Ridge,0.1,50,50,49,0.98,0.11180223285486443,8.765477888730386,-3.4685826045136987,-3.5398861442715357
smooth_sigmoid_tail_a6_t0p2__ridge_alpha_0p1,smooth_sigmoid_tail_a6_t0p2,Scheme E: smooth_sigmoid_tail,threshold=-4; alpha=6; temperature=0.2,Ridge,0.1,100,100,96,0.96,0.11180223285486443,8.586590584878744,-3.6271114780145464,-3.709965388637482
smooth_sigmoid_tail_a6_t0p2__ridge_alpha_0p1,smooth_sigmoid_tail_a6_t0p2,Scheme E: smooth_sigmoid_tail,threshold=-4; alpha=6; temperature=0.2,Ridge,0.1,200,200,172,0.86,0.11180223285486443,7.692154065620542,-3.7511539756795047,-3.772113295386327
smooth_sigmoid_tail_a6_t0p2__ridge_alpha_1,smooth_sigmoid_tail_a6_t0p2,Scheme E: smooth_sigmoid_tail,threshold=-4; alpha=6; temperature=0.2,Ridge,1.0,10,10,10,1.0,0.11180223285486443,8.944365192582026,-3.1428347741694607,-3.1506262056909997
smooth_sigmoid_tail_a6_t0p2__ridge_alpha_1,smooth_sigmoid_tail_a6_t0p2,Scheme E: smooth_sigmoid_tail,threshold=-4; alpha=6; temperature=0.2,Ridge,1.0,25,25,25,1.0,0.11180223285486443,8.944365192582026,-3.3345091054330975,-3.312471038785365
smooth_sigmoid_tail_a6_t0p2__ridge_alpha_1,smooth_sigmoid_tail_a6_t0p2,Scheme E: smooth_sigmoid_tail,threshold=-4; alpha=6; temperature=0.2,Ridge,1.0,50,50,49,0.98,0.11180223285486443,8.765477888730386,-3.468582604513699,-3.5398861442715357
smooth_sigmoid_tail_a6_t0p2__ridge_alpha_1,smooth_sigmoid_tail_a6_t0p2,Scheme E: smooth_sigmoid_tail,threshold=-4; alpha=6; temperature=0.2,Ridge,1.0,100,100,96,0.96,0.11180223285486443,8.586590584878744,-3.6271114780145464,-3.709965388637482
smooth_sigmoid_tail_a6_t0p2__ridge_alpha_1,smooth_sigmoid_tail_a6_t0p2,Scheme E: smooth_sigmoid_tail,threshold=-4; alpha=6; temperature=0.2,Ridge,1.0,200,200,172,0.86,0.11180223285486443,7.692154065620542,-3.7511999692502616,-3.772113295386327
smooth_sigmoid_tail_a6_t0p2__ridge_alpha_10,smooth_sigmoid_tail_a6_t0p2,Scheme E: smooth_sigmoid_tail,threshold=-4; alpha=6; temperature=0.2,Ridge,10.0,10,10,10,1.0,0.11180223285486443,8.944365192582026,-3.1428347741694607,-3.1506262056909997
smooth_sigmoid_tail_a6_t0p2__ridge_alpha_10,smooth_sigmoid_tail_a6_t0p2,Scheme E: smooth_sigmoid_tail,threshold=-4; alpha=6; temperature=0.2,Ridge,10.0,25,25,25,1.0,0.11180223285486443,8.944365192582026,-3.3345091054330975,-3.312471038785365
smooth_sigmoid_tail_a6_t0p2__ridge_alpha_10,smooth_sigmoid_tail_a6_t0p2,Scheme E: smooth_sigmoid_tail,threshold=-4; alpha=6; temperature=0.2,Ridge,10.0,50,50,49,0.98,0.11180223285486443,8.765477888730386,-3.447133346886405,-3.5323975662867095
smooth_sigmoid_tail_a6_t0p2__ridge_alpha_10,smooth_sigmoid_tail_a6_t0p2,Scheme E: smooth_sigmoid_tail,threshold=-4; alpha=6; temperature=0.2,Ridge,10.0,100,100,96,0.96,0.11180223285486443,8.586590584878744,-3.6262197525378266,-3.6991057637908638
smooth_sigmoid_tail_a6_t0p2__ridge_alpha_10,smooth_sigmoid_tail_a6_t0p2,Scheme E: smooth_sigmoid_tail,threshold=-4; alpha=6; temperature=0.2,Ridge,10.0,200,200,174,0.87,0.11180223285486443,7.781597717546362,-3.7517392041199273,-3.772113295386327
smooth_sigmoid_tail_a6_t0p2__ridge_alpha_100,smooth_sigmoid_tail_a6_t0p2,Scheme E: smooth_sigmoid_tail,threshold=-4; alpha=6; temperature=0.2,Ridge,100.0,10,10,10,1.0,0.11180223285486443,8.944365192582026,-3.1428347741694607,-3.1506262056909997
smooth_sigmoid_tail_a6_t0p2__ridge_alpha_100,smooth_sigmoid_tail_a6_t0p2,Scheme E: smooth_sigmoid_tail,threshold=-4; alpha=6; temperature=0.2,Ridge,100.0,25,25,25,1.0,0.11180223285486443,8.944365192582026,-3.2488637817867048,-3.20690839982342
smooth_sigmoid_tail_a6_t0p2__ridge_alpha_100,smooth_sigmoid_tail_a6_t0p2,Scheme E: smooth_sigmoid_tail,threshold=-4; alpha=6; temperature=0.2,Ridge,100.0,50,50,48,0.96,0.11180223285486443,8.586590584878744,-3.480052611066155,-3.5474530158360644
smooth_sigmoid_tail_a6_t0p2__ridge_alpha_100,smooth_sigmoid_tail_a6_t0p2,Scheme E: smooth_sigmoid_tail,threshold=-4; alpha=6; temperature=0.2,Ridge,100.0,100,100,96,0.96,0.11180223285486443,8.586590584878744,-3.6124447243218363,-3.676896193896657
smooth_sigmoid_tail_a6_t0p2__ridge_alpha_100,smooth_sigmoid_tail_a6_t0p2,Scheme E: smooth_sigmoid_tail,threshold=-4; alpha=6; temperature=0.2,Ridge,100.0,200,200,177,0.885,0.11180223285486443,7.915763195435093,-3.7453397669317816,-3.772113295386327
